[2025-06-05 18:19:16,436] [INFO] [real_accelerator.py:158:get_accelerator] Setting ds_accelerator to cuda (auto detect)
[2025-06-05 18:19:20,176] [INFO] [comm.py:637:init_distributed] cdb=None
[2025-06-05 18:19:20,176] [INFO] [comm.py:668:init_distributed] Initializing TorchBackend in DeepSpeed with backend nccl
{'model_name_or_path': 'facebook/galactica-125m', 'tokenizer_name_or_path': 'facebook/galactica-125m', 'model_dir': 'ppo_paper_final_new/_models_outputs_sft_small/gsm8k_python_sdp_galactica_125m_08/', 'train_file': 'data/gsm8k_python_sdp.json', 'test_file': 'data/gsm8k_test_set.json', 'batch_size': 4, 'eval_batch_size': 8, 'n_epochs': 40, 'num_workers': 8, 'learning_rate': 2e-05, 'weight_decay': 0.0, 'warmup_step': None, 'clip_grad_norm': 1.0, 'evaluating_epoch_freq': 1, 'logging_epoch_freq': 1, 'saving_epoch_freq': 1, 'evaluating_step_freq': None, 'logging_step_freq': 10, 'saving_step_freq': None, 'seed': 42, 'max_input_length': 1024, 'gradient_accumulation_steps': 1, 'keep_num_ckpt': 40, 'wandb_log': True, 'wandb_project': 'ReFT_small', 'wandb_run_name': 'gsm8k_python_sdp_galactica_125m_08', 'engine': 'python'}
{
  "model_name_or_path": "facebook/galactica-125m",
  "tokenizer_name_or_path": "facebook/galactica-125m",
  "model_dir": "ppo_paper_final_new/_models_outputs_sft_small/gsm8k_python_sdp_galactica_125m_08/",
  "train_file": "data/gsm8k_python_sdp.json",
  "test_file": "data/gsm8k_test_set.json",
  "batch_size": 4,
  "eval_batch_size": 8,
  "n_epochs": 40,
  "num_workers": 8,
  "learning_rate": 2e-05,
  "weight_decay": 0.0,
  "warmup_step": null,
  "clip_grad_norm": 1.0,
  "evaluating_epoch_freq": 1,
  "logging_epoch_freq": 1,
  "saving_epoch_freq": 1,
  "evaluating_step_freq": null,
  "logging_step_freq": 10,
  "saving_step_freq": null,
  "seed": 42,
  "max_input_length": 1024,
  "gradient_accumulation_steps": 1,
  "keep_num_ckpt": 40,
  "wandb_log": true,
  "wandb_project": "ReFT_small",
  "wandb_run_name": "gsm8k_python_sdp_galactica_125m_08",
  "engine": "python"
}
WandB initialized with project: ReFT_small, run_name: gsm8k_python_sdp_galactica_125m_08
Raw data: DatasetDict({
    train: Dataset({
        features: ['item_id', 'question', 'answer_cot', 'answer_value'],
        num_rows: 7356
    })
    test: Dataset({
        features: ['item_id', 'question', 'answer_value'],
        num_rows: 1319
    })
})
Using instruction: Question:

Using cot_trigger: 
Answer reasoning:

Using answer_trigger: 
Therefore, the answer is: 
Processed data: DatasetDict({
    train: Dataset({
        features: ['item_id', 'question', 'answer_cot', 'answer_value', 'input_ids', 'labels', 'attention_mask', 'prefix', 'prefix_attention_mask', 'input_ids_max_length'],
        num_rows: 7356
    })
    test: Dataset({
        features: ['item_id', 'question', 'answer_value', 'input_ids', 'labels', 'attention_mask', 'prefix', 'prefix_attention_mask', 'answer_cot', 'input_ids_max_length'],
        num_rows: 1319
    })
})
train train_input_ids_max_length 780
test test_input_ids_max_length 200
[Vocab size]: 50000
***** Running training *****
  Num examples = 7356
  Num Epochs = 40
  Instantaneous batch size per device = 4
  Total train batch size (w. parallel, distributed & accumulation) = 4
  Total optimization steps = 73560
  Warm up step: 7356
  Learning rate: 2e-05

[2025-06-05 18:19:33,625] [INFO] [logging.py:96:log_dist] [Rank 0] DeepSpeed info: version=0.11.1, git-hash=unknown, git-branch=unknown
[2025-06-05 18:19:33,846] [INFO] [logging.py:96:log_dist] [Rank 0] DeepSpeed Flops Profiler Enabled: False
[2025-06-05 18:19:33,847] [INFO] [logging.py:96:log_dist] [Rank 0] Using client Optimizer as basic optimizer
[2025-06-05 18:19:33,848] [INFO] [logging.py:96:log_dist] [Rank 0] Removing param_group that has no 'params' in the basic Optimizer
[2025-06-05 18:19:33,854] [INFO] [logging.py:96:log_dist] [Rank 0] DeepSpeed Basic Optimizer = AdamW
[2025-06-05 18:19:33,854] [INFO] [utils.py:56:is_zero_supported_optimizer] Checking ZeRO support for optimizer=AdamW type=<class 'transformers.optimization.AdamW'>
[2025-06-05 18:19:33,854] [WARNING] [engine.py:1150:_do_optimizer_sanity_check] **** You are using ZeRO with an untested optimizer, proceed with caution *****
[2025-06-05 18:19:33,855] [INFO] [logging.py:96:log_dist] [Rank 0] Creating torch.float16 ZeRO stage 2 optimizer
[2025-06-05 18:19:33,855] [INFO] [stage_1_and_2.py:146:__init__] Reduce bucket size 500,000,000
[2025-06-05 18:19:33,855] [INFO] [stage_1_and_2.py:147:__init__] Allgather bucket size 500,000,000
[2025-06-05 18:19:33,855] [INFO] [stage_1_and_2.py:148:__init__] CPU Offload: False
[2025-06-05 18:19:33,855] [INFO] [stage_1_and_2.py:149:__init__] Round robin gradient partitioning: False
[2025-06-05 18:19:34,337] [INFO] [utils.py:802:see_memory_usage] Before initializing optimizer states
[2025-06-05 18:19:34,338] [INFO] [utils.py:803:see_memory_usage] MA 0.7 GB         Max_MA 0.7 GB         CA 0.7 GB         Max_CA 1 GB 
[2025-06-05 18:19:34,339] [INFO] [utils.py:810:see_memory_usage] CPU Virtual Memory:  used = 133.3 GB, percent = 8.8%
[2025-06-05 18:19:34,494] [INFO] [utils.py:802:see_memory_usage] After initializing optimizer states
[2025-06-05 18:19:34,495] [INFO] [utils.py:803:see_memory_usage] MA 1.63 GB         Max_MA 2.56 GB         CA 2.57 GB         Max_CA 3 GB 
[2025-06-05 18:19:34,495] [INFO] [utils.py:810:see_memory_usage] CPU Virtual Memory:  used = 133.3 GB, percent = 8.8%
[2025-06-05 18:19:34,496] [INFO] [stage_1_and_2.py:513:__init__] optimizer state initialized
[2025-06-05 18:19:34,648] [INFO] [utils.py:802:see_memory_usage] After initializing ZeRO optimizer
[2025-06-05 18:19:34,649] [INFO] [utils.py:803:see_memory_usage] MA 1.63 GB         Max_MA 1.63 GB         CA 2.57 GB         Max_CA 3 GB 
[2025-06-05 18:19:34,649] [INFO] [utils.py:810:see_memory_usage] CPU Virtual Memory:  used = 133.3 GB, percent = 8.8%
[2025-06-05 18:19:34,655] [INFO] [logging.py:96:log_dist] [Rank 0] DeepSpeed Final Optimizer = AdamW
[2025-06-05 18:19:34,656] [INFO] [logging.py:96:log_dist] [Rank 0] DeepSpeed using client LR scheduler
[2025-06-05 18:19:34,656] [INFO] [logging.py:96:log_dist] [Rank 0] DeepSpeed LR Scheduler = None
[2025-06-05 18:19:34,656] [INFO] [logging.py:96:log_dist] [Rank 0] step=0, skipped=0, lr=[0.0, 0.0], mom=[(0.9, 0.999), (0.9, 0.999)]
[2025-06-05 18:19:34,657] [INFO] [config.py:968:print] DeepSpeedEngine configuration:
[2025-06-05 18:19:34,657] [INFO] [config.py:972:print]   activation_checkpointing_config  {
    "partition_activations": false, 
    "contiguous_memory_optimization": false, 
    "cpu_checkpointing": false, 
    "number_checkpoints": null, 
    "synchronize_checkpoint_boundary": false, 
    "profile": false
}
[2025-06-05 18:19:34,657] [INFO] [config.py:972:print]   aio_config ................... {'block_size': 1048576, 'queue_depth': 8, 'thread_count': 1, 'single_submit': False, 'overlap_events': True}
[2025-06-05 18:19:34,658] [INFO] [config.py:972:print]   amp_enabled .................. False
[2025-06-05 18:19:34,658] [INFO] [config.py:972:print]   amp_params ................... False
[2025-06-05 18:19:34,658] [INFO] [config.py:972:print]   autotuning_config ............ {
    "enabled": false, 
    "start_step": null, 
    "end_step": null, 
    "metric_path": null, 
    "arg_mappings": null, 
    "metric": "throughput", 
    "model_info": null, 
    "results_dir": "autotuning_results", 
    "exps_dir": "autotuning_exps", 
    "overwrite": true, 
    "fast": true, 
    "start_profile_step": 3, 
    "end_profile_step": 5, 
    "tuner_type": "gridsearch", 
    "tuner_early_stopping": 5, 
    "tuner_num_trials": 50, 
    "model_info_path": null, 
    "mp_size": 1, 
    "max_train_batch_size": null, 
    "min_train_batch_size": 1, 
    "max_train_micro_batch_size_per_gpu": 1.024000e+03, 
    "min_train_micro_batch_size_per_gpu": 1, 
    "num_tuning_micro_batch_sizes": 3
}
[2025-06-05 18:19:34,658] [INFO] [config.py:972:print]   bfloat16_enabled ............. False
[2025-06-05 18:19:34,658] [INFO] [config.py:972:print]   checkpoint_parallel_write_pipeline  False
[2025-06-05 18:19:34,659] [INFO] [config.py:972:print]   checkpoint_tag_validation_enabled  True
[2025-06-05 18:19:34,659] [INFO] [config.py:972:print]   checkpoint_tag_validation_fail  False
[2025-06-05 18:19:34,659] [INFO] [config.py:972:print]   comms_config ................. <deepspeed.comm.config.DeepSpeedCommsConfig object at 0x14cf1b36d570>
[2025-06-05 18:19:34,659] [INFO] [config.py:972:print]   communication_data_type ...... None
[2025-06-05 18:19:34,659] [INFO] [config.py:972:print]   compression_config ........... {'weight_quantization': {'shared_parameters': {'enabled': False, 'quantizer_kernel': False, 'schedule_offset': 0, 'quantize_groups': 1, 'quantize_verbose': False, 'quantization_type': 'symmetric', 'quantize_weight_in_forward': False, 'rounding': 'nearest', 'fp16_mixed_quantize': False, 'quantize_change_ratio': 0.001}, 'different_groups': {}}, 'activation_quantization': {'shared_parameters': {'enabled': False, 'quantization_type': 'symmetric', 'range_calibration': 'dynamic', 'schedule_offset': 1000}, 'different_groups': {}}, 'sparse_pruning': {'shared_parameters': {'enabled': False, 'method': 'l1', 'schedule_offset': 1000}, 'different_groups': {}}, 'row_pruning': {'shared_parameters': {'enabled': False, 'method': 'l1', 'schedule_offset': 1000}, 'different_groups': {}}, 'head_pruning': {'shared_parameters': {'enabled': False, 'method': 'topk', 'schedule_offset': 1000}, 'different_groups': {}}, 'channel_pruning': {'shared_parameters': {'enabled': False, 'method': 'l1', 'schedule_offset': 1000}, 'different_groups': {}}, 'layer_reduction': {'enabled': False}}
[2025-06-05 18:19:34,659] [INFO] [config.py:972:print]   curriculum_enabled_legacy .... False
[2025-06-05 18:19:34,660] [INFO] [config.py:972:print]   curriculum_params_legacy ..... False
[2025-06-05 18:19:34,660] [INFO] [config.py:972:print]   data_efficiency_config ....... {'enabled': False, 'seed': 1234, 'data_sampling': {'enabled': False, 'num_epochs': 1000, 'num_workers': 0, 'curriculum_learning': {'enabled': False}}, 'data_routing': {'enabled': False, 'random_ltd': {'enabled': False, 'layer_token_lr_schedule': {'enabled': False}}}}
[2025-06-05 18:19:34,660] [INFO] [config.py:972:print]   data_efficiency_enabled ...... False
[2025-06-05 18:19:34,660] [INFO] [config.py:972:print]   dataloader_drop_last ......... False
[2025-06-05 18:19:34,660] [INFO] [config.py:972:print]   disable_allgather ............ False
[2025-06-05 18:19:34,660] [INFO] [config.py:972:print]   dump_state ................... False
[2025-06-05 18:19:34,660] [INFO] [config.py:972:print]   dynamic_loss_scale_args ...... None
[2025-06-05 18:19:34,661] [INFO] [config.py:972:print]   eigenvalue_enabled ........... False
[2025-06-05 18:19:34,661] [INFO] [config.py:972:print]   eigenvalue_gas_boundary_resolution  1
[2025-06-05 18:19:34,661] [INFO] [config.py:972:print]   eigenvalue_layer_name ........ bert.encoder.layer
[2025-06-05 18:19:34,661] [INFO] [config.py:972:print]   eigenvalue_layer_num ......... 0
[2025-06-05 18:19:34,661] [INFO] [config.py:972:print]   eigenvalue_max_iter .......... 100
[2025-06-05 18:19:34,661] [INFO] [config.py:972:print]   eigenvalue_stability ......... 1e-06
[2025-06-05 18:19:34,662] [INFO] [config.py:972:print]   eigenvalue_tol ............... 0.01
[2025-06-05 18:19:34,662] [INFO] [config.py:972:print]   eigenvalue_verbose ........... False
[2025-06-05 18:19:34,662] [INFO] [config.py:972:print]   elasticity_enabled ........... False
[2025-06-05 18:19:34,662] [INFO] [config.py:972:print]   flops_profiler_config ........ {
    "enabled": false, 
    "recompute_fwd_factor": 0.0, 
    "profile_step": 1, 
    "module_depth": -1, 
    "top_modules": 1, 
    "detailed": true, 
    "output_file": null
}
[2025-06-05 18:19:34,662] [INFO] [config.py:972:print]   fp16_auto_cast ............... True
[2025-06-05 18:19:34,663] [INFO] [config.py:972:print]   fp16_enabled ................. True
[2025-06-05 18:19:34,663] [INFO] [config.py:972:print]   fp16_master_weights_and_gradients  False
[2025-06-05 18:19:34,663] [INFO] [config.py:972:print]   global_rank .................. 0
[2025-06-05 18:19:34,663] [INFO] [config.py:972:print]   grad_accum_dtype ............. None
[2025-06-05 18:19:34,663] [INFO] [config.py:972:print]   gradient_accumulation_steps .. 1
[2025-06-05 18:19:34,663] [INFO] [config.py:972:print]   gradient_clipping ............ 1.0
[2025-06-05 18:19:34,663] [INFO] [config.py:972:print]   gradient_predivide_factor .... 1.0
[2025-06-05 18:19:34,664] [INFO] [config.py:972:print]   hybrid_engine ................ enabled=False max_out_tokens=512 inference_tp_size=1 release_inference_cache=False pin_parameters=True tp_gather_partition_size=8
[2025-06-05 18:19:34,664] [INFO] [config.py:972:print]   initial_dynamic_scale ........ 65536
[2025-06-05 18:19:34,664] [INFO] [config.py:972:print]   load_universal_checkpoint .... False
[2025-06-05 18:19:34,664] [INFO] [config.py:972:print]   loss_scale ................... 0
[2025-06-05 18:19:34,664] [INFO] [config.py:972:print]   memory_breakdown ............. False
[2025-06-05 18:19:34,664] [INFO] [config.py:972:print]   mics_hierarchial_params_gather  False
[2025-06-05 18:19:34,665] [INFO] [config.py:972:print]   mics_shard_size .............. -1
[2025-06-05 18:19:34,665] [INFO] [config.py:972:print]   monitor_config ............... tensorboard=TensorBoardConfig(enabled=False, output_path='', job_name='DeepSpeedJobName') wandb=WandbConfig(enabled=False, group=None, team=None, project='deepspeed') csv_monitor=CSVConfig(enabled=False, output_path='', job_name='DeepSpeedJobName') enabled=False
[2025-06-05 18:19:34,665] [INFO] [config.py:972:print]   nebula_config ................ {
    "enabled": false, 
    "persistent_storage_path": null, 
    "persistent_time_interval": 100, 
    "num_of_version_in_retention": 2, 
    "enable_nebula_load": true, 
    "load_path": null
}
[2025-06-05 18:19:34,665] [INFO] [config.py:972:print]   optimizer_legacy_fusion ...... False
[2025-06-05 18:19:34,665] [INFO] [config.py:972:print]   optimizer_name ............... None
[2025-06-05 18:19:34,665] [INFO] [config.py:972:print]   optimizer_params ............. None
[2025-06-05 18:19:34,666] [INFO] [config.py:972:print]   pipeline ..................... {'stages': 'auto', 'partition': 'best', 'seed_layers': False, 'activation_checkpoint_interval': 0}
[2025-06-05 18:19:34,666] [INFO] [config.py:972:print]   pld_enabled .................. False
[2025-06-05 18:19:34,666] [INFO] [config.py:972:print]   pld_params ................... False
[2025-06-05 18:19:34,666] [INFO] [config.py:972:print]   prescale_gradients ........... False
[2025-06-05 18:19:34,666] [INFO] [config.py:972:print]   scheduler_name ............... None
[2025-06-05 18:19:34,666] [INFO] [config.py:972:print]   scheduler_params ............. None
[2025-06-05 18:19:34,666] [INFO] [config.py:972:print]   sparse_attention ............. None
[2025-06-05 18:19:34,666] [INFO] [config.py:972:print]   sparse_gradients_enabled ..... False
[2025-06-05 18:19:34,667] [INFO] [config.py:972:print]   steps_per_print .............. inf
[2025-06-05 18:19:34,667] [INFO] [config.py:972:print]   train_batch_size ............. 4
[2025-06-05 18:19:34,667] [INFO] [config.py:972:print]   train_micro_batch_size_per_gpu  4
[2025-06-05 18:19:34,667] [INFO] [config.py:972:print]   use_node_local_storage ....... False
[2025-06-05 18:19:34,667] [INFO] [config.py:972:print]   wall_clock_breakdown ......... False
[2025-06-05 18:19:34,667] [INFO] [config.py:972:print]   weight_quantization_config ... None
[2025-06-05 18:19:34,667] [INFO] [config.py:972:print]   world_size ................... 1
[2025-06-05 18:19:34,667] [INFO] [config.py:972:print]   zero_allow_untested_optimizer  True
[2025-06-05 18:19:34,668] [INFO] [config.py:972:print]   zero_config .................. stage=2 contiguous_gradients=True reduce_scatter=True reduce_bucket_size=500,000,000 allgather_partitions=True allgather_bucket_size=500,000,000 overlap_comm=False load_from_fp32_weights=True elastic_checkpoint=False offload_param=DeepSpeedZeroOffloadParamConfig(device='none', nvme_path=None, buffer_count=5, buffer_size=100,000,000, max_in_cpu=1,000,000,000, pin_memory=False) offload_optimizer=DeepSpeedZeroOffloadOptimizerConfig(device='none', nvme_path=None, buffer_count=4, pin_memory=False, pipeline=False, pipeline_read=False, pipeline_write=False, fast_init=False) sub_group_size=1,000,000,000 cpu_offload_param=None cpu_offload_use_pin_memory=None cpu_offload=None prefetch_bucket_size=50,000,000 param_persistence_threshold=100,000 model_persistence_threshold=sys.maxsize max_live_parameters=1,000,000,000 max_reuse_distance=1,000,000,000 gather_16bit_weights_on_model_save=False stage3_gather_fp16_weights_on_model_save=False ignore_unused_parameters=True legacy_stage1=False round_robin_gradients=False zero_hpz_partition_size=1 zero_quantized_weights=False zero_quantized_nontrainable_weights=False zero_quantized_gradients=False mics_shard_size=-1 mics_hierarchical_params_gather=False memory_efficient_linear=True pipeline_loading_checkpoint=False override_module_apply=True
[2025-06-05 18:19:34,668] [INFO] [config.py:972:print]   zero_enabled ................. True
[2025-06-05 18:19:34,668] [INFO] [config.py:972:print]   zero_force_ds_cpu_optimizer .. True
[2025-06-05 18:19:34,668] [INFO] [config.py:972:print]   zero_optimization_stage ...... 2
[2025-06-05 18:19:34,668] [INFO] [config.py:958:print_user_config]   json = {
    "train_batch_size": 4, 
    "train_micro_batch_size_per_gpu": 4, 
    "gradient_accumulation_steps": 1, 
    "zero_optimization": {
        "stage": 2, 
        "offload_optimizer": {
            "device": "none", 
            "nvme_path": null
        }, 
        "offload_param": {
            "device": "none", 
            "nvme_path": null
        }, 
        "stage3_gather_16bit_weights_on_model_save": false
    }, 
    "gradient_clipping": 1.0, 
    "steps_per_print": inf, 
    "fp16": {
        "enabled": true, 
        "auto_cast": true
    }, 
    "bf16": {
        "enabled": false
    }, 
    "zero_allow_untested_optimizer": true
}
[2025-06-05 18:19:37,057] [INFO] [loss_scaler.py:183:update_scale] [deepspeed] OVERFLOW! Rank 0 Skipping step. Attempted loss scale: 4294967296, reducing to 2147483648
[2025-06-05 18:19:37,118] [INFO] [loss_scaler.py:183:update_scale] [deepspeed] OVERFLOW! Rank 0 Skipping step. Attempted loss scale: 2147483648, reducing to 1073741824
[2025-06-05 18:19:37,168] [INFO] [loss_scaler.py:183:update_scale] [deepspeed] OVERFLOW! Rank 0 Skipping step. Attempted loss scale: 1073741824, reducing to 536870912
[2025-06-05 18:19:37,220] [INFO] [loss_scaler.py:183:update_scale] [deepspeed] OVERFLOW! Rank 0 Skipping step. Attempted loss scale: 536870912, reducing to 268435456
[2025-06-05 18:19:37,279] [INFO] [loss_scaler.py:183:update_scale] [deepspeed] OVERFLOW! Rank 0 Skipping step. Attempted loss scale: 268435456, reducing to 134217728
[2025-06-05 18:19:37,331] [INFO] [loss_scaler.py:183:update_scale] [deepspeed] OVERFLOW! Rank 0 Skipping step. Attempted loss scale: 134217728, reducing to 67108864
[2025-06-05 18:19:37,381] [INFO] [loss_scaler.py:183:update_scale] [deepspeed] OVERFLOW! Rank 0 Skipping step. Attempted loss scale: 67108864, reducing to 33554432
[2025-06-05 18:19:37,431] [INFO] [loss_scaler.py:183:update_scale] [deepspeed] OVERFLOW! Rank 0 Skipping step. Attempted loss scale: 33554432, reducing to 16777216
[2025-06-05 18:19:37,480] [INFO] [loss_scaler.py:183:update_scale] [deepspeed] OVERFLOW! Rank 0 Skipping step. Attempted loss scale: 16777216, reducing to 8388608
[2025-06-05 18:19:37,530] [INFO] [loss_scaler.py:183:update_scale] [deepspeed] OVERFLOW! Rank 0 Skipping step. Attempted loss scale: 8388608, reducing to 4194304
[E=1/40, S=10] {'wandb': 'ReFT_small|gsm8k_python_sdp_galactica_125m_08', 'lr': '2.7189e-08', 'T.loss': '0.90186'}
[2025-06-05 18:19:37,580] [INFO] [loss_scaler.py:183:update_scale] [deepspeed] OVERFLOW! Rank 0 Skipping step. Attempted loss scale: 4194304, reducing to 2097152
[2025-06-05 18:19:37,631] [INFO] [loss_scaler.py:183:update_scale] [deepspeed] OVERFLOW! Rank 0 Skipping step. Attempted loss scale: 2097152, reducing to 1048576
[2025-06-05 18:19:37,682] [INFO] [loss_scaler.py:183:update_scale] [deepspeed] OVERFLOW! Rank 0 Skipping step. Attempted loss scale: 1048576, reducing to 524288
[2025-06-05 18:19:37,736] [INFO] [loss_scaler.py:183:update_scale] [deepspeed] OVERFLOW! Rank 0 Skipping step. Attempted loss scale: 524288, reducing to 262144
[2025-06-05 18:19:37,791] [INFO] [loss_scaler.py:183:update_scale] [deepspeed] OVERFLOW! Rank 0 Skipping step. Attempted loss scale: 262144, reducing to 131072
[2025-06-05 18:19:37,841] [INFO] [loss_scaler.py:183:update_scale] [deepspeed] OVERFLOW! Rank 0 Skipping step. Attempted loss scale: 131072, reducing to 65536
[2025-06-05 18:19:37,889] [INFO] [loss_scaler.py:183:update_scale] [deepspeed] OVERFLOW! Rank 0 Skipping step. Attempted loss scale: 65536, reducing to 32768
[E=1/40, S=20] {'wandb': 'ReFT_small|gsm8k_python_sdp_galactica_125m_08', 'lr': '5.4377e-08', 'T.loss': '0.88525'}
[E=1/40, S=30] {'wandb': 'ReFT_small|gsm8k_python_sdp_galactica_125m_08', 'lr': '8.1566e-08', 'T.loss': '0.8877'}
[E=1/40, S=40] {'wandb': 'ReFT_small|gsm8k_python_sdp_galactica_125m_08', 'lr': '1.0875e-07', 'T.loss': '1.01'}
[E=1/40, S=50] {'wandb': 'ReFT_small|gsm8k_python_sdp_galactica_125m_08', 'lr': '1.3594e-07', 'T.loss': '0.90649'}
[E=1/40, S=60] {'wandb': 'ReFT_small|gsm8k_python_sdp_galactica_125m_08', 'lr': '1.6313e-07', 'T.loss': '0.94507'}
[E=1/40, S=70] {'wandb': 'ReFT_small|gsm8k_python_sdp_galactica_125m_08', 'lr': '1.9032e-07', 'T.loss': '0.83838'}
[E=1/40, S=80] {'wandb': 'ReFT_small|gsm8k_python_sdp_galactica_125m_08', 'lr': '2.1751e-07', 'T.loss': '0.85156'}
[E=1/40, S=90] {'wandb': 'ReFT_small|gsm8k_python_sdp_galactica_125m_08', 'lr': '2.447e-07', 'T.loss': '0.81641'}
[E=1/40, S=100] {'wandb': 'ReFT_small|gsm8k_python_sdp_galactica_125m_08', 'lr': '2.7189e-07', 'T.loss': '0.78906'}
[E=1/40, S=110] {'wandb': 'ReFT_small|gsm8k_python_sdp_galactica_125m_08', 'lr': '2.9908e-07', 'T.loss': '0.67725'}
[E=1/40, S=120] {'wandb': 'ReFT_small|gsm8k_python_sdp_galactica_125m_08', 'lr': '3.2626e-07', 'T.loss': '0.68115'}
[E=1/40, S=130] {'wandb': 'ReFT_small|gsm8k_python_sdp_galactica_125m_08', 'lr': '3.5345e-07', 'T.loss': '0.62378'}
[E=1/40, S=140] {'wandb': 'ReFT_small|gsm8k_python_sdp_galactica_125m_08', 'lr': '3.8064e-07', 'T.loss': '0.55249'}
[E=1/40, S=150] {'wandb': 'ReFT_small|gsm8k_python_sdp_galactica_125m_08', 'lr': '4.0783e-07', 'T.loss': '0.53723'}
[E=1/40, S=160] {'wandb': 'ReFT_small|gsm8k_python_sdp_galactica_125m_08', 'lr': '4.3502e-07', 'T.loss': '0.58472'}
[E=1/40, S=170] {'wandb': 'ReFT_small|gsm8k_python_sdp_galactica_125m_08', 'lr': '4.6221e-07', 'T.loss': '0.50476'}
[E=1/40, S=180] {'wandb': 'ReFT_small|gsm8k_python_sdp_galactica_125m_08', 'lr': '4.894e-07', 'T.loss': '0.54175'}
[E=1/40, S=190] {'wandb': 'ReFT_small|gsm8k_python_sdp_galactica_125m_08', 'lr': '5.1659e-07', 'T.loss': '0.4342'}
[E=1/40, S=200] {'wandb': 'ReFT_small|gsm8k_python_sdp_galactica_125m_08', 'lr': '5.4377e-07', 'T.loss': '0.48389'}
[E=1/40, S=210] {'wandb': 'ReFT_small|gsm8k_python_sdp_galactica_125m_08', 'lr': '5.7096e-07', 'T.loss': '0.45923'}
[E=1/40, S=220] {'wandb': 'ReFT_small|gsm8k_python_sdp_galactica_125m_08', 'lr': '5.9815e-07', 'T.loss': '0.47302'}
[E=1/40, S=230] {'wandb': 'ReFT_small|gsm8k_python_sdp_galactica_125m_08', 'lr': '6.2534e-07', 'T.loss': '0.4613'}
[E=1/40, S=240] {'wandb': 'ReFT_small|gsm8k_python_sdp_galactica_125m_08', 'lr': '6.5253e-07', 'T.loss': '0.40796'}
[E=1/40, S=250] {'wandb': 'ReFT_small|gsm8k_python_sdp_galactica_125m_08', 'lr': '6.7972e-07', 'T.loss': '0.39929'}
[E=1/40, S=260] {'wandb': 'ReFT_small|gsm8k_python_sdp_galactica_125m_08', 'lr': '7.0691e-07', 'T.loss': '0.36365'}
[E=1/40, S=270] {'wandb': 'ReFT_small|gsm8k_python_sdp_galactica_125m_08', 'lr': '7.3409e-07', 'T.loss': '0.45422'}
[E=1/40, S=280] {'wandb': 'ReFT_small|gsm8k_python_sdp_galactica_125m_08', 'lr': '7.6128e-07', 'T.loss': '0.40222'}
[E=1/40, S=290] {'wandb': 'ReFT_small|gsm8k_python_sdp_galactica_125m_08', 'lr': '7.8847e-07', 'T.loss': '0.46997'}
[E=1/40, S=300] {'wandb': 'ReFT_small|gsm8k_python_sdp_galactica_125m_08', 'lr': '8.1566e-07', 'T.loss': '0.36316'}
[E=1/40, S=310] {'wandb': 'ReFT_small|gsm8k_python_sdp_galactica_125m_08', 'lr': '8.4285e-07', 'T.loss': '0.32263'}
[E=1/40, S=320] {'wandb': 'ReFT_small|gsm8k_python_sdp_galactica_125m_08', 'lr': '8.7004e-07', 'T.loss': '0.38477'}
[E=1/40, S=330] {'wandb': 'ReFT_small|gsm8k_python_sdp_galactica_125m_08', 'lr': '8.9723e-07', 'T.loss': '0.37939'}
[E=1/40, S=340] {'wandb': 'ReFT_small|gsm8k_python_sdp_galactica_125m_08', 'lr': '9.2442e-07', 'T.loss': '0.34338'}
[E=1/40, S=350] {'wandb': 'ReFT_small|gsm8k_python_sdp_galactica_125m_08', 'lr': '9.516e-07', 'T.loss': '0.3894'}
[E=1/40, S=360] {'wandb': 'ReFT_small|gsm8k_python_sdp_galactica_125m_08', 'lr': '9.7879e-07', 'T.loss': '0.37036'}
[E=1/40, S=370] {'wandb': 'ReFT_small|gsm8k_python_sdp_galactica_125m_08', 'lr': '1.006e-06', 'T.loss': '0.45032'}
[E=1/40, S=380] {'wandb': 'ReFT_small|gsm8k_python_sdp_galactica_125m_08', 'lr': '1.0332e-06', 'T.loss': '0.44482'}
[E=1/40, S=390] {'wandb': 'ReFT_small|gsm8k_python_sdp_galactica_125m_08', 'lr': '1.0604e-06', 'T.loss': '0.37646'}
[E=1/40, S=400] {'wandb': 'ReFT_small|gsm8k_python_sdp_galactica_125m_08', 'lr': '1.0875e-06', 'T.loss': '0.34741'}
[E=1/40, S=410] {'wandb': 'ReFT_small|gsm8k_python_sdp_galactica_125m_08', 'lr': '1.1147e-06', 'T.loss': '0.3656'}
[E=1/40, S=420] {'wandb': 'ReFT_small|gsm8k_python_sdp_galactica_125m_08', 'lr': '1.1419e-06', 'T.loss': '0.34436'}
[E=1/40, S=430] {'wandb': 'ReFT_small|gsm8k_python_sdp_galactica_125m_08', 'lr': '1.1691e-06', 'T.loss': '0.33313'}
[E=1/40, S=440] {'wandb': 'ReFT_small|gsm8k_python_sdp_galactica_125m_08', 'lr': '1.1963e-06', 'T.loss': '0.33826'}
[E=1/40, S=450] {'wandb': 'ReFT_small|gsm8k_python_sdp_galactica_125m_08', 'lr': '1.2235e-06', 'T.loss': '0.45251'}
[E=1/40, S=460] {'wandb': 'ReFT_small|gsm8k_python_sdp_galactica_125m_08', 'lr': '1.2507e-06', 'T.loss': '0.2998'}
[E=1/40, S=470] {'wandb': 'ReFT_small|gsm8k_python_sdp_galactica_125m_08', 'lr': '1.2779e-06', 'T.loss': '0.27332'}
[E=1/40, S=480] {'wandb': 'ReFT_small|gsm8k_python_sdp_galactica_125m_08', 'lr': '1.3051e-06', 'T.loss': '0.35364'}
[E=1/40, S=490] {'wandb': 'ReFT_small|gsm8k_python_sdp_galactica_125m_08', 'lr': '1.3322e-06', 'T.loss': '0.34473'}
[E=1/40, S=500] {'wandb': 'ReFT_small|gsm8k_python_sdp_galactica_125m_08', 'lr': '1.3594e-06', 'T.loss': '0.3866'}
[E=1/40, S=510] {'wandb': 'ReFT_small|gsm8k_python_sdp_galactica_125m_08', 'lr': '1.3866e-06', 'T.loss': '0.33215'}
[E=1/40, S=520] {'wandb': 'ReFT_small|gsm8k_python_sdp_galactica_125m_08', 'lr': '1.4138e-06', 'T.loss': '0.349'}
[E=1/40, S=530] {'wandb': 'ReFT_small|gsm8k_python_sdp_galactica_125m_08', 'lr': '1.441e-06', 'T.loss': '0.33142'}
[E=1/40, S=540] {'wandb': 'ReFT_small|gsm8k_python_sdp_galactica_125m_08', 'lr': '1.4682e-06', 'T.loss': '0.31689'}
[E=1/40, S=550] {'wandb': 'ReFT_small|gsm8k_python_sdp_galactica_125m_08', 'lr': '1.4954e-06', 'T.loss': '0.27924'}
[E=1/40, S=560] {'wandb': 'ReFT_small|gsm8k_python_sdp_galactica_125m_08', 'lr': '1.5226e-06', 'T.loss': '0.34924'}
[E=1/40, S=570] {'wandb': 'ReFT_small|gsm8k_python_sdp_galactica_125m_08', 'lr': '1.5498e-06', 'T.loss': '0.37122'}
[E=1/40, S=580] {'wandb': 'ReFT_small|gsm8k_python_sdp_galactica_125m_08', 'lr': '1.5769e-06', 'T.loss': '0.4176'}
[E=1/40, S=590] {'wandb': 'ReFT_small|gsm8k_python_sdp_galactica_125m_08', 'lr': '1.6041e-06', 'T.loss': '0.40088'}
[E=1/40, S=600] {'wandb': 'ReFT_small|gsm8k_python_sdp_galactica_125m_08', 'lr': '1.6313e-06', 'T.loss': '0.35852'}
[E=1/40, S=610] {'wandb': 'ReFT_small|gsm8k_python_sdp_galactica_125m_08', 'lr': '1.6585e-06', 'T.loss': '0.30054'}
[E=1/40, S=620] {'wandb': 'ReFT_small|gsm8k_python_sdp_galactica_125m_08', 'lr': '1.6857e-06', 'T.loss': '0.2616'}
[E=1/40, S=630] {'wandb': 'ReFT_small|gsm8k_python_sdp_galactica_125m_08', 'lr': '1.7129e-06', 'T.loss': '0.32648'}
[E=1/40, S=640] {'wandb': 'ReFT_small|gsm8k_python_sdp_galactica_125m_08', 'lr': '1.7401e-06', 'T.loss': '0.39038'}
[E=1/40, S=650] {'wandb': 'ReFT_small|gsm8k_python_sdp_galactica_125m_08', 'lr': '1.7673e-06', 'T.loss': '0.41187'}
[E=1/40, S=660] {'wandb': 'ReFT_small|gsm8k_python_sdp_galactica_125m_08', 'lr': '1.7945e-06', 'T.loss': '0.34558'}
[E=1/40, S=670] {'wandb': 'ReFT_small|gsm8k_python_sdp_galactica_125m_08', 'lr': '1.8216e-06', 'T.loss': '0.26221'}
[E=1/40, S=680] {'wandb': 'ReFT_small|gsm8k_python_sdp_galactica_125m_08', 'lr': '1.8488e-06', 'T.loss': '0.33875'}
[E=1/40, S=690] {'wandb': 'ReFT_small|gsm8k_python_sdp_galactica_125m_08', 'lr': '1.876e-06', 'T.loss': '0.31653'}
[E=1/40, S=700] {'wandb': 'ReFT_small|gsm8k_python_sdp_galactica_125m_08', 'lr': '1.9032e-06', 'T.loss': '0.32428'}
[E=1/40, S=710] {'wandb': 'ReFT_small|gsm8k_python_sdp_galactica_125m_08', 'lr': '1.9304e-06', 'T.loss': '0.3158'}
[E=1/40, S=720] {'wandb': 'ReFT_small|gsm8k_python_sdp_galactica_125m_08', 'lr': '1.9576e-06', 'T.loss': '0.33679'}
[E=1/40, S=730] {'wandb': 'ReFT_small|gsm8k_python_sdp_galactica_125m_08', 'lr': '1.9848e-06', 'T.loss': '0.29755'}
[E=1/40, S=740] {'wandb': 'ReFT_small|gsm8k_python_sdp_galactica_125m_08', 'lr': '2.012e-06', 'T.loss': '0.30701'}
[E=1/40, S=750] {'wandb': 'ReFT_small|gsm8k_python_sdp_galactica_125m_08', 'lr': '2.0392e-06', 'T.loss': '0.3717'}
[E=1/40, S=760] {'wandb': 'ReFT_small|gsm8k_python_sdp_galactica_125m_08', 'lr': '2.0663e-06', 'T.loss': '0.25372'}
[E=1/40, S=770] {'wandb': 'ReFT_small|gsm8k_python_sdp_galactica_125m_08', 'lr': '2.0935e-06', 'T.loss': '0.3551'}
[E=1/40, S=780] {'wandb': 'ReFT_small|gsm8k_python_sdp_galactica_125m_08', 'lr': '2.1207e-06', 'T.loss': '0.3501'}
[E=1/40, S=790] {'wandb': 'ReFT_small|gsm8k_python_sdp_galactica_125m_08', 'lr': '2.1479e-06', 'T.loss': '0.32153'}
[E=1/40, S=800] {'wandb': 'ReFT_small|gsm8k_python_sdp_galactica_125m_08', 'lr': '2.1751e-06', 'T.loss': '0.36523'}
[E=1/40, S=810] {'wandb': 'ReFT_small|gsm8k_python_sdp_galactica_125m_08', 'lr': '2.2023e-06', 'T.loss': '0.29761'}
[E=1/40, S=820] {'wandb': 'ReFT_small|gsm8k_python_sdp_galactica_125m_08', 'lr': '2.2295e-06', 'T.loss': '0.30676'}
[E=1/40, S=830] {'wandb': 'ReFT_small|gsm8k_python_sdp_galactica_125m_08', 'lr': '2.2567e-06', 'T.loss': '0.28259'}
[E=1/40, S=840] {'wandb': 'ReFT_small|gsm8k_python_sdp_galactica_125m_08', 'lr': '2.2838e-06', 'T.loss': '0.24188'}
[E=1/40, S=850] {'wandb': 'ReFT_small|gsm8k_python_sdp_galactica_125m_08', 'lr': '2.311e-06', 'T.loss': '0.35352'}
[E=1/40, S=860] {'wandb': 'ReFT_small|gsm8k_python_sdp_galactica_125m_08', 'lr': '2.3382e-06', 'T.loss': '0.2832'}
[E=1/40, S=870] {'wandb': 'ReFT_small|gsm8k_python_sdp_galactica_125m_08', 'lr': '2.3654e-06', 'T.loss': '0.25098'}
[E=1/40, S=880] {'wandb': 'ReFT_small|gsm8k_python_sdp_galactica_125m_08', 'lr': '2.3926e-06', 'T.loss': '0.30383'}
[E=1/40, S=890] {'wandb': 'ReFT_small|gsm8k_python_sdp_galactica_125m_08', 'lr': '2.4198e-06', 'T.loss': '0.30139'}
[E=1/40, S=900] {'wandb': 'ReFT_small|gsm8k_python_sdp_galactica_125m_08', 'lr': '2.447e-06', 'T.loss': '0.323'}
[E=1/40, S=910] {'wandb': 'ReFT_small|gsm8k_python_sdp_galactica_125m_08', 'lr': '2.4742e-06', 'T.loss': '0.21893'}
[E=1/40, S=920] {'wandb': 'ReFT_small|gsm8k_python_sdp_galactica_125m_08', 'lr': '2.5014e-06', 'T.loss': '0.33545'}
[E=1/40, S=930] {'wandb': 'ReFT_small|gsm8k_python_sdp_galactica_125m_08', 'lr': '2.5285e-06', 'T.loss': '0.24213'}
[E=1/40, S=940] {'wandb': 'ReFT_small|gsm8k_python_sdp_galactica_125m_08', 'lr': '2.5557e-06', 'T.loss': '0.27979'}
[E=1/40, S=950] {'wandb': 'ReFT_small|gsm8k_python_sdp_galactica_125m_08', 'lr': '2.5829e-06', 'T.loss': '0.33887'}
[E=1/40, S=960] {'wandb': 'ReFT_small|gsm8k_python_sdp_galactica_125m_08', 'lr': '2.6101e-06', 'T.loss': '0.32727'}
[E=1/40, S=970] {'wandb': 'ReFT_small|gsm8k_python_sdp_galactica_125m_08', 'lr': '2.6373e-06', 'T.loss': '0.31384'}
[E=1/40, S=980] {'wandb': 'ReFT_small|gsm8k_python_sdp_galactica_125m_08', 'lr': '2.6645e-06', 'T.loss': '0.28491'}
[E=1/40, S=990] {'wandb': 'ReFT_small|gsm8k_python_sdp_galactica_125m_08', 'lr': '2.6917e-06', 'T.loss': '0.34436'}
[E=1/40, S=1000] {'wandb': 'ReFT_small|gsm8k_python_sdp_galactica_125m_08', 'lr': '2.7189e-06', 'T.loss': '0.35278'}
[E=1/40, S=1010] {'wandb': 'ReFT_small|gsm8k_python_sdp_galactica_125m_08', 'lr': '2.7461e-06', 'T.loss': '0.26715'}
[2025-06-05 18:21:01,333] [INFO] [loss_scaler.py:183:update_scale] [deepspeed] OVERFLOW! Rank 0 Skipping step. Attempted loss scale: 65536, reducing to 32768
[E=1/40, S=1020] {'wandb': 'ReFT_small|gsm8k_python_sdp_galactica_125m_08', 'lr': '2.7732e-06', 'T.loss': '0.26068'}
[E=1/40, S=1030] {'wandb': 'ReFT_small|gsm8k_python_sdp_galactica_125m_08', 'lr': '2.8004e-06', 'T.loss': '0.30078'}
[E=1/40, S=1040] {'wandb': 'ReFT_small|gsm8k_python_sdp_galactica_125m_08', 'lr': '2.8276e-06', 'T.loss': '0.41113'}
[E=1/40, S=1050] {'wandb': 'ReFT_small|gsm8k_python_sdp_galactica_125m_08', 'lr': '2.8548e-06', 'T.loss': '0.30066'}
[E=1/40, S=1060] {'wandb': 'ReFT_small|gsm8k_python_sdp_galactica_125m_08', 'lr': '2.882e-06', 'T.loss': '0.2149'}
[E=1/40, S=1070] {'wandb': 'ReFT_small|gsm8k_python_sdp_galactica_125m_08', 'lr': '2.9092e-06', 'T.loss': '0.31415'}
[E=1/40, S=1080] {'wandb': 'ReFT_small|gsm8k_python_sdp_galactica_125m_08', 'lr': '2.9364e-06', 'T.loss': '0.31506'}
[E=1/40, S=1090] {'wandb': 'ReFT_small|gsm8k_python_sdp_galactica_125m_08', 'lr': '2.9636e-06', 'T.loss': '0.22552'}
[E=1/40, S=1100] {'wandb': 'ReFT_small|gsm8k_python_sdp_galactica_125m_08', 'lr': '2.9908e-06', 'T.loss': '0.25232'}
[E=1/40, S=1110] {'wandb': 'ReFT_small|gsm8k_python_sdp_galactica_125m_08', 'lr': '3.0179e-06', 'T.loss': '0.26685'}
[E=1/40, S=1120] {'wandb': 'ReFT_small|gsm8k_python_sdp_galactica_125m_08', 'lr': '3.0451e-06', 'T.loss': '0.31091'}
[E=1/40, S=1130] {'wandb': 'ReFT_small|gsm8k_python_sdp_galactica_125m_08', 'lr': '3.0723e-06', 'T.loss': '0.3573'}
[E=1/40, S=1140] {'wandb': 'ReFT_small|gsm8k_python_sdp_galactica_125m_08', 'lr': '3.0995e-06', 'T.loss': '0.36584'}
[E=1/40, S=1150] {'wandb': 'ReFT_small|gsm8k_python_sdp_galactica_125m_08', 'lr': '3.1267e-06', 'T.loss': '0.2738'}
[E=1/40, S=1160] {'wandb': 'ReFT_small|gsm8k_python_sdp_galactica_125m_08', 'lr': '3.1539e-06', 'T.loss': '0.29846'}
[E=1/40, S=1170] {'wandb': 'ReFT_small|gsm8k_python_sdp_galactica_125m_08', 'lr': '3.1811e-06', 'T.loss': '0.27026'}
[E=1/40, S=1180] {'wandb': 'ReFT_small|gsm8k_python_sdp_galactica_125m_08', 'lr': '3.2083e-06', 'T.loss': '0.39026'}
[E=1/40, S=1190] {'wandb': 'ReFT_small|gsm8k_python_sdp_galactica_125m_08', 'lr': '3.2355e-06', 'T.loss': '0.32007'}
[E=1/40, S=1200] {'wandb': 'ReFT_small|gsm8k_python_sdp_galactica_125m_08', 'lr': '3.2626e-06', 'T.loss': '0.30103'}
[E=1/40, S=1210] {'wandb': 'ReFT_small|gsm8k_python_sdp_galactica_125m_08', 'lr': '3.2898e-06', 'T.loss': '0.25525'}
[E=1/40, S=1220] {'wandb': 'ReFT_small|gsm8k_python_sdp_galactica_125m_08', 'lr': '3.317e-06', 'T.loss': '0.2677'}
[E=1/40, S=1230] {'wandb': 'ReFT_small|gsm8k_python_sdp_galactica_125m_08', 'lr': '3.3442e-06', 'T.loss': '0.25946'}
[E=1/40, S=1240] {'wandb': 'ReFT_small|gsm8k_python_sdp_galactica_125m_08', 'lr': '3.3714e-06', 'T.loss': '0.28186'}
[E=1/40, S=1250] {'wandb': 'ReFT_small|gsm8k_python_sdp_galactica_125m_08', 'lr': '3.3986e-06', 'T.loss': '0.35034'}
[E=1/40, S=1260] {'wandb': 'ReFT_small|gsm8k_python_sdp_galactica_125m_08', 'lr': '3.4258e-06', 'T.loss': '0.22125'}
[E=1/40, S=1270] {'wandb': 'ReFT_small|gsm8k_python_sdp_galactica_125m_08', 'lr': '3.453e-06', 'T.loss': '0.28748'}
[E=1/40, S=1280] {'wandb': 'ReFT_small|gsm8k_python_sdp_galactica_125m_08', 'lr': '3.4802e-06', 'T.loss': '0.25128'}
[E=1/40, S=1290] {'wandb': 'ReFT_small|gsm8k_python_sdp_galactica_125m_08', 'lr': '3.5073e-06', 'T.loss': '0.32812'}
[E=1/40, S=1300] {'wandb': 'ReFT_small|gsm8k_python_sdp_galactica_125m_08', 'lr': '3.5345e-06', 'T.loss': '0.29205'}
[E=1/40, S=1310] {'wandb': 'ReFT_small|gsm8k_python_sdp_galactica_125m_08', 'lr': '3.5617e-06', 'T.loss': '0.23907'}
[E=1/40, S=1320] {'wandb': 'ReFT_small|gsm8k_python_sdp_galactica_125m_08', 'lr': '3.5889e-06', 'T.loss': '0.2934'}
[E=1/40, S=1330] {'wandb': 'ReFT_small|gsm8k_python_sdp_galactica_125m_08', 'lr': '3.6161e-06', 'T.loss': '0.26794'}
[E=1/40, S=1340] {'wandb': 'ReFT_small|gsm8k_python_sdp_galactica_125m_08', 'lr': '3.6433e-06', 'T.loss': '0.24396'}
[E=1/40, S=1350] {'wandb': 'ReFT_small|gsm8k_python_sdp_galactica_125m_08', 'lr': '3.6705e-06', 'T.loss': '0.21783'}
[E=1/40, S=1360] {'wandb': 'ReFT_small|gsm8k_python_sdp_galactica_125m_08', 'lr': '3.6977e-06', 'T.loss': '0.23407'}
[E=1/40, S=1370] {'wandb': 'ReFT_small|gsm8k_python_sdp_galactica_125m_08', 'lr': '3.7249e-06', 'T.loss': '0.27014'}
[E=1/40, S=1380] {'wandb': 'ReFT_small|gsm8k_python_sdp_galactica_125m_08', 'lr': '3.752e-06', 'T.loss': '0.25421'}
[E=1/40, S=1390] {'wandb': 'ReFT_small|gsm8k_python_sdp_galactica_125m_08', 'lr': '3.7792e-06', 'T.loss': '0.23468'}
[E=1/40, S=1400] {'wandb': 'ReFT_small|gsm8k_python_sdp_galactica_125m_08', 'lr': '3.8064e-06', 'T.loss': '0.26917'}
[E=1/40, S=1410] {'wandb': 'ReFT_small|gsm8k_python_sdp_galactica_125m_08', 'lr': '3.8336e-06', 'T.loss': '0.28625'}
[E=1/40, S=1420] {'wandb': 'ReFT_small|gsm8k_python_sdp_galactica_125m_08', 'lr': '3.8608e-06', 'T.loss': '0.27686'}
[E=1/40, S=1430] {'wandb': 'ReFT_small|gsm8k_python_sdp_galactica_125m_08', 'lr': '3.888e-06', 'T.loss': '0.29688'}
[E=1/40, S=1440] {'wandb': 'ReFT_small|gsm8k_python_sdp_galactica_125m_08', 'lr': '3.9152e-06', 'T.loss': '0.29846'}
[E=1/40, S=1450] {'wandb': 'ReFT_small|gsm8k_python_sdp_galactica_125m_08', 'lr': '3.9424e-06', 'T.loss': '0.22931'}
[E=1/40, S=1460] {'wandb': 'ReFT_small|gsm8k_python_sdp_galactica_125m_08', 'lr': '3.9695e-06', 'T.loss': '0.27264'}
[E=1/40, S=1470] {'wandb': 'ReFT_small|gsm8k_python_sdp_galactica_125m_08', 'lr': '3.9967e-06', 'T.loss': '0.25714'}
[E=1/40, S=1480] {'wandb': 'ReFT_small|gsm8k_python_sdp_galactica_125m_08', 'lr': '4.0239e-06', 'T.loss': '0.22546'}
[E=1/40, S=1490] {'wandb': 'ReFT_small|gsm8k_python_sdp_galactica_125m_08', 'lr': '4.0511e-06', 'T.loss': '0.31561'}
[E=1/40, S=1500] {'wandb': 'ReFT_small|gsm8k_python_sdp_galactica_125m_08', 'lr': '4.0783e-06', 'T.loss': '0.21222'}
[E=1/40, S=1510] {'wandb': 'ReFT_small|gsm8k_python_sdp_galactica_125m_08', 'lr': '4.1055e-06', 'T.loss': '0.24408'}
[E=1/40, S=1520] {'wandb': 'ReFT_small|gsm8k_python_sdp_galactica_125m_08', 'lr': '4.1327e-06', 'T.loss': '0.26746'}
[E=1/40, S=1530] {'wandb': 'ReFT_small|gsm8k_python_sdp_galactica_125m_08', 'lr': '4.1599e-06', 'T.loss': '0.19867'}
[E=1/40, S=1540] {'wandb': 'ReFT_small|gsm8k_python_sdp_galactica_125m_08', 'lr': '4.1871e-06', 'T.loss': '0.2099'}
[E=1/40, S=1550] {'wandb': 'ReFT_small|gsm8k_python_sdp_galactica_125m_08', 'lr': '4.2142e-06', 'T.loss': '0.23401'}
[E=1/40, S=1560] {'wandb': 'ReFT_small|gsm8k_python_sdp_galactica_125m_08', 'lr': '4.2414e-06', 'T.loss': '0.30151'}
[E=1/40, S=1570] {'wandb': 'ReFT_small|gsm8k_python_sdp_galactica_125m_08', 'lr': '4.2686e-06', 'T.loss': '0.23816'}
[E=1/40, S=1580] {'wandb': 'ReFT_small|gsm8k_python_sdp_galactica_125m_08', 'lr': '4.2958e-06', 'T.loss': '0.26703'}
[E=1/40, S=1590] {'wandb': 'ReFT_small|gsm8k_python_sdp_galactica_125m_08', 'lr': '4.323e-06', 'T.loss': '0.28503'}
[E=1/40, S=1600] {'wandb': 'ReFT_small|gsm8k_python_sdp_galactica_125m_08', 'lr': '4.3502e-06', 'T.loss': '0.19012'}
[E=1/40, S=1610] {'wandb': 'ReFT_small|gsm8k_python_sdp_galactica_125m_08', 'lr': '4.3774e-06', 'T.loss': '0.237'}
[E=1/40, S=1620] {'wandb': 'ReFT_small|gsm8k_python_sdp_galactica_125m_08', 'lr': '4.4046e-06', 'T.loss': '0.29565'}
[E=1/40, S=1630] {'wandb': 'ReFT_small|gsm8k_python_sdp_galactica_125m_08', 'lr': '4.4318e-06', 'T.loss': '0.27545'}
[E=1/40, S=1640] {'wandb': 'ReFT_small|gsm8k_python_sdp_galactica_125m_08', 'lr': '4.4589e-06', 'T.loss': '0.30835'}
[E=1/40, S=1650] {'wandb': 'ReFT_small|gsm8k_python_sdp_galactica_125m_08', 'lr': '4.4861e-06', 'T.loss': '0.27771'}
[E=1/40, S=1660] {'wandb': 'ReFT_small|gsm8k_python_sdp_galactica_125m_08', 'lr': '4.5133e-06', 'T.loss': '0.25763'}
[E=1/40, S=1670] {'wandb': 'ReFT_small|gsm8k_python_sdp_galactica_125m_08', 'lr': '4.5405e-06', 'T.loss': '0.19183'}
[E=1/40, S=1680] {'wandb': 'ReFT_small|gsm8k_python_sdp_galactica_125m_08', 'lr': '4.5677e-06', 'T.loss': '0.27106'}
[E=1/40, S=1690] {'wandb': 'ReFT_small|gsm8k_python_sdp_galactica_125m_08', 'lr': '4.5949e-06', 'T.loss': '0.22815'}
[E=1/40, S=1700] {'wandb': 'ReFT_small|gsm8k_python_sdp_galactica_125m_08', 'lr': '4.6221e-06', 'T.loss': '0.29895'}
[E=1/40, S=1710] {'wandb': 'ReFT_small|gsm8k_python_sdp_galactica_125m_08', 'lr': '4.6493e-06', 'T.loss': '0.2265'}
[E=1/40, S=1720] {'wandb': 'ReFT_small|gsm8k_python_sdp_galactica_125m_08', 'lr': '4.6765e-06', 'T.loss': '0.23694'}
[E=1/40, S=1730] {'wandb': 'ReFT_small|gsm8k_python_sdp_galactica_125m_08', 'lr': '4.7036e-06', 'T.loss': '0.20007'}
[E=1/40, S=1740] {'wandb': 'ReFT_small|gsm8k_python_sdp_galactica_125m_08', 'lr': '4.7308e-06', 'T.loss': '0.25537'}
[E=1/40, S=1750] {'wandb': 'ReFT_small|gsm8k_python_sdp_galactica_125m_08', 'lr': '4.758e-06', 'T.loss': '0.32739'}
[E=1/40, S=1760] {'wandb': 'ReFT_small|gsm8k_python_sdp_galactica_125m_08', 'lr': '4.7852e-06', 'T.loss': '0.2063'}
[E=1/40, S=1770] {'wandb': 'ReFT_small|gsm8k_python_sdp_galactica_125m_08', 'lr': '4.8124e-06', 'T.loss': '0.23602'}
[E=1/40, S=1780] {'wandb': 'ReFT_small|gsm8k_python_sdp_galactica_125m_08', 'lr': '4.8396e-06', 'T.loss': '0.2179'}
[E=1/40, S=1790] {'wandb': 'ReFT_small|gsm8k_python_sdp_galactica_125m_08', 'lr': '4.8668e-06', 'T.loss': '0.25854'}
[E=1/40, S=1800] {'wandb': 'ReFT_small|gsm8k_python_sdp_galactica_125m_08', 'lr': '4.894e-06', 'T.loss': '0.23254'}
[E=1/40, S=1810] {'wandb': 'ReFT_small|gsm8k_python_sdp_galactica_125m_08', 'lr': '4.9212e-06', 'T.loss': '0.21246'}
[E=1/40, S=1820] {'wandb': 'ReFT_small|gsm8k_python_sdp_galactica_125m_08', 'lr': '4.9483e-06', 'T.loss': '0.26288'}
[E=1/40, S=1830] {'wandb': 'ReFT_small|gsm8k_python_sdp_galactica_125m_08', 'lr': '4.9755e-06', 'T.loss': '0.27692'}
name 'eggs_per_day_total_total_fresh_per_day' is not defined
name 'chickens_meal_feed_per_day' is not defined
name 'restart_time_after_restart_time' is not defined
name 'hours_total_total_total_total' is not defined
name 'lemons_per_year_cost_per_year_cost_per_year_cost_total' is not defined
cannot assign to expression here. Maybe you meant '==' instead of '='? (<string>, line 8)
name 'eggs_per_meet_per_meet_per_week' is not defined
name 'raymond_somantha_age_years' is not defined
name 'customers_bought_total_total_2' is not defined
name 'candle_burning_per_hour_per_week_per_day_per_week_per_day_per_week_' is not defined
name 'milk_apples' is not defined
local variable 'first_stop_distance_after' referenced before assignment
local variable 'heels_cost' referenced before assignment
local variable 'hours_per_week_per_day_per_week_per_day_per_week_per_day_per_week' referenced before assignment
local variable 'yogurt_per_yogurt_total' referenced before assignment
name 'lego_sets_left_left_per_game' is not defined
local variable 'miles_per_hour_third' referenced before assignment
name 'chips_per_serving_per_grape_per_grape_per_grape_per_grape_per_grape_per_grape_per_grape_per_grape_per_grape_per_grape_per_grape_per_grape_per_grape_per_grape_per_grape_per_grape_per_grape_per_grape_pe' is not defined
name 'beeswax_candles_total_cost_per_pound' is not defined
name 'PM_speed_per_mile' is not defined
local variable 'revenue_per_day_more' referenced before assignment
local variable 'money_per_month_year' referenced before assignment
name 'fruit_per_fruit_per_fruit_per_cluster' is not defined
local variable 'miles_needed_per_gallon_per_gallon_per_mile' referenced before assignment
local variable 'hours_total_week_4' referenced before assignment
name 'puppy_food_per_bag_per_year_per_bag_per_year_per_bag_per_year_per_bag' is not defined
local variable 'gift_bags_per_friend_total_total_total' referenced before assignment
local variable 'james_age_difference_difference' referenced before assignment
invalid syntax (<string>, line 8)
invalid decimal literal (<string>, line 11)
local variable 'cookies_last_year_total_total' referenced before assignment
name 'seconds_per_foot_per_second_per_second_per_second_per_second_per_second_per_second_per_second_per_second_per_second_per_second_per_second_per_second_per_' is not defined
invalid syntax (<string>, line 7)
name 'jamal_ducks' is not defined
local variable 'teaspoons_teaspoons_total_total_total_total' referenced before assignment
local variable 'shoes_cost_per_child' referenced before assignment
local variable 'containers_per_day_after_2_days_after_2_days' referenced before assignment
name 'lylah_salary_initial' is not defined
local variable 'sheets_per_month_per_month_per_week' referenced before assignment
name 'morisette_apples_per_oranges_total' is not defined
local variable 'miles_per_hour_total_total_per_day' referenced before assignment
name 'letters_needed_stamps_needed_stamps' is not defined
name 'spoons_bought_total_total' is not defined
name 'peppers_total_cost_per_pepper' is not defined
invalid syntax (<string>, line 8)
local variable 'car_washing_cost_per_year_per_year_per_month' referenced before assignment
local variable 'brian_video_games_bottleneck_left' referenced before assignment
name 'questions_per_day_per_hour_per_day' is not defined
local variable 'pineapples_per_year_per_year' referenced before assignment
name 'total_block_more_than_1' is not defined
name 'bees_per_hour_last_first' is not defined
local variable 'tire_total_total_cost' referenced before assignment
local variable 'fries_bought_after_ants' referenced before assignment
local variable 'classes_per_semester_semester' referenced before assignment
local variable 'clownfish_clownfish' referenced before assignment
invalid syntax (<string>, line 10)
name 'eggs_per_basket_per_basket_per_day' is not defined
invalid syntax (<string>, line 8)
name 'sally_three_age_three_age_two_years' is not defined
local variable 'jessica_min_month_cost_total_total_percent' referenced before assignment
invalid syntax (<string>, line 29)
name 'glass_per_gallon_per_gallon' is not defined
local variable 'candidates_winner' referenced before assignment
invalid syntax (<string>, line 6)
local variable 'team_1_time_distance_distance' referenced before assignment
name 'die_number_' is not defined
invalid syntax (<string>, line 7)
local variable 'insects_per_day_per_week' referenced before assignment
invalid syntax (<string>, line 5)
invalid syntax (<string>, line 8)
name 'cheese_slices_per_sandwich_per_sandwich_per_day' is not defined
name 'brinley_test_total_total_total_average' is not defined
name 'kilometers_per_day_per_week_per_day' is not defined
name 'candied_apples_per_candy_weight' is not defined
name 'num_savings_per_lawn_earnings_per_lawn_earnings_' is not defined
local variable 'red_chickens_total_more' referenced before assignment
name 'customers_second_day' is not defined
local variable 'hours_per_month_per_year_per_month' referenced before assignment
local variable 'money_remaining_total_percent' referenced before assignment
local variable 'advertising_cost_second_year' referenced before assignment
name 'tomatoes_per_day_per_week_per_day_per_week' is not defined
local variable 'james_candy_more_than' referenced before assignment
local variable 'dolly_books_total_total' referenced before assignment
name 'minutes_per_day_call_call_call' is not defined
name 'fries_ginger_given_ginger' is not defined
name 'makeup_discount_per_day' is not defined
local variable 'redwood_section_weight_total_eaten' referenced before assignment
local variable 'books_per_month_total' referenced before assignment
local variable 'jamal_fruits_more' referenced before assignment
local variable 'pennies_third_third_third_third' referenced before assignment
cannot assign to expression here. Maybe you meant '==' instead of '='? (<string>, line 5)
local variable 'cards_letter_d' referenced before assignment
name 'mambas_spot_ratio_half' is not defined
name 'topaz_gemstones_per_necklace_per_neck' is not defined
local variable 'stars_total_5_stars_total_total' referenced before assignment
local variable 'crates_sold_total_friday' referenced before assignment
name 'monday_time_minutes_minutes_minutes_minutes' is not defined
local variable 'books_sold_second_year' referenced before assignment
invalid syntax (<string>, line 8)
name 'days_in_the_lots_of_limbs_per_day_plus_' is not defined
local variable 'noah_population_now_three_years_ago_six_years_ago_total' referenced before assignment
local variable 'people_per_family_total_committed_due_to_illness_total_total' referenced before assignment
name 'girls_boys_boys' is not defined
name 'old_records_new_people_people_people' is not defined
local variable 'people_total' referenced before assignment
name 'job_' is not defined
name 'josh_balls_per_week_after_fall_after_fall_' is not defined
local variable 'roses_pot_cost' referenced before assignment
local variable 'hours_of_work_per_job_per_day' referenced before assignment
invalid syntax (<string>, line 6)
local variable 'candy_bought_bought_cost_per_gumball' referenced before assignment
local variable 'distance_to_route_after' referenced before assignment
name 'wallpaper_cost_after_discount_after_discount_after_discount' is not defined
name 'equipment_bought_total_total' is not defined
name 'sheep_milk_total' is not defined
name 'apples_picked_total_days_total_days_monday' is not defined
name 'karan_interest_rate_per_month_per_year_per_month_per_year_per_month' is not defined
local variable 'distance_to_stop_after_hours_after_hours' referenced before assignment
name 'lemonade_per_hour_total_total_per_pitcher' is not defined
local variable 'sam_popsicles_more' referenced before assignment
invalid syntax (<string>, line 7)
local variable 'erica_age_difference' referenced before assignment
name 'milk_calories_per_ounce_per_glass_per_glass_per_glass_per_glass_per_glass_per_glass_per_glass_per_glass_per_glass_per_glass_per_glass_per_glass_per_glass_per_glass_per_glass_per_glass_per_glass_per_gl' is not defined
local variable 'flour_bags_more' referenced before assignment
local variable 'watts_per_day_total_total' referenced before assignment
name 'kilometers_total_total_per_day' is not defined
local variable 'timothy_locker_in_cubic_inches_per_person' referenced before assignment
name 'normal_month_month_month_rate' is not defined
name 'birds_per_day_per_bird_per_bird' is not defined
invalid syntax (<string>, line 5)
local variable 'oranges_total_total' referenced before assignment
local variable 'onions_per_serving_cost_sold' referenced before assignment
name 'beads_total' is not defined
name 'house_temperature_final_final_temperature_minutes_per_hour' is not defined
local variable 'jon_time_difference' referenced before assignment
name 'crayons_total' is not defined
name 'speed_after_hours_per_minute_per_hour_per_minute_per_hour_per_minute_per_hour_per_minute_per_hour_per_minute_per_hour_per_minute_per_hour_per_minute_per_hour_per_minute_per_hour_per_minute_per_hour_pe' is not defined
invalid syntax (<string>, line 11)
local variable 'kelly_discount_amount' referenced before assignment
name 'students_left' is not defined
local variable 'carrot_sticks_total_eaten' referenced before assignment
name 'walking_time_per_day_per_week_per_day_per_week_total' is not defined
invalid decimal literal (<string>, line 5)
local variable 'money_given_total_total' referenced before assignment
name 'horses_per_bag' is not defined
local variable 'eggs_per_tray_total_total_total_total' referenced before assignment
name 'cheerleaders_total_height_per_girls_total_short_short' is not defined
local variable 'brett_age_later_three_times_more_than_more_than' referenced before assignment
name 'ashley_' is not defined
name 'wood_sticks_per_stick_cost' is not defined
local variable 'trips_per_week_price_cost' referenced before assignment
name 'water_per_kilometer_per_kilometer_per_lap' is not defined
local variable 'bags_per_craft_profit' referenced before assignment
name 'minutes_per_punch_per_minute' is not defined
name 'wool_per_skein_total_skeins_total_skeins_total' is not defined
name 'loaves_monday_morning_sold' is not defined
local variable 'days_per_person_hours' referenced before assignment
local variable 'money_left_after_spent' referenced before assignment
local variable 'jeff_dollar_amount_ratio' referenced before assignment
name 'families_calls_calls_other' is not defined
local variable 'bottles_needed_needed' referenced before assignment
cannot assign to expression (<string>, line 18)
invalid syntax (<string>, line 5)
local variable 'tooth_fairy_money_left_total_total' referenced before assignment
local variable 'lemonade_more_dollar_more_more' referenced before assignment
name 'sandwiches_per_10_sandwiches_per_10_sandwiches_per_10_sandwiches' is not defined
name 'crayons_per_muffin_muffin_time' is not defined
local variable 'bedroom_cost_per_square_foot' referenced before assignment
local variable 'dishes_added' referenced before assignment
name 'contacts_per_box_total' is not defined
local variable 'jill_more_than_jill' referenced before assignment
local variable 'words_per_second_increase_after_5_after_5_after' referenced before assignment
local variable 'weight_difference' referenced before assignment
local variable 'dachshund_weight_at_end_of_line' referenced before assignment
local variable 'mushrooms_per_week' referenced before assignment
name 'games_per_year_per_month_per_year_per_month' is not defined
local variable 'cups_sold_next_two_hours' referenced before assignment
local variable 'tire_rotations_per_year_before_replacement' referenced before assignment
name 'shampoo_cost_per_pump_per_wash' is not defined
name 'shirt_price_shirts' is not defined
local variable 'butter_per_week_pounds_per_pound' referenced before assignment
name 'ounces_per_pound_meat_per_pound' is not defined
local variable 'water_cost_per_year_per_year_per_year' referenced before assignment
name 'meat_per_' is not defined
local variable 'charmaine_age_now_years_years' referenced before assignment
name 'basketball_coaches_bought_total' is not defined
local variable 'flowers_per_flower_bloom_total' referenced before assignment
local variable 'height_growth_per_year_per_year' referenced before assignment
name 'men_total_women_total' is not defined
name 'news_article_per_month_per_month_' is not defined
local variable 'cupcakes_per_person_total' referenced before assignment
local variable 'likes_new_after_more_than_20000' referenced before assignment
name 'weekly_wage_withheld_withholding_withholding' is not defined
name 'sheep_leg_total_of_animal_of_leg_of_leg_of_leg_of_leg_of_leg_of_leg_of_leg_of_leg_of_leg_of_leg_of_leg_of_leg_of_leg_of_leg_of_leg_of_leg_of_leg_of_leg_of_leg_of_leg_of_leg_of_leg_of_leg_of_leg_of_leg' is not defined
local variable 'class_time_per_day_per_week_per_day_per_week_per_day' referenced before assignment
local variable 'candy_total_share' referenced before assignment
local variable 'candies_cost_change' referenced before assignment
local variable 'toys_needed_after' referenced before assignment
local variable 'adult_weight_per_adult_per_adult' referenced before assignment
local variable 'max_total_more' referenced before assignment
invalid decimal literal (<string>, line 6)
name 'minutes_per_turtle_time_per_turtle_time_per_turtle_time_per_turtle_time_per_turtle_time_per_turtle_' is not defined
local variable 'john_total_time' referenced before assignment
local variable 'lollipops_cost_per_lollipop' referenced before assignment
name 'total_missing_threshold' is not defined
local variable 'hours_total_first_3_hours_total_total' referenced before assignment
cannot assign to expression here. Maybe you meant '==' instead of '='? (<string>, line 7)
name 'days_per_day' is not defined
name 'cinnamon_total' is not defined
local variable 'ice_cream_scoops_per_scoop_price_cost_per_scoop_price_cost' referenced before assignment
name 'blueberries_cost_total_total' is not defined
local variable 'feet_taps_per_foot_left' referenced before assignment
local variable 'damage_per_bucket_cost_total' referenced before assignment
local variable 'sausages_eaten_total_total_total_per_minute' referenced before assignment
local variable 'topher_shoes_length_inches_inches' referenced before assignment
name 'gum_per_day_per_pack_per_day_per_pack' is not defined
local variable 'dora_age_mother_age_total' referenced before assignment
local variable 'candidate_c_votes' referenced before assignment
name 'boris_apples_difference_less' is not defined
local variable 'carla_books_more' referenced before assignment
local variable 'cards_worth_per_card_worth' referenced before assignment
name 'amusement_park_cost_total_total_per_family_per_adult' is not defined
name 'bananas_added_after_third_day_after_third_day_after_third_day_after_third_day_after_third_day_after_third_day_after_third_day_after_third_day_after_third_day_after_third_day_after_third_day_after_thir' is not defined
local variable 'electricity_price_per_roommate' referenced before assignment
name 'extra_large_large_medium' is not defined
name 'jayden_needed' is not defined
name 'juice_per_liter' is not defined
name 'Ahmed_books_total_total' is not defined
name 'hours_sunday_video_game_reading_reading_reading' is not defined
invalid syntax (<string>, line 7)
name 'movies_series_cost_total_series_cost_percent' is not defined
name 'emma_berries_per_second_second_left' is not defined
local variable 'pizzas_cost_total_cost' referenced before assignment
name 'fruits_per_tomato_plant_with_tomatoes' is not defined
name 'groups_per_sea_per_sea_per_sea_per_sea_per_sea_per_sea_per_sea_per_sea_per_sea_per_sea_per_sea_per_sea_per_sea_per_sea_per_sea_per_sea_per_sea_per_sea_per_sea_per_sea_per_sea_per_sea_per_sea_per_sea_p' is not defined
local variable 'bottle_caps_per_month_year_monthly' referenced before assignment
name 'hours_per_day_per_week_total_price' is not defined
name 'branches_per_day_cost_per_day_cost' is not defined
local variable 'jack_play_time_total_better' referenced before assignment
local variable 'oil_per_oil_total_total' referenced before assignment
invalid syntax (<string>, line 6)
local variable 'hours_per_third_day' referenced before assignment
local variable 'becca_cards_total' referenced before assignment
local variable 'book_price_per_year_per_year_per_year_per_month' referenced before assignment
name 'videos_per_month_total_per_month_total_per_month' is not defined
local variable 'car_cost_after_believers_after_believers' referenced before assignment
name 'minutes_per_stage_' is not defined
name 'interest_total' is not defined
local variable 'eggs_per_tray_total_total' referenced before assignment
name 'shoes_per_year_per_month_per_year' is not defined
name 'mom_age_three_years_later_age_age_age_age_age_age_age_age_age_age_age_age_age_age_age_age_age_age_age_age_age_age_age_age_age_age_age_age_age_age_age_age_age_age_age_age_age_age_age_age_age_age_age_ag' is not defined
invalid syntax (<string>, line 9)
local variable 'pizza_pieces_remaining' referenced before assignment
local variable 'julie_sold_more_glasses_more' referenced before assignment
name 'toys_given_earning' is not defined
local variable 'microphones_won_after_pairs_total' referenced before assignment
name 'plants_flowering_initial' is not defined
local variable 'total_cost_per_day_per_year_per_day_per_year_per_day_per_year' referenced before assignment
local variable 'hours_per_day_per_week_per_hour' referenced before assignment
local variable 'hours_per_hour_per_day_per_month' referenced before assignment
local variable 'dijana_rowed_miles_total_day_rowed_total_day' referenced before assignment
local variable 'daniel_pages_now' referenced before assignment
local variable 'farmer_brown_farm_area_more' referenced before assignment
name 'packages_per_day_per_hour_per_day_per_hour_per_day_per_hour_per_day_total' is not defined
local variable 'sudoku_time_per_hour_per_day' referenced before assignment
local variable 'miles_per_day_month_per_month' referenced before assignment
name 'oranges_lost' is not defined
local variable 'fish_tank' referenced before assignment
local variable 'slices_per_day_per_day_per_week' referenced before assignment
name 'rows_2' is not defined
local variable 'berries_per_trip_per_hour' referenced before assignment
name 'water_pump_gallons_remaining' is not defined
name 'movies_per_day' is not defined
invalid decimal literal (<string>, line 7)
name 'monday_mood_mood_mood_mood_mood_mood_mood_mood_mood_mood_mood_mood_mood_mood_mood_mood_mood_mood_mood_mood_mood_mood_mood_mood_mood_mood_mood_mood_mood_mood_mood_mood_mood_mood_mood_mood_mood_mood_moo' is not defined
name 'balls_per_stacking_rings' is not defined
local variable 'friends_given_total_more' referenced before assignment
local variable 'hours_added_after_12_hours' referenced before assignment
name 'dollars_per_pens_per_pens_per_hour' is not defined
local variable 'words_total_more_than_craig' referenced before assignment
name 'plumbing_hours_total' is not defined
local variable 'bakery_loaves_bread' referenced before assignment
local variable 'num_copy_cost_total_total' referenced before assignment
name 'reports_per_hour_per_minute_per_hour' is not defined
local variable 'sleep_hours_after_sleep_1' referenced before assignment
name 'jordan_jeffrey_basket_total' is not defined
name 'episodes_total' is not defined
local variable 'flight_distance_distance_distance' referenced before assignment
name 'oranges_given_sold_mom' is not defined
local variable 'cookbook_cost_per_hour' referenced before assignment
name 'days_per_week_per_hour_per_day_per_week_per_hour_per_day_per_week_per_hour_per_day_per_week_per' is not defined
name 'flowers_per_flower_plant_cost_per_flower' is not defined
name 'check_per_year_total' is not defined
local variable 'adults_percentage_percentage' referenced before assignment
local variable 'minutes_per_patient_total' referenced before assignment
local variable 'cake_time_per_day_after_after_after_after_after' referenced before assignment
local variable 'num_students_per_week' referenced before assignment
invalid syntax (<string>, line 7)
local variable 'trey_laps_more' referenced before assignment
local variable 'wanda_pumping_amount_total_total' referenced before assignment
name 'phone_capacity_total_charge_total_lost' is not defined
name 'plums' is not defined
local variable 'carrots_price_after_three_years' referenced before assignment
local variable 'albums_per_album_portraits_selfies' referenced before assignment
name 'pages_sleep_per_book' is not defined
local variable 'guests_total_after_dinner_after_dinner' referenced before assignment
local variable 'eggs_found_by_friends' referenced before assignment
name 'iron_pickaxe_mineral_mineral_mineral_mineral_mineral_mineral_mineral_mineral_mineral_mineral_mineral_mineral_mineral_mineral_mineral_mineral_mineral_mineral_mineral_mineral_mineral_mineral_mineral_min' is not defined
local variable 'bedroom_set_price_per_month_per_year_per_month_per_year' referenced before assignment
local variable 'seats_per_student' referenced before assignment
name 'soda_bottle_time_total_total_total_drop' is not defined
local variable 'apples_per_pack_per_box_per_pack' referenced before assignment
name 'money_initial' is not defined
name 'jobs_to_finish' is not defined
local variable 'total_letter_after' referenced before assignment
local variable 'people_total_total_total' referenced before assignment
'(' was never closed (<string>, line 8)
invalid syntax (<string>, line 5)
local variable 'gallons_per_day_per_gallon_per_day' referenced before assignment
local variable 'people_third_stop' referenced before assignment
local variable 'cats_per_day_total_total_total' referenced before assignment
name 'fees_per_party' is not defined
name 'bananas_per_day_per_week_' is not defined
local variable 'toothpicks_total_total_per_week' referenced before assignment
local variable 'story_height_total' referenced before assignment
name 'apples_earned' is not defined
name 'sodas_total' is not defined
local variable 'hours_per_day_per_hour' referenced before assignment
invalid syntax (<string>, line 11)
invalid syntax (<string>, line 6)
name 'jellyfish_total_total_change' is not defined
local variable 'paycheck_cost_per_year_more' referenced before assignment
local variable 'girls_total_percent' referenced before assignment
local variable 'vacation_mile_per_day_per_month' referenced before assignment
local variable 'total_fishes_more' referenced before assignment
local variable 'miles_per_year_per_month_per_year' referenced before assignment
local variable 'ounces_per_bag_total_total_per_bag' referenced before assignment
local variable 'circumference_per_day_per_hour' referenced before assignment
name 'car_1_average' is not defined
local variable 'vince_age_now_two_years_ago_two_years_ago' referenced before assignment
local variable 'weeks_total_more' referenced before assignment
local variable 'cows_total_per_week' referenced before assignment
name 'bags_per_pack' is not defined
name 'lemons_per_decade_millions_millions_years' is not defined
local variable 'eggs_per_child_per_month_per_year' referenced before assignment
local variable 'fish_per_month_year_month_year_month' referenced before assignment
name 'lottery_tickets_won_won_two' is not defined
name 'carrots_eaten' is not defined
name 'juice_total_total_per_person' is not defined
name 'purple_wearers_total' is not defined
name 'days_per_week_per_day' is not defined
invalid syntax (<string>, line 8)
name 'apartment_cost_per_week_week_week' is not defined
local variable 'yellow_paint_used_total' referenced before assignment
local variable 'chalk_per_day_with_extra_with_chalk_with_extra_with_chalk_with_extra_with_chalk_with_extra' referenced before assignment
local variable 'books_per_school_total_price' referenced before assignment
name 'snowballs_per_minute_per_hour_per_minute' is not defined
local variable 'jim_age_20_28' referenced before assignment
name 'bandages_left_first_day_first_day' is not defined
name 'absences_per_week_total_absences' is not defined
invalid syntax (<string>, line 5)
local variable 'coffee_mugs_more_than_four' referenced before assignment
name 'floor_to_ce' is not defined
name 'miles_per_day_per_day_per_day_first' is not defined
local variable 'balloons_per_pack_afternoon_afternoon_afternoon' referenced before assignment
name 'money_spent_twelfth_monthly_twelfth' is not defined
name 'jar_height_total_red_total_total_red_total_percent' is not defined
name 'visit_cost_after_' is not defined
local variable 'students_4_7_7' referenced before assignment
name 'wooden_table_total_total' is not defined
local variable 'meatballs_per_meat_per_meat' referenced before assignment
local variable 'cupcakes_total_per_person' referenced before assignment
name 'score_' is not defined
name 'novels_last_year_total_total_percent' is not defined
name 'distance_between_Alaska_and_Texas_total_total' is not defined
local variable 'teachers_total_sick_per_teacher' referenced before assignment
name 'hours_per_day_work_work_work_total' is not defined
local variable 'questions_left_left_correct' referenced before assignment
name 'footballs_per_room' is not defined
local variable 'varnish_dry_time_total_total' referenced before assignment
local variable 'photos_per_day_total_per_week' referenced before assignment
local variable 'speed_per_page' referenced before assignment
local variable 'lemons_total_total_tart' referenced before assignment
local variable 'animals_legged_leg_total' referenced before assignment
local variable 'hours_per_day_total_total' referenced before assignment
local variable 'popcorns_per_popcorn_total' referenced before assignment
local variable 'bowls_cost_per_dinner_cost' referenced before assignment
local variable 'hot_dogs_needed_needed' referenced before assignment
local variable 'children_left_after' referenced before assignment
name 'meals_total' is not defined
local variable 'john_height_after_sunday_after_saturday_after_saturday' referenced before assignment
name 'cars_per_week_week_week' is not defined
name 'soldiers_bought_bought_total' is not defined
name 'Norman_High_Senior_Senior_Senior_Senior_Senior_Senior_Senior_Senior_Senior_Senior_Senior_Senior_Senior_Senior_Senior_Senior_Senior_Senior_Senior_Senior_Senior_Senior_Senior_Senior_Senior_Senior_Senior' is not defined
local variable 'vanessa_time_total' referenced before assignment
local variable 'watermelons_sold_percent' referenced before assignment
name 'james_age_' is not defined
[Eval Info] value_accuracy: 3.4117%
[E=1/40, S=1839] {'wandb': 'ReFT_small|gsm8k_python_sdp_galactica_125m_08', 'lr': '5e-06', 'T.loss': '0.1875', 'Eval.Gen.value_accuracy': '3.4117', 'Eval.Gen.value_accuracy_best': '3.4117'}
[E=2/40, S=1840] {'wandb': 'ReFT_small|gsm8k_python_sdp_galactica_125m_08', 'lr': '5.0027e-06', 'T.loss': '0.42285', 'Eval.Gen.value_accuracy_best': '3.4117'}
[E=2/40, S=1850] {'wandb': 'ReFT_small|gsm8k_python_sdp_galactica_125m_08', 'lr': '5.0299e-06', 'T.loss': '0.21118', 'Eval.Gen.value_accuracy_best': '3.4117'}
[E=2/40, S=1860] {'wandb': 'ReFT_small|gsm8k_python_sdp_galactica_125m_08', 'lr': '5.0571e-06', 'T.loss': '0.26221', 'Eval.Gen.value_accuracy_best': '3.4117'}
[E=2/40, S=1870] {'wandb': 'ReFT_small|gsm8k_python_sdp_galactica_125m_08', 'lr': '5.0843e-06', 'T.loss': '0.17694', 'Eval.Gen.value_accuracy_best': '3.4117'}
[E=2/40, S=1880] {'wandb': 'ReFT_small|gsm8k_python_sdp_galactica_125m_08', 'lr': '5.1115e-06', 'T.loss': '0.19922', 'Eval.Gen.value_accuracy_best': '3.4117'}
[E=2/40, S=1890] {'wandb': 'ReFT_small|gsm8k_python_sdp_galactica_125m_08', 'lr': '5.1387e-06', 'T.loss': '0.26001', 'Eval.Gen.value_accuracy_best': '3.4117'}
[E=2/40, S=1900] {'wandb': 'ReFT_small|gsm8k_python_sdp_galactica_125m_08', 'lr': '5.1659e-06', 'T.loss': '0.24524', 'Eval.Gen.value_accuracy_best': '3.4117'}
[E=2/40, S=1910] {'wandb': 'ReFT_small|gsm8k_python_sdp_galactica_125m_08', 'lr': '5.193e-06', 'T.loss': '0.32227', 'Eval.Gen.value_accuracy_best': '3.4117'}
[E=2/40, S=1920] {'wandb': 'ReFT_small|gsm8k_python_sdp_galactica_125m_08', 'lr': '5.2202e-06', 'T.loss': '0.22614', 'Eval.Gen.value_accuracy_best': '3.4117'}
[E=2/40, S=1930] {'wandb': 'ReFT_small|gsm8k_python_sdp_galactica_125m_08', 'lr': '5.2474e-06', 'T.loss': '0.20673', 'Eval.Gen.value_accuracy_best': '3.4117'}
[E=2/40, S=1940] {'wandb': 'ReFT_small|gsm8k_python_sdp_galactica_125m_08', 'lr': '5.2746e-06', 'T.loss': '0.28735', 'Eval.Gen.value_accuracy_best': '3.4117'}
[E=2/40, S=1950] {'wandb': 'ReFT_small|gsm8k_python_sdp_galactica_125m_08', 'lr': '5.3018e-06', 'T.loss': '0.15741', 'Eval.Gen.value_accuracy_best': '3.4117'}
[E=2/40, S=1960] {'wandb': 'ReFT_small|gsm8k_python_sdp_galactica_125m_08', 'lr': '5.329e-06', 'T.loss': '0.2854', 'Eval.Gen.value_accuracy_best': '3.4117'}
[E=2/40, S=1970] {'wandb': 'ReFT_small|gsm8k_python_sdp_galactica_125m_08', 'lr': '5.3562e-06', 'T.loss': '0.23633', 'Eval.Gen.value_accuracy_best': '3.4117'}
[E=2/40, S=1980] {'wandb': 'ReFT_small|gsm8k_python_sdp_galactica_125m_08', 'lr': '5.3834e-06', 'T.loss': '0.23718', 'Eval.Gen.value_accuracy_best': '3.4117'}
[E=2/40, S=1990] {'wandb': 'ReFT_small|gsm8k_python_sdp_galactica_125m_08', 'lr': '5.4105e-06', 'T.loss': '0.33716', 'Eval.Gen.value_accuracy_best': '3.4117'}
[E=2/40, S=2000] {'wandb': 'ReFT_small|gsm8k_python_sdp_galactica_125m_08', 'lr': '5.4377e-06', 'T.loss': '0.28223', 'Eval.Gen.value_accuracy_best': '3.4117'}
[E=2/40, S=2010] {'wandb': 'ReFT_small|gsm8k_python_sdp_galactica_125m_08', 'lr': '5.4649e-06', 'T.loss': '0.26965', 'Eval.Gen.value_accuracy_best': '3.4117'}
[2025-06-05 18:37:36,146] [INFO] [loss_scaler.py:183:update_scale] [deepspeed] OVERFLOW! Rank 0 Skipping step. Attempted loss scale: 65536, reducing to 32768
[E=2/40, S=2020] {'wandb': 'ReFT_small|gsm8k_python_sdp_galactica_125m_08', 'lr': '5.4921e-06', 'T.loss': '0.23816', 'Eval.Gen.value_accuracy_best': '3.4117'}
[E=2/40, S=2030] {'wandb': 'ReFT_small|gsm8k_python_sdp_galactica_125m_08', 'lr': '5.5193e-06', 'T.loss': '0.20679', 'Eval.Gen.value_accuracy_best': '3.4117'}
[E=2/40, S=2040] {'wandb': 'ReFT_small|gsm8k_python_sdp_galactica_125m_08', 'lr': '5.5465e-06', 'T.loss': '0.29907', 'Eval.Gen.value_accuracy_best': '3.4117'}
[E=2/40, S=2050] {'wandb': 'ReFT_small|gsm8k_python_sdp_galactica_125m_08', 'lr': '5.5737e-06', 'T.loss': '0.30432', 'Eval.Gen.value_accuracy_best': '3.4117'}
[E=2/40, S=2060] {'wandb': 'ReFT_small|gsm8k_python_sdp_galactica_125m_08', 'lr': '5.6009e-06', 'T.loss': '0.19476', 'Eval.Gen.value_accuracy_best': '3.4117'}
[E=2/40, S=2070] {'wandb': 'ReFT_small|gsm8k_python_sdp_galactica_125m_08', 'lr': '5.6281e-06', 'T.loss': '0.19958', 'Eval.Gen.value_accuracy_best': '3.4117'}
[E=2/40, S=2080] {'wandb': 'ReFT_small|gsm8k_python_sdp_galactica_125m_08', 'lr': '5.6552e-06', 'T.loss': '0.27094', 'Eval.Gen.value_accuracy_best': '3.4117'}
[E=2/40, S=2090] {'wandb': 'ReFT_small|gsm8k_python_sdp_galactica_125m_08', 'lr': '5.6824e-06', 'T.loss': '0.19733', 'Eval.Gen.value_accuracy_best': '3.4117'}
[E=2/40, S=2100] {'wandb': 'ReFT_small|gsm8k_python_sdp_galactica_125m_08', 'lr': '5.7096e-06', 'T.loss': '0.26355', 'Eval.Gen.value_accuracy_best': '3.4117'}
[E=2/40, S=2110] {'wandb': 'ReFT_small|gsm8k_python_sdp_galactica_125m_08', 'lr': '5.7368e-06', 'T.loss': '0.17346', 'Eval.Gen.value_accuracy_best': '3.4117'}
[E=2/40, S=2120] {'wandb': 'ReFT_small|gsm8k_python_sdp_galactica_125m_08', 'lr': '5.764e-06', 'T.loss': '0.26758', 'Eval.Gen.value_accuracy_best': '3.4117'}
[E=2/40, S=2130] {'wandb': 'ReFT_small|gsm8k_python_sdp_galactica_125m_08', 'lr': '5.7912e-06', 'T.loss': '0.20276', 'Eval.Gen.value_accuracy_best': '3.4117'}
[E=2/40, S=2140] {'wandb': 'ReFT_small|gsm8k_python_sdp_galactica_125m_08', 'lr': '5.8184e-06', 'T.loss': '0.16022', 'Eval.Gen.value_accuracy_best': '3.4117'}
[E=2/40, S=2150] {'wandb': 'ReFT_small|gsm8k_python_sdp_galactica_125m_08', 'lr': '5.8456e-06', 'T.loss': '0.22034', 'Eval.Gen.value_accuracy_best': '3.4117'}
[E=2/40, S=2160] {'wandb': 'ReFT_small|gsm8k_python_sdp_galactica_125m_08', 'lr': '5.8728e-06', 'T.loss': '0.2395', 'Eval.Gen.value_accuracy_best': '3.4117'}
[E=2/40, S=2170] {'wandb': 'ReFT_small|gsm8k_python_sdp_galactica_125m_08', 'lr': '5.8999e-06', 'T.loss': '0.26379', 'Eval.Gen.value_accuracy_best': '3.4117'}
[E=2/40, S=2180] {'wandb': 'ReFT_small|gsm8k_python_sdp_galactica_125m_08', 'lr': '5.9271e-06', 'T.loss': '0.20898', 'Eval.Gen.value_accuracy_best': '3.4117'}
[E=2/40, S=2190] {'wandb': 'ReFT_small|gsm8k_python_sdp_galactica_125m_08', 'lr': '5.9543e-06', 'T.loss': '0.2536', 'Eval.Gen.value_accuracy_best': '3.4117'}
[E=2/40, S=2200] {'wandb': 'ReFT_small|gsm8k_python_sdp_galactica_125m_08', 'lr': '5.9815e-06', 'T.loss': '0.21924', 'Eval.Gen.value_accuracy_best': '3.4117'}
[E=2/40, S=2210] {'wandb': 'ReFT_small|gsm8k_python_sdp_galactica_125m_08', 'lr': '6.0087e-06', 'T.loss': '0.21863', 'Eval.Gen.value_accuracy_best': '3.4117'}
[E=2/40, S=2220] {'wandb': 'ReFT_small|gsm8k_python_sdp_galactica_125m_08', 'lr': '6.0359e-06', 'T.loss': '0.20532', 'Eval.Gen.value_accuracy_best': '3.4117'}
[E=2/40, S=2230] {'wandb': 'ReFT_small|gsm8k_python_sdp_galactica_125m_08', 'lr': '6.0631e-06', 'T.loss': '0.2373', 'Eval.Gen.value_accuracy_best': '3.4117'}
[E=2/40, S=2240] {'wandb': 'ReFT_small|gsm8k_python_sdp_galactica_125m_08', 'lr': '6.0903e-06', 'T.loss': '0.30554', 'Eval.Gen.value_accuracy_best': '3.4117'}
[E=2/40, S=2250] {'wandb': 'ReFT_small|gsm8k_python_sdp_galactica_125m_08', 'lr': '6.1175e-06', 'T.loss': '0.31836', 'Eval.Gen.value_accuracy_best': '3.4117'}
[E=2/40, S=2260] {'wandb': 'ReFT_small|gsm8k_python_sdp_galactica_125m_08', 'lr': '6.1446e-06', 'T.loss': '0.28381', 'Eval.Gen.value_accuracy_best': '3.4117'}
[E=2/40, S=2270] {'wandb': 'ReFT_small|gsm8k_python_sdp_galactica_125m_08', 'lr': '6.1718e-06', 'T.loss': '0.27576', 'Eval.Gen.value_accuracy_best': '3.4117'}
[E=2/40, S=2280] {'wandb': 'ReFT_small|gsm8k_python_sdp_galactica_125m_08', 'lr': '6.199e-06', 'T.loss': '0.2019', 'Eval.Gen.value_accuracy_best': '3.4117'}
[E=2/40, S=2290] {'wandb': 'ReFT_small|gsm8k_python_sdp_galactica_125m_08', 'lr': '6.2262e-06', 'T.loss': '0.26147', 'Eval.Gen.value_accuracy_best': '3.4117'}
[E=2/40, S=2300] {'wandb': 'ReFT_small|gsm8k_python_sdp_galactica_125m_08', 'lr': '6.2534e-06', 'T.loss': '0.25879', 'Eval.Gen.value_accuracy_best': '3.4117'}
[E=2/40, S=2310] {'wandb': 'ReFT_small|gsm8k_python_sdp_galactica_125m_08', 'lr': '6.2806e-06', 'T.loss': '0.29443', 'Eval.Gen.value_accuracy_best': '3.4117'}
[E=2/40, S=2320] {'wandb': 'ReFT_small|gsm8k_python_sdp_galactica_125m_08', 'lr': '6.3078e-06', 'T.loss': '0.18896', 'Eval.Gen.value_accuracy_best': '3.4117'}
[E=2/40, S=2330] {'wandb': 'ReFT_small|gsm8k_python_sdp_galactica_125m_08', 'lr': '6.335e-06', 'T.loss': '0.26233', 'Eval.Gen.value_accuracy_best': '3.4117'}
[E=2/40, S=2340] {'wandb': 'ReFT_small|gsm8k_python_sdp_galactica_125m_08', 'lr': '6.3622e-06', 'T.loss': '0.22601', 'Eval.Gen.value_accuracy_best': '3.4117'}
[E=2/40, S=2350] {'wandb': 'ReFT_small|gsm8k_python_sdp_galactica_125m_08', 'lr': '6.3893e-06', 'T.loss': '0.2215', 'Eval.Gen.value_accuracy_best': '3.4117'}
[E=2/40, S=2360] {'wandb': 'ReFT_small|gsm8k_python_sdp_galactica_125m_08', 'lr': '6.4165e-06', 'T.loss': '0.20306', 'Eval.Gen.value_accuracy_best': '3.4117'}
[E=2/40, S=2370] {'wandb': 'ReFT_small|gsm8k_python_sdp_galactica_125m_08', 'lr': '6.4437e-06', 'T.loss': '0.22174', 'Eval.Gen.value_accuracy_best': '3.4117'}
[E=2/40, S=2380] {'wandb': 'ReFT_small|gsm8k_python_sdp_galactica_125m_08', 'lr': '6.4709e-06', 'T.loss': '0.25574', 'Eval.Gen.value_accuracy_best': '3.4117'}
[E=2/40, S=2390] {'wandb': 'ReFT_small|gsm8k_python_sdp_galactica_125m_08', 'lr': '6.4981e-06', 'T.loss': '0.23071', 'Eval.Gen.value_accuracy_best': '3.4117'}
[E=2/40, S=2400] {'wandb': 'ReFT_small|gsm8k_python_sdp_galactica_125m_08', 'lr': '6.5253e-06', 'T.loss': '0.13983', 'Eval.Gen.value_accuracy_best': '3.4117'}
[E=2/40, S=2410] {'wandb': 'ReFT_small|gsm8k_python_sdp_galactica_125m_08', 'lr': '6.5525e-06', 'T.loss': '0.29041', 'Eval.Gen.value_accuracy_best': '3.4117'}
[E=2/40, S=2420] {'wandb': 'ReFT_small|gsm8k_python_sdp_galactica_125m_08', 'lr': '6.5797e-06', 'T.loss': '0.28516', 'Eval.Gen.value_accuracy_best': '3.4117'}
[E=2/40, S=2430] {'wandb': 'ReFT_small|gsm8k_python_sdp_galactica_125m_08', 'lr': '6.6069e-06', 'T.loss': '0.28149', 'Eval.Gen.value_accuracy_best': '3.4117'}
[E=2/40, S=2440] {'wandb': 'ReFT_small|gsm8k_python_sdp_galactica_125m_08', 'lr': '6.634e-06', 'T.loss': '0.20422', 'Eval.Gen.value_accuracy_best': '3.4117'}
[E=2/40, S=2450] {'wandb': 'ReFT_small|gsm8k_python_sdp_galactica_125m_08', 'lr': '6.6612e-06', 'T.loss': '0.19635', 'Eval.Gen.value_accuracy_best': '3.4117'}
[E=2/40, S=2460] {'wandb': 'ReFT_small|gsm8k_python_sdp_galactica_125m_08', 'lr': '6.6884e-06', 'T.loss': '0.20251', 'Eval.Gen.value_accuracy_best': '3.4117'}
[E=2/40, S=2470] {'wandb': 'ReFT_small|gsm8k_python_sdp_galactica_125m_08', 'lr': '6.7156e-06', 'T.loss': '0.1955', 'Eval.Gen.value_accuracy_best': '3.4117'}
[E=2/40, S=2480] {'wandb': 'ReFT_small|gsm8k_python_sdp_galactica_125m_08', 'lr': '6.7428e-06', 'T.loss': '0.21741', 'Eval.Gen.value_accuracy_best': '3.4117'}
[E=2/40, S=2490] {'wandb': 'ReFT_small|gsm8k_python_sdp_galactica_125m_08', 'lr': '6.77e-06', 'T.loss': '0.21393', 'Eval.Gen.value_accuracy_best': '3.4117'}
[E=2/40, S=2500] {'wandb': 'ReFT_small|gsm8k_python_sdp_galactica_125m_08', 'lr': '6.7972e-06', 'T.loss': '0.25427', 'Eval.Gen.value_accuracy_best': '3.4117'}
[E=2/40, S=2510] {'wandb': 'ReFT_small|gsm8k_python_sdp_galactica_125m_08', 'lr': '6.8244e-06', 'T.loss': '0.22919', 'Eval.Gen.value_accuracy_best': '3.4117'}
[E=2/40, S=2520] {'wandb': 'ReFT_small|gsm8k_python_sdp_galactica_125m_08', 'lr': '6.8515e-06', 'T.loss': '0.19543', 'Eval.Gen.value_accuracy_best': '3.4117'}
[E=2/40, S=2530] {'wandb': 'ReFT_small|gsm8k_python_sdp_galactica_125m_08', 'lr': '6.8787e-06', 'T.loss': '0.23309', 'Eval.Gen.value_accuracy_best': '3.4117'}
[E=2/40, S=2540] {'wandb': 'ReFT_small|gsm8k_python_sdp_galactica_125m_08', 'lr': '6.9059e-06', 'T.loss': '0.2804', 'Eval.Gen.value_accuracy_best': '3.4117'}
[E=2/40, S=2550] {'wandb': 'ReFT_small|gsm8k_python_sdp_galactica_125m_08', 'lr': '6.9331e-06', 'T.loss': '0.21112', 'Eval.Gen.value_accuracy_best': '3.4117'}
[E=2/40, S=2560] {'wandb': 'ReFT_small|gsm8k_python_sdp_galactica_125m_08', 'lr': '6.9603e-06', 'T.loss': '0.30786', 'Eval.Gen.value_accuracy_best': '3.4117'}
[E=2/40, S=2570] {'wandb': 'ReFT_small|gsm8k_python_sdp_galactica_125m_08', 'lr': '6.9875e-06', 'T.loss': '0.21252', 'Eval.Gen.value_accuracy_best': '3.4117'}
[E=2/40, S=2580] {'wandb': 'ReFT_small|gsm8k_python_sdp_galactica_125m_08', 'lr': '7.0147e-06', 'T.loss': '0.20966', 'Eval.Gen.value_accuracy_best': '3.4117'}
[E=2/40, S=2590] {'wandb': 'ReFT_small|gsm8k_python_sdp_galactica_125m_08', 'lr': '7.0419e-06', 'T.loss': '0.24292', 'Eval.Gen.value_accuracy_best': '3.4117'}
[E=2/40, S=2600] {'wandb': 'ReFT_small|gsm8k_python_sdp_galactica_125m_08', 'lr': '7.0691e-06', 'T.loss': '0.19409', 'Eval.Gen.value_accuracy_best': '3.4117'}
[E=2/40, S=2610] {'wandb': 'ReFT_small|gsm8k_python_sdp_galactica_125m_08', 'lr': '7.0962e-06', 'T.loss': '0.18701', 'Eval.Gen.value_accuracy_best': '3.4117'}
[E=2/40, S=2620] {'wandb': 'ReFT_small|gsm8k_python_sdp_galactica_125m_08', 'lr': '7.1234e-06', 'T.loss': '0.25653', 'Eval.Gen.value_accuracy_best': '3.4117'}
[E=2/40, S=2630] {'wandb': 'ReFT_small|gsm8k_python_sdp_galactica_125m_08', 'lr': '7.1506e-06', 'T.loss': '0.21979', 'Eval.Gen.value_accuracy_best': '3.4117'}
[E=2/40, S=2640] {'wandb': 'ReFT_small|gsm8k_python_sdp_galactica_125m_08', 'lr': '7.1778e-06', 'T.loss': '0.23645', 'Eval.Gen.value_accuracy_best': '3.4117'}
[E=2/40, S=2650] {'wandb': 'ReFT_small|gsm8k_python_sdp_galactica_125m_08', 'lr': '7.205e-06', 'T.loss': '0.15509', 'Eval.Gen.value_accuracy_best': '3.4117'}
[E=2/40, S=2660] {'wandb': 'ReFT_small|gsm8k_python_sdp_galactica_125m_08', 'lr': '7.2322e-06', 'T.loss': '0.24713', 'Eval.Gen.value_accuracy_best': '3.4117'}
[E=2/40, S=2670] {'wandb': 'ReFT_small|gsm8k_python_sdp_galactica_125m_08', 'lr': '7.2594e-06', 'T.loss': '0.26514', 'Eval.Gen.value_accuracy_best': '3.4117'}
[E=2/40, S=2680] {'wandb': 'ReFT_small|gsm8k_python_sdp_galactica_125m_08', 'lr': '7.2866e-06', 'T.loss': '0.15405', 'Eval.Gen.value_accuracy_best': '3.4117'}
[E=2/40, S=2690] {'wandb': 'ReFT_small|gsm8k_python_sdp_galactica_125m_08', 'lr': '7.3138e-06', 'T.loss': '0.21478', 'Eval.Gen.value_accuracy_best': '3.4117'}
[E=2/40, S=2700] {'wandb': 'ReFT_small|gsm8k_python_sdp_galactica_125m_08', 'lr': '7.3409e-06', 'T.loss': '0.26855', 'Eval.Gen.value_accuracy_best': '3.4117'}
[E=2/40, S=2710] {'wandb': 'ReFT_small|gsm8k_python_sdp_galactica_125m_08', 'lr': '7.3681e-06', 'T.loss': '0.30115', 'Eval.Gen.value_accuracy_best': '3.4117'}
[E=2/40, S=2720] {'wandb': 'ReFT_small|gsm8k_python_sdp_galactica_125m_08', 'lr': '7.3953e-06', 'T.loss': '0.2926', 'Eval.Gen.value_accuracy_best': '3.4117'}
[E=2/40, S=2730] {'wandb': 'ReFT_small|gsm8k_python_sdp_galactica_125m_08', 'lr': '7.4225e-06', 'T.loss': '0.23169', 'Eval.Gen.value_accuracy_best': '3.4117'}
[E=2/40, S=2740] {'wandb': 'ReFT_small|gsm8k_python_sdp_galactica_125m_08', 'lr': '7.4497e-06', 'T.loss': '0.18207', 'Eval.Gen.value_accuracy_best': '3.4117'}
[E=2/40, S=2750] {'wandb': 'ReFT_small|gsm8k_python_sdp_galactica_125m_08', 'lr': '7.4769e-06', 'T.loss': '0.22443', 'Eval.Gen.value_accuracy_best': '3.4117'}
[E=2/40, S=2760] {'wandb': 'ReFT_small|gsm8k_python_sdp_galactica_125m_08', 'lr': '7.5041e-06', 'T.loss': '0.1991', 'Eval.Gen.value_accuracy_best': '3.4117'}
[E=2/40, S=2770] {'wandb': 'ReFT_small|gsm8k_python_sdp_galactica_125m_08', 'lr': '7.5313e-06', 'T.loss': '0.23407', 'Eval.Gen.value_accuracy_best': '3.4117'}
[E=2/40, S=2780] {'wandb': 'ReFT_small|gsm8k_python_sdp_galactica_125m_08', 'lr': '7.5585e-06', 'T.loss': '0.25696', 'Eval.Gen.value_accuracy_best': '3.4117'}
[E=2/40, S=2790] {'wandb': 'ReFT_small|gsm8k_python_sdp_galactica_125m_08', 'lr': '7.5856e-06', 'T.loss': '0.2016', 'Eval.Gen.value_accuracy_best': '3.4117'}
[E=2/40, S=2800] {'wandb': 'ReFT_small|gsm8k_python_sdp_galactica_125m_08', 'lr': '7.6128e-06', 'T.loss': '0.19287', 'Eval.Gen.value_accuracy_best': '3.4117'}
[E=2/40, S=2810] {'wandb': 'ReFT_small|gsm8k_python_sdp_galactica_125m_08', 'lr': '7.64e-06', 'T.loss': '0.20721', 'Eval.Gen.value_accuracy_best': '3.4117'}
[E=2/40, S=2820] {'wandb': 'ReFT_small|gsm8k_python_sdp_galactica_125m_08', 'lr': '7.6672e-06', 'T.loss': '0.2146', 'Eval.Gen.value_accuracy_best': '3.4117'}
[E=2/40, S=2830] {'wandb': 'ReFT_small|gsm8k_python_sdp_galactica_125m_08', 'lr': '7.6944e-06', 'T.loss': '0.17731', 'Eval.Gen.value_accuracy_best': '3.4117'}
[E=2/40, S=2840] {'wandb': 'ReFT_small|gsm8k_python_sdp_galactica_125m_08', 'lr': '7.7216e-06', 'T.loss': '0.22644', 'Eval.Gen.value_accuracy_best': '3.4117'}
[E=2/40, S=2850] {'wandb': 'ReFT_small|gsm8k_python_sdp_galactica_125m_08', 'lr': '7.7488e-06', 'T.loss': '0.19891', 'Eval.Gen.value_accuracy_best': '3.4117'}
[E=2/40, S=2860] {'wandb': 'ReFT_small|gsm8k_python_sdp_galactica_125m_08', 'lr': '7.776e-06', 'T.loss': '0.25421', 'Eval.Gen.value_accuracy_best': '3.4117'}
[E=2/40, S=2870] {'wandb': 'ReFT_small|gsm8k_python_sdp_galactica_125m_08', 'lr': '7.8032e-06', 'T.loss': '0.26636', 'Eval.Gen.value_accuracy_best': '3.4117'}
[E=2/40, S=2880] {'wandb': 'ReFT_small|gsm8k_python_sdp_galactica_125m_08', 'lr': '7.8303e-06', 'T.loss': '0.21173', 'Eval.Gen.value_accuracy_best': '3.4117'}
[E=2/40, S=2890] {'wandb': 'ReFT_small|gsm8k_python_sdp_galactica_125m_08', 'lr': '7.8575e-06', 'T.loss': '0.19537', 'Eval.Gen.value_accuracy_best': '3.4117'}
[E=2/40, S=2900] {'wandb': 'ReFT_small|gsm8k_python_sdp_galactica_125m_08', 'lr': '7.8847e-06', 'T.loss': '0.16364', 'Eval.Gen.value_accuracy_best': '3.4117'}
[E=2/40, S=2910] {'wandb': 'ReFT_small|gsm8k_python_sdp_galactica_125m_08', 'lr': '7.9119e-06', 'T.loss': '0.31348', 'Eval.Gen.value_accuracy_best': '3.4117'}
[E=2/40, S=2920] {'wandb': 'ReFT_small|gsm8k_python_sdp_galactica_125m_08', 'lr': '7.9391e-06', 'T.loss': '0.22849', 'Eval.Gen.value_accuracy_best': '3.4117'}
[E=2/40, S=2930] {'wandb': 'ReFT_small|gsm8k_python_sdp_galactica_125m_08', 'lr': '7.9663e-06', 'T.loss': '0.1579', 'Eval.Gen.value_accuracy_best': '3.4117'}
[E=2/40, S=2940] {'wandb': 'ReFT_small|gsm8k_python_sdp_galactica_125m_08', 'lr': '7.9935e-06', 'T.loss': '0.22723', 'Eval.Gen.value_accuracy_best': '3.4117'}
[E=2/40, S=2950] {'wandb': 'ReFT_small|gsm8k_python_sdp_galactica_125m_08', 'lr': '8.0207e-06', 'T.loss': '0.18719', 'Eval.Gen.value_accuracy_best': '3.4117'}
[E=2/40, S=2960] {'wandb': 'ReFT_small|gsm8k_python_sdp_galactica_125m_08', 'lr': '8.0479e-06', 'T.loss': '0.24561', 'Eval.Gen.value_accuracy_best': '3.4117'}
[E=2/40, S=2970] {'wandb': 'ReFT_small|gsm8k_python_sdp_galactica_125m_08', 'lr': '8.075e-06', 'T.loss': '0.27209', 'Eval.Gen.value_accuracy_best': '3.4117'}
[E=2/40, S=2980] {'wandb': 'ReFT_small|gsm8k_python_sdp_galactica_125m_08', 'lr': '8.1022e-06', 'T.loss': '0.22284', 'Eval.Gen.value_accuracy_best': '3.4117'}
[E=2/40, S=2990] {'wandb': 'ReFT_small|gsm8k_python_sdp_galactica_125m_08', 'lr': '8.1294e-06', 'T.loss': '0.16724', 'Eval.Gen.value_accuracy_best': '3.4117'}
[E=2/40, S=3000] {'wandb': 'ReFT_small|gsm8k_python_sdp_galactica_125m_08', 'lr': '8.1566e-06', 'T.loss': '0.21906', 'Eval.Gen.value_accuracy_best': '3.4117'}
[E=2/40, S=3010] {'wandb': 'ReFT_small|gsm8k_python_sdp_galactica_125m_08', 'lr': '8.1838e-06', 'T.loss': '0.26965', 'Eval.Gen.value_accuracy_best': '3.4117'}
[2025-06-05 18:39:00,723] [INFO] [loss_scaler.py:183:update_scale] [deepspeed] OVERFLOW! Rank 0 Skipping step. Attempted loss scale: 65536, reducing to 32768
[E=2/40, S=3020] {'wandb': 'ReFT_small|gsm8k_python_sdp_galactica_125m_08', 'lr': '8.211e-06', 'T.loss': '0.20026', 'Eval.Gen.value_accuracy_best': '3.4117'}
[E=2/40, S=3030] {'wandb': 'ReFT_small|gsm8k_python_sdp_galactica_125m_08', 'lr': '8.2382e-06', 'T.loss': '0.19238', 'Eval.Gen.value_accuracy_best': '3.4117'}
[E=2/40, S=3040] {'wandb': 'ReFT_small|gsm8k_python_sdp_galactica_125m_08', 'lr': '8.2654e-06', 'T.loss': '0.30035', 'Eval.Gen.value_accuracy_best': '3.4117'}
[E=2/40, S=3050] {'wandb': 'ReFT_small|gsm8k_python_sdp_galactica_125m_08', 'lr': '8.2926e-06', 'T.loss': '0.17273', 'Eval.Gen.value_accuracy_best': '3.4117'}
[E=2/40, S=3060] {'wandb': 'ReFT_small|gsm8k_python_sdp_galactica_125m_08', 'lr': '8.3197e-06', 'T.loss': '0.24554', 'Eval.Gen.value_accuracy_best': '3.4117'}
[E=2/40, S=3070] {'wandb': 'ReFT_small|gsm8k_python_sdp_galactica_125m_08', 'lr': '8.3469e-06', 'T.loss': '0.23157', 'Eval.Gen.value_accuracy_best': '3.4117'}
[E=2/40, S=3080] {'wandb': 'ReFT_small|gsm8k_python_sdp_galactica_125m_08', 'lr': '8.3741e-06', 'T.loss': '0.22382', 'Eval.Gen.value_accuracy_best': '3.4117'}
[E=2/40, S=3090] {'wandb': 'ReFT_small|gsm8k_python_sdp_galactica_125m_08', 'lr': '8.4013e-06', 'T.loss': '0.19586', 'Eval.Gen.value_accuracy_best': '3.4117'}
[E=2/40, S=3100] {'wandb': 'ReFT_small|gsm8k_python_sdp_galactica_125m_08', 'lr': '8.4285e-06', 'T.loss': '0.31201', 'Eval.Gen.value_accuracy_best': '3.4117'}
[E=2/40, S=3110] {'wandb': 'ReFT_small|gsm8k_python_sdp_galactica_125m_08', 'lr': '8.4557e-06', 'T.loss': '0.16742', 'Eval.Gen.value_accuracy_best': '3.4117'}
[E=2/40, S=3120] {'wandb': 'ReFT_small|gsm8k_python_sdp_galactica_125m_08', 'lr': '8.4829e-06', 'T.loss': '0.21027', 'Eval.Gen.value_accuracy_best': '3.4117'}
[E=2/40, S=3130] {'wandb': 'ReFT_small|gsm8k_python_sdp_galactica_125m_08', 'lr': '8.5101e-06', 'T.loss': '0.19379', 'Eval.Gen.value_accuracy_best': '3.4117'}
[E=2/40, S=3140] {'wandb': 'ReFT_small|gsm8k_python_sdp_galactica_125m_08', 'lr': '8.5372e-06', 'T.loss': '0.19159', 'Eval.Gen.value_accuracy_best': '3.4117'}
[E=2/40, S=3150] {'wandb': 'ReFT_small|gsm8k_python_sdp_galactica_125m_08', 'lr': '8.5644e-06', 'T.loss': '0.1828', 'Eval.Gen.value_accuracy_best': '3.4117'}
[E=2/40, S=3160] {'wandb': 'ReFT_small|gsm8k_python_sdp_galactica_125m_08', 'lr': '8.5916e-06', 'T.loss': '0.2395', 'Eval.Gen.value_accuracy_best': '3.4117'}
[E=2/40, S=3170] {'wandb': 'ReFT_small|gsm8k_python_sdp_galactica_125m_08', 'lr': '8.6188e-06', 'T.loss': '0.18231', 'Eval.Gen.value_accuracy_best': '3.4117'}
[E=2/40, S=3180] {'wandb': 'ReFT_small|gsm8k_python_sdp_galactica_125m_08', 'lr': '8.646e-06', 'T.loss': '0.25018', 'Eval.Gen.value_accuracy_best': '3.4117'}
[E=2/40, S=3190] {'wandb': 'ReFT_small|gsm8k_python_sdp_galactica_125m_08', 'lr': '8.6732e-06', 'T.loss': '0.14325', 'Eval.Gen.value_accuracy_best': '3.4117'}
[E=2/40, S=3200] {'wandb': 'ReFT_small|gsm8k_python_sdp_galactica_125m_08', 'lr': '8.7004e-06', 'T.loss': '0.31781', 'Eval.Gen.value_accuracy_best': '3.4117'}
[E=2/40, S=3210] {'wandb': 'ReFT_small|gsm8k_python_sdp_galactica_125m_08', 'lr': '8.7276e-06', 'T.loss': '0.20178', 'Eval.Gen.value_accuracy_best': '3.4117'}
[E=2/40, S=3220] {'wandb': 'ReFT_small|gsm8k_python_sdp_galactica_125m_08', 'lr': '8.7548e-06', 'T.loss': '0.20093', 'Eval.Gen.value_accuracy_best': '3.4117'}
[E=2/40, S=3230] {'wandb': 'ReFT_small|gsm8k_python_sdp_galactica_125m_08', 'lr': '8.7819e-06', 'T.loss': '0.22321', 'Eval.Gen.value_accuracy_best': '3.4117'}
[E=2/40, S=3240] {'wandb': 'ReFT_small|gsm8k_python_sdp_galactica_125m_08', 'lr': '8.8091e-06', 'T.loss': '0.15747', 'Eval.Gen.value_accuracy_best': '3.4117'}
[E=2/40, S=3250] {'wandb': 'ReFT_small|gsm8k_python_sdp_galactica_125m_08', 'lr': '8.8363e-06', 'T.loss': '0.26764', 'Eval.Gen.value_accuracy_best': '3.4117'}
[E=2/40, S=3260] {'wandb': 'ReFT_small|gsm8k_python_sdp_galactica_125m_08', 'lr': '8.8635e-06', 'T.loss': '0.19208', 'Eval.Gen.value_accuracy_best': '3.4117'}
[E=2/40, S=3270] {'wandb': 'ReFT_small|gsm8k_python_sdp_galactica_125m_08', 'lr': '8.8907e-06', 'T.loss': '0.16028', 'Eval.Gen.value_accuracy_best': '3.4117'}
[E=2/40, S=3280] {'wandb': 'ReFT_small|gsm8k_python_sdp_galactica_125m_08', 'lr': '8.9179e-06', 'T.loss': '0.21124', 'Eval.Gen.value_accuracy_best': '3.4117'}
[E=2/40, S=3290] {'wandb': 'ReFT_small|gsm8k_python_sdp_galactica_125m_08', 'lr': '8.9451e-06', 'T.loss': '0.18713', 'Eval.Gen.value_accuracy_best': '3.4117'}
[E=2/40, S=3300] {'wandb': 'ReFT_small|gsm8k_python_sdp_galactica_125m_08', 'lr': '8.9723e-06', 'T.loss': '0.17609', 'Eval.Gen.value_accuracy_best': '3.4117'}
[E=2/40, S=3310] {'wandb': 'ReFT_small|gsm8k_python_sdp_galactica_125m_08', 'lr': '8.9995e-06', 'T.loss': '0.26599', 'Eval.Gen.value_accuracy_best': '3.4117'}
[E=2/40, S=3320] {'wandb': 'ReFT_small|gsm8k_python_sdp_galactica_125m_08', 'lr': '9.0266e-06', 'T.loss': '0.18768', 'Eval.Gen.value_accuracy_best': '3.4117'}
[E=2/40, S=3330] {'wandb': 'ReFT_small|gsm8k_python_sdp_galactica_125m_08', 'lr': '9.0538e-06', 'T.loss': '0.19794', 'Eval.Gen.value_accuracy_best': '3.4117'}
[E=2/40, S=3340] {'wandb': 'ReFT_small|gsm8k_python_sdp_galactica_125m_08', 'lr': '9.081e-06', 'T.loss': '0.19263', 'Eval.Gen.value_accuracy_best': '3.4117'}
[E=2/40, S=3350] {'wandb': 'ReFT_small|gsm8k_python_sdp_galactica_125m_08', 'lr': '9.1082e-06', 'T.loss': '0.18848', 'Eval.Gen.value_accuracy_best': '3.4117'}
[E=2/40, S=3360] {'wandb': 'ReFT_small|gsm8k_python_sdp_galactica_125m_08', 'lr': '9.1354e-06', 'T.loss': '0.22839', 'Eval.Gen.value_accuracy_best': '3.4117'}
[E=2/40, S=3370] {'wandb': 'ReFT_small|gsm8k_python_sdp_galactica_125m_08', 'lr': '9.1626e-06', 'T.loss': '0.237', 'Eval.Gen.value_accuracy_best': '3.4117'}
[E=2/40, S=3380] {'wandb': 'ReFT_small|gsm8k_python_sdp_galactica_125m_08', 'lr': '9.1898e-06', 'T.loss': '0.19525', 'Eval.Gen.value_accuracy_best': '3.4117'}
[E=2/40, S=3390] {'wandb': 'ReFT_small|gsm8k_python_sdp_galactica_125m_08', 'lr': '9.217e-06', 'T.loss': '0.17871', 'Eval.Gen.value_accuracy_best': '3.4117'}
[E=2/40, S=3400] {'wandb': 'ReFT_small|gsm8k_python_sdp_galactica_125m_08', 'lr': '9.2442e-06', 'T.loss': '0.19574', 'Eval.Gen.value_accuracy_best': '3.4117'}
[E=2/40, S=3410] {'wandb': 'ReFT_small|gsm8k_python_sdp_galactica_125m_08', 'lr': '9.2713e-06', 'T.loss': '0.19647', 'Eval.Gen.value_accuracy_best': '3.4117'}
[E=2/40, S=3420] {'wandb': 'ReFT_small|gsm8k_python_sdp_galactica_125m_08', 'lr': '9.2985e-06', 'T.loss': '0.26331', 'Eval.Gen.value_accuracy_best': '3.4117'}
[E=2/40, S=3430] {'wandb': 'ReFT_small|gsm8k_python_sdp_galactica_125m_08', 'lr': '9.3257e-06', 'T.loss': '0.21185', 'Eval.Gen.value_accuracy_best': '3.4117'}
[E=2/40, S=3440] {'wandb': 'ReFT_small|gsm8k_python_sdp_galactica_125m_08', 'lr': '9.3529e-06', 'T.loss': '0.15564', 'Eval.Gen.value_accuracy_best': '3.4117'}
[E=2/40, S=3450] {'wandb': 'ReFT_small|gsm8k_python_sdp_galactica_125m_08', 'lr': '9.3801e-06', 'T.loss': '0.19519', 'Eval.Gen.value_accuracy_best': '3.4117'}
[E=2/40, S=3460] {'wandb': 'ReFT_small|gsm8k_python_sdp_galactica_125m_08', 'lr': '9.4073e-06', 'T.loss': '0.21301', 'Eval.Gen.value_accuracy_best': '3.4117'}
[E=2/40, S=3470] {'wandb': 'ReFT_small|gsm8k_python_sdp_galactica_125m_08', 'lr': '9.4345e-06', 'T.loss': '0.18884', 'Eval.Gen.value_accuracy_best': '3.4117'}
[E=2/40, S=3480] {'wandb': 'ReFT_small|gsm8k_python_sdp_galactica_125m_08', 'lr': '9.4617e-06', 'T.loss': '0.22449', 'Eval.Gen.value_accuracy_best': '3.4117'}
[E=2/40, S=3490] {'wandb': 'ReFT_small|gsm8k_python_sdp_galactica_125m_08', 'lr': '9.4889e-06', 'T.loss': '0.21716', 'Eval.Gen.value_accuracy_best': '3.4117'}
[E=2/40, S=3500] {'wandb': 'ReFT_small|gsm8k_python_sdp_galactica_125m_08', 'lr': '9.516e-06', 'T.loss': '0.21783', 'Eval.Gen.value_accuracy_best': '3.4117'}
[E=2/40, S=3510] {'wandb': 'ReFT_small|gsm8k_python_sdp_galactica_125m_08', 'lr': '9.5432e-06', 'T.loss': '0.22198', 'Eval.Gen.value_accuracy_best': '3.4117'}
[E=2/40, S=3520] {'wandb': 'ReFT_small|gsm8k_python_sdp_galactica_125m_08', 'lr': '9.5704e-06', 'T.loss': '0.21332', 'Eval.Gen.value_accuracy_best': '3.4117'}
[E=2/40, S=3530] {'wandb': 'ReFT_small|gsm8k_python_sdp_galactica_125m_08', 'lr': '9.5976e-06', 'T.loss': '0.20563', 'Eval.Gen.value_accuracy_best': '3.4117'}
[E=2/40, S=3540] {'wandb': 'ReFT_small|gsm8k_python_sdp_galactica_125m_08', 'lr': '9.6248e-06', 'T.loss': '0.17285', 'Eval.Gen.value_accuracy_best': '3.4117'}
[E=2/40, S=3550] {'wandb': 'ReFT_small|gsm8k_python_sdp_galactica_125m_08', 'lr': '9.652e-06', 'T.loss': '0.23181', 'Eval.Gen.value_accuracy_best': '3.4117'}
[E=2/40, S=3560] {'wandb': 'ReFT_small|gsm8k_python_sdp_galactica_125m_08', 'lr': '9.6792e-06', 'T.loss': '0.21454', 'Eval.Gen.value_accuracy_best': '3.4117'}
[E=2/40, S=3570] {'wandb': 'ReFT_small|gsm8k_python_sdp_galactica_125m_08', 'lr': '9.7064e-06', 'T.loss': '0.25201', 'Eval.Gen.value_accuracy_best': '3.4117'}
[E=2/40, S=3580] {'wandb': 'ReFT_small|gsm8k_python_sdp_galactica_125m_08', 'lr': '9.7336e-06', 'T.loss': '0.1861', 'Eval.Gen.value_accuracy_best': '3.4117'}
[E=2/40, S=3590] {'wandb': 'ReFT_small|gsm8k_python_sdp_galactica_125m_08', 'lr': '9.7607e-06', 'T.loss': '0.21057', 'Eval.Gen.value_accuracy_best': '3.4117'}
[E=2/40, S=3600] {'wandb': 'ReFT_small|gsm8k_python_sdp_galactica_125m_08', 'lr': '9.7879e-06', 'T.loss': '0.16574', 'Eval.Gen.value_accuracy_best': '3.4117'}
[E=2/40, S=3610] {'wandb': 'ReFT_small|gsm8k_python_sdp_galactica_125m_08', 'lr': '9.8151e-06', 'T.loss': '0.19836', 'Eval.Gen.value_accuracy_best': '3.4117'}
[E=2/40, S=3620] {'wandb': 'ReFT_small|gsm8k_python_sdp_galactica_125m_08', 'lr': '9.8423e-06', 'T.loss': '0.21918', 'Eval.Gen.value_accuracy_best': '3.4117'}
[E=2/40, S=3630] {'wandb': 'ReFT_small|gsm8k_python_sdp_galactica_125m_08', 'lr': '9.8695e-06', 'T.loss': '0.19293', 'Eval.Gen.value_accuracy_best': '3.4117'}
[E=2/40, S=3640] {'wandb': 'ReFT_small|gsm8k_python_sdp_galactica_125m_08', 'lr': '9.8967e-06', 'T.loss': '0.27509', 'Eval.Gen.value_accuracy_best': '3.4117'}
[E=2/40, S=3650] {'wandb': 'ReFT_small|gsm8k_python_sdp_galactica_125m_08', 'lr': '9.9239e-06', 'T.loss': '0.2655', 'Eval.Gen.value_accuracy_best': '3.4117'}
[E=2/40, S=3660] {'wandb': 'ReFT_small|gsm8k_python_sdp_galactica_125m_08', 'lr': '9.9511e-06', 'T.loss': '0.21576', 'Eval.Gen.value_accuracy_best': '3.4117'}
[E=2/40, S=3670] {'wandb': 'ReFT_small|gsm8k_python_sdp_galactica_125m_08', 'lr': '9.9782e-06', 'T.loss': '0.29578', 'Eval.Gen.value_accuracy_best': '3.4117'}
name 'eggs_per_day_price' is not defined
'(' was never closed (<string>, line 21)
name 'hours_remaining' is not defined
name 'donuts_cost' is not defined
cannot assign to expression here. Maybe you meant '==' instead of '='? (<string>, line 8)
invalid syntax (<string>, line 8)
name 'cand' is not defined
name 'apples_cost_per_pack' is not defined
name 'ice_cream_per_serving_per_day' is not defined
local variable 'post_it_notes_per_cup_remaining' referenced before assignment
local variable 'wire_length_inches_inches_inches_inches' referenced before assignment
name 'speed_per_mile_per_hour_per_hour_per_hour' is not defined
name 'p' is not defined
name 'school_size' is not defined
invalid syntax (<string>, line 33)
name 'cheesecake_price' is not defined
invalid syntax (<string>, line 6)
local variable 'games_won' referenced before assignment
unterminated string literal (detected at line 7) (<string>, line 7)
name 'j' is not defined
local variable 'gas_cost_after_cashback_after_cashback_after_cashback' referenced before assignment
name 'water_per_second_second_second_second_second_second_second_second_second_second_second_second_second_second_second_second_second_second_second_second_second_second_second_second_second_second_second_s' is not defined
invalid syntax (<string>, line 7)
name 'teaspoons_per_teas' is not defined
name 'cost_per_person' is not defined
name 'lylah_salary_increase' is not defined
local variable 'monday_total_hours_total_hours' referenced before assignment
local variable 'spoons_bought' referenced before assignment
local variable 'elves_quit_after_kids' referenced before assignment
local variable 'car_washing_per_year' referenced before assignment
local variable 'brian_lost_left' referenced before assignment
local variable 'bees_left_next_6_hours' referenced before assignment
name 'steve' is not defined
name 'classes_per_week_per_day' is not defined
name 'cost_per_day' is not defined
name 'action_figure_cost' is not defined
local variable 'brooke_age_2_years_2_years_2_years' referenced before assignment
name 'lemons_gallons' is not defined
name 'salary_don' is not defined
name 'team_1_rounded' is not defined
local variable 'even_percent_total_total_total' referenced before assignment
local variable 'total_straw_per_dog_total_total' referenced before assignment
name 'peaches_per_minute_per_hour_per_minute_per_minute_per_minute' is not defined
invalid syntax (<string>, line 5)
local variable 'elaine_cards_collected_month_2' referenced before assignment
name 'total_sentences_' is not defined
local variable 'first_day_payment_per_week_per_year_per_week_per_year' referenced before assignment
name 'wine_per_year_per_year_ton_per_ton_ton_ton_ton_ton_ton_ton_ton_ton_ton_ton_ton_ton_ton_ton_ton_ton_ton_ton_ton_ton_ton_ton_ton_ton_ton_ton_ton_ton_ton_ton_ton_ton_ton_ton_ton_ton_ton_ton_ton_ton_ton_t' is not defined
local variable 'pens_bought' referenced before assignment
name 'brinley_total_total_total_scores_per_semester_total' is not defined
name 'bike_length_per_week_4' is not defined
local variable 'chocolate_bar_weight_per_chocolate_per_apple' referenced before assignment
local variable 'money_earned_before_lawn' referenced before assignment
name 'customers_added_day2' is not defined
invalid syntax (<string>, line 22)
local variable 'geraniums_remaining' referenced before assignment
local variable 'water_type_total_total' referenced before assignment
local variable 'students_out_c' referenced before assignment
name 'minutes_per_week_per_week' is not defined
local variable 'snails_per_aquarium_difference' referenced before assignment
invalid syntax (<string>, line 11)
invalid syntax (<string>, line 6)
name 'oil_heat_up_' is not defined
name 'total_necklaces_per_necklace_per_necklace_per_necklace' is not defined
local variable 'pushups_second_day' referenced before assignment
name 'crates_sold_off_monday' is not defined
name 'other_people_bid_after_other_people' is not defined
invalid syntax (<string>, line 11)
name 'business_suitcase_cost' is not defined
invalid decimal literal (<string>, line 8)
name 'nongendered_children' is not defined
local variable 'men_left' referenced before assignment
name 'ice_cream_strength_remaining_remaining_added' is not defined
local variable 'junior_employees' referenced before assignment
local variable 'phone_percent_charged_hours_hours_hours' referenced before assignment
name 'shopping_trip_reward_after' is not defined
name 'balls_added_per_week_last_week_last_week_last_week_last_week_last_week_last_week_last_week_last_week_last_week_last_week_last_week_last_week_last_week_last_week_last_week_last_week_last_week_last_week' is not defined
name 'silos_sold_per_day_sold_per_day_sold_total' is not defined
local variable 'monday_yoga_class_total_earnings' referenced before assignment
name 'hourly_rate_with_hourly_rate' is not defined
name 'gumball_gumballs_total' is not defined
name 'distance_removed_home_time' is not defined
'(' was never closed (<string>, line 9)
name 'chloe_km_per_hour_after_5_hours_after_5_' is not defined
invalid syntax (<string>, line 5)
name 'ride_bracelet_tickets_per_ride' is not defined
invalid syntax (<string>, line 7)
name 'pay_per_day' is not defined
local variable 'watts_total_total_total_reduced' referenced before assignment
local variable 'corns_remaining' referenced before assignment
name 'taffy_price_per_ton_mixed' is not defined
local variable 'apples_average' referenced before assignment
local variable 'stanley_fall_needed' referenced before assignment
name 'normal_rate_normal_normal' is not defined
invalid syntax (<string>, line 29)
invalid syntax (<string>, line 5)
local variable 'pieces_remaining' referenced before assignment
local variable 'elizabeth_beads' referenced before assignment
invalid syntax (<string>, line 27)
name 'popcorn_price_' is not defined
local variable 'apples_per_day_total_total_total' referenced before assignment
local variable 'bag_cost' referenced before assignment
name 'total_b' is not defined
name 'becky_apples' is not defined
invalid syntax (<string>, line 11)
name 'cupcakes_' is not defined
local variable 'remoras_removed' referenced before assignment
invalid decimal literal (<string>, line 5)
name 'oats_per_hour_per_day' is not defined
local variable 'eggs_per_tray_per_tray_per_tray' referenced before assignment
name 'angela_age_in_four_years' is not defined
invalid syntax (<string>, line 5)
local variable 'strawberry_packs_lost' referenced before assignment
name 'total_cost_per_week_per_week_per_day' is not defined
invalid syntax (<string>, line 7)
name 'wool_per_skein_total_total_total_total' is not defined
name 'bread_left' is not defined
local variable 'people_per_day_total_per_day_total' referenced before assignment
local variable 'hours_per_week_4' referenced before assignment
local variable 'total_remaining' referenced before assignment
name 'days_in_second_half_third_half_third_half_second_half' is not defined
local variable 'notebook_cost' referenced before assignment
name 'nephew_age_today_in_7_years_in' is not defined
name 'tooth_lost_62' is not defined
name 'roses_per_month_per_week_per_month' is not defined
name 'sandwiches_sold_cost_per_sandwich_cost_' is not defined
name 'hours_per_day_burn_burn_burn_burn_burn_burn' is not defined
name 'words_per' is not defined
local variable 'weight_increase_weight_weight_weight_percent' referenced before assignment
name 'games_bought_per' is not defined
local variable 'tire_speed_per_year_per_mile_per_year_per_year' referenced before assignment
local variable 'jackie_pump_cost_per_wash_per_pump_per_pump' referenced before assignment
name 'croissants_per_dozen_week_days_weeks_weeks_weeks_weeks' is not defined
local variable 'monica_street_length_long_long_long' referenced before assignment
name 'fish_food_cost_per_fish' is not defined
local variable 'flowers_per_flower' referenced before assignment
invalid syntax (<string>, line 8)
name 'riders_women_total_total_total' is not defined
invalid syntax (<string>, line 5)
local variable 'cost_per_class_after_signing' referenced before assignment
name 'dress_shirt_shirt_shirt_cost_per_suit' is not defined
name 'cupcakes_per' is not defined
name 'pomegranates_bought_tuesday_total_total_total_total' is not defined
local variable 'total_sales_month_3' referenced before assignment
name 'weekly_wage_after' is not defined
name 'walnuts_almonds_cost' is not defined
local variable 'newspapers_delivered_b' referenced before assignment
local variable 'adult_weight_per_day_after_adults' referenced before assignment
name 'john_minutes_per_door_with_lost_without_' is not defined
local variable 'pencils_per_pencil_missing' referenced before assignment
local variable 'days_per_week_total_per_day_total_total' referenced before assignment
name 'feet_tapped_per_' is not defined
name 'top' is not defined
name 'windows_' is not defined
name 'blue_spools' is not defined
name 'people_remaining_1' is not defined
local variable 'dora_age_difference_mother_mother_total' referenced before assignment
local variable 'boris_apples_difference' referenced before assignment
name 'cards_cost_per_card' is not defined
name 'chairs_per_month_4' is not defined
name 'large_stickers_with_large_button_ratio' is not defined
name 'Pomeranians_girls_girls_girls_girls' is not defined
local variable 'candy_bars_bought' referenced before assignment
name 'juice_per_kg' is not defined
name 'monday_hours_total_per_' is not defined
local variable 'sunday_play_total_total_read' referenced before assignment
local variable 'speed_difference_hours_hours_hours' referenced before assignment
name 'white_fish_' is not defined
local variable 'seashells_per_sea_per_sea' referenced before assignment
name 'hourly_' is not defined
name 'hours_per_week_per_day_' is not defined
name 'total_glass_' is not defined
name 'total_m' is not defined
name 'citrus_zest' is not defined
name 'bars_per_week_week_week_week_week_week_week_week_week_week_week_week_week_week_week_week_week_week_week_week_week_week_week_week_week_week_week_week_week_week_week_week_week_week_week_week_week_week_w' is not defined
name 'mirrors_per_chandelier' is not defined
local variable 'time_3' referenced before assignment
invalid syntax (<string>, line 34)
local variable 'jack_socks' referenced before assignment
name 'total_shoes_per_month_per_year_per_month_per_month' is not defined
local variable 'glue_sticks_per_student_extra' referenced before assignment
name 'water_total' is not defined
name 'slices_per_hour_price_per_' is not defined
name 'j' is not defined
local variable 'pizza_pieces_eaten_third_day' referenced before assignment
name 'rope_cost_after_price_after_price_after_price_after_price' is not defined
name 'bacon_cost' is not defined
local variable 'birds_per_bird' referenced before assignment
local variable 'orchid_petal_difference' referenced before assignment
invalid syntax (<string>, line 6)
name 'notebooks_cost' is not defined
name 'total_shoeboxes_initial' is not defined
name 'lollipops_s' is not defined
name 'bread_slices_eaten' is not defined
name 'shells_collected_per_year_10th_dozen_' is not defined
name 'berries_per_trip_' is not defined
name 'movies_per_week_other_day_other_day_other_day_other_day_other_day_other_day_other_day_other_day_other_day_other_day_other_day_other_day_other_day_other_day_other_day_other_day_other_day_other_day_othe' is not defined
name 'monday_monday_monday_monday_monday_monday_monday_monday_monday_monday_monday_monday_monday_monday_monday_monday_monday_monday_monday_monday_monday_monday_monday_monday_monday_monday_monday_monday_mond' is not defined
local variable 'animals_bought_total_total_total' referenced before assignment
local variable 'john_age_difference' referenced before assignment
name 'hours_total_added_per' is not defined
name 'job_hours' is not defined
name 'swimming_time_remaining_remaining_remaining' is not defined
name 'new_york_times_per_year_per_year_per_year' is not defined
name 'pages_per_page_per_inch_thick_thick_thick' is not defined
local variable 'fourth_day_holes' referenced before assignment
name 'minutes_per_episode_per_minute_' is not defined
invalid syntax (<string>, line 7)
local variable 'sunflower_flowers_per_sunflower_per_sunflower' referenced before assignment
local variable 'shrimp_per_minute_per_minute_per_minute' referenced before assignment
name 'check_per_year_per_year_quarterly_per_month_quarterly' is not defined
name 'flights_per_week_in_week_in_week_in_week_in_week' is not defined
name 'helene_age' is not defined
local variable 'percentage_adults' referenced before assignment
name 'b_capacity_after_pump_after_shift_after_pump' is not defined
local variable 'battery_capacity_lost_total' referenced before assignment
local variable 'weeks_needed' referenced before assignment
name 'peaches_cost' is not defined
name 'iron_pickaxe_mineral_mineral_per_day_with_iron' is not defined
invalid syntax (<string>, line 24)
name 'apples_per_pack_with_eight_apples_with_eight_apples' is not defined
name 'pound' is not defined
invalid syntax (<string>, line 9)
name 'distance_to_new_york_customer_days_days' is not defined
unterminated string literal (detected at line 6) (<string>, line 6)
local variable 'john_test_3' referenced before assignment
name 'croissants_per_dozen_cost_per_dozen_cost_per_dozen' is not defined
name 'roses_bought_' is not defined
name 'toothpicks_total' is not defined
name 'num_' is not defined
local variable 'story_height_per_story_second' referenced before assignment
name 'apples_per_bag_per_day_per_day' is not defined
local variable 'paint_cost' referenced before assignment
name 's' is not defined
local variable 'current_percent_needed_needed_needed' referenced before assignment
name 'pot_cost' is not defined
name 'total_miles_per_week_per_day_per_week_per_day_per_week_per_day' is not defined
local variable 'books_cost' referenced before assignment
name 'male_fishes' is not defined
name 'weeks' is not defined
local variable 'toys_per_hour_5_toys' referenced before assignment
local variable 'crayons_per_box_weight_per_crayon_weight_per_crayon' referenced before assignment
local variable 'total_saved' referenced before assignment
name 'days_per_week' is not defined
name 'bagels_per_bagel_total_total_total_discount' is not defined
local variable 'lemons_per_year_per_tree_per_year_per_year' referenced before assignment
name 'sid' is not defined
invalid syntax (<string>, line 5)
name 'juice_per_bottle_total_total_total_total' is not defined
local variable 'days_per_week_per_week_per_day' referenced before assignment
name 'total_dis' is not defined
name 'avocado_fruits_per_' is not defined
invalid syntax (<string>, line 5)
name 'monday_cloud' is not defined
name 'chalk_per_day_total_total_total_recycle' is not defined
name 'snowballs' is not defined
name 'apple_slices_total' is not defined
name 'hours_per_week' is not defined
local variable 'cost_increase_amount_total_amount' referenced before assignment
name 'pomelos_given_initial' is not defined
name 'minutes_per_room_per_day_per_room_' is not defined
name 'shelves_per_bookcase' is not defined
name 'bag_cost_per_bag_total_total_total_total' is not defined
name 'total_customers_earned_per_person_per_cust' is not defined
name 'cand' is not defined
name 'minutes_' is not defined
name 'plants_per_day_total_cup_total_cup_total_cup' is not defined
name 'photos_per_batch_total_total_total_per_day' is not defined
local variable 'words_per_page_total_total_total' referenced before assignment
local variable 'depreciation_amount' referenced before assignment
name 'minutes_per_week_yoga_yoga_yoga_yoga' is not defined
local variable 'total_earnings' referenced before assignment
name 'Sarah_raised' is not defined
name 'james_age_in_3_years_in_3_years_in_3_years_in_3_years' is not defined
name 'oranges' is not defined
[Eval Info] value_accuracy: 7.5057%
[E=2/40, S=3678] {'wandb': 'ReFT_small|gsm8k_python_sdp_galactica_125m_08', 'lr': '1e-05', 'T.loss': '0.22534', 'Eval.Gen.value_accuracy': '7.5057', 'Eval.Gen.value_accuracy_best': '7.5057'}
[E=3/40, S=3680] {'wandb': 'ReFT_small|gsm8k_python_sdp_galactica_125m_08', 'lr': '1.0005e-05', 'T.loss': '0.22894', 'Eval.Gen.value_accuracy_best': '7.5057'}
[E=3/40, S=3690] {'wandb': 'ReFT_small|gsm8k_python_sdp_galactica_125m_08', 'lr': '1.0033e-05', 'T.loss': '0.12555', 'Eval.Gen.value_accuracy_best': '7.5057'}
[E=3/40, S=3700] {'wandb': 'ReFT_small|gsm8k_python_sdp_galactica_125m_08', 'lr': '1.006e-05', 'T.loss': '0.14594', 'Eval.Gen.value_accuracy_best': '7.5057'}
[E=3/40, S=3710] {'wandb': 'ReFT_small|gsm8k_python_sdp_galactica_125m_08', 'lr': '1.0087e-05', 'T.loss': '0.26837', 'Eval.Gen.value_accuracy_best': '7.5057'}
[E=3/40, S=3720] {'wandb': 'ReFT_small|gsm8k_python_sdp_galactica_125m_08', 'lr': '1.0114e-05', 'T.loss': '0.19788', 'Eval.Gen.value_accuracy_best': '7.5057'}
[E=3/40, S=3730] {'wandb': 'ReFT_small|gsm8k_python_sdp_galactica_125m_08', 'lr': '1.0141e-05', 'T.loss': '0.24005', 'Eval.Gen.value_accuracy_best': '7.5057'}
[E=3/40, S=3740] {'wandb': 'ReFT_small|gsm8k_python_sdp_galactica_125m_08', 'lr': '1.0169e-05', 'T.loss': '0.20453', 'Eval.Gen.value_accuracy_best': '7.5057'}
[E=3/40, S=3750] {'wandb': 'ReFT_small|gsm8k_python_sdp_galactica_125m_08', 'lr': '1.0196e-05', 'T.loss': '0.22583', 'Eval.Gen.value_accuracy_best': '7.5057'}
[E=3/40, S=3760] {'wandb': 'ReFT_small|gsm8k_python_sdp_galactica_125m_08', 'lr': '1.0223e-05', 'T.loss': '0.16907', 'Eval.Gen.value_accuracy_best': '7.5057'}
[E=3/40, S=3770] {'wandb': 'ReFT_small|gsm8k_python_sdp_galactica_125m_08', 'lr': '1.025e-05', 'T.loss': '0.15106', 'Eval.Gen.value_accuracy_best': '7.5057'}
[E=3/40, S=3780] {'wandb': 'ReFT_small|gsm8k_python_sdp_galactica_125m_08', 'lr': '1.0277e-05', 'T.loss': '0.2583', 'Eval.Gen.value_accuracy_best': '7.5057'}
[E=3/40, S=3790] {'wandb': 'ReFT_small|gsm8k_python_sdp_galactica_125m_08', 'lr': '1.0305e-05', 'T.loss': '0.16046', 'Eval.Gen.value_accuracy_best': '7.5057'}
[E=3/40, S=3800] {'wandb': 'ReFT_small|gsm8k_python_sdp_galactica_125m_08', 'lr': '1.0332e-05', 'T.loss': '0.16498', 'Eval.Gen.value_accuracy_best': '7.5057'}
[E=3/40, S=3810] {'wandb': 'ReFT_small|gsm8k_python_sdp_galactica_125m_08', 'lr': '1.0359e-05', 'T.loss': '0.20013', 'Eval.Gen.value_accuracy_best': '7.5057'}
[E=3/40, S=3820] {'wandb': 'ReFT_small|gsm8k_python_sdp_galactica_125m_08', 'lr': '1.0386e-05', 'T.loss': '0.19971', 'Eval.Gen.value_accuracy_best': '7.5057'}
[E=3/40, S=3830] {'wandb': 'ReFT_small|gsm8k_python_sdp_galactica_125m_08', 'lr': '1.0413e-05', 'T.loss': '0.23468', 'Eval.Gen.value_accuracy_best': '7.5057'}
[E=3/40, S=3840] {'wandb': 'ReFT_small|gsm8k_python_sdp_galactica_125m_08', 'lr': '1.044e-05', 'T.loss': '0.1944', 'Eval.Gen.value_accuracy_best': '7.5057'}
[E=3/40, S=3850] {'wandb': 'ReFT_small|gsm8k_python_sdp_galactica_125m_08', 'lr': '1.0468e-05', 'T.loss': '0.18414', 'Eval.Gen.value_accuracy_best': '7.5057'}
[E=3/40, S=3860] {'wandb': 'ReFT_small|gsm8k_python_sdp_galactica_125m_08', 'lr': '1.0495e-05', 'T.loss': '0.20398', 'Eval.Gen.value_accuracy_best': '7.5057'}
[E=3/40, S=3870] {'wandb': 'ReFT_small|gsm8k_python_sdp_galactica_125m_08', 'lr': '1.0522e-05', 'T.loss': '0.19574', 'Eval.Gen.value_accuracy_best': '7.5057'}
[E=3/40, S=3880] {'wandb': 'ReFT_small|gsm8k_python_sdp_galactica_125m_08', 'lr': '1.0549e-05', 'T.loss': '0.27454', 'Eval.Gen.value_accuracy_best': '7.5057'}
[E=3/40, S=3890] {'wandb': 'ReFT_small|gsm8k_python_sdp_galactica_125m_08', 'lr': '1.0576e-05', 'T.loss': '0.14542', 'Eval.Gen.value_accuracy_best': '7.5057'}
[E=3/40, S=3900] {'wandb': 'ReFT_small|gsm8k_python_sdp_galactica_125m_08', 'lr': '1.0604e-05', 'T.loss': '0.20331', 'Eval.Gen.value_accuracy_best': '7.5057'}
[E=3/40, S=3910] {'wandb': 'ReFT_small|gsm8k_python_sdp_galactica_125m_08', 'lr': '1.0631e-05', 'T.loss': '0.13464', 'Eval.Gen.value_accuracy_best': '7.5057'}
[E=3/40, S=3920] {'wandb': 'ReFT_small|gsm8k_python_sdp_galactica_125m_08', 'lr': '1.0658e-05', 'T.loss': '0.17462', 'Eval.Gen.value_accuracy_best': '7.5057'}
[E=3/40, S=3930] {'wandb': 'ReFT_small|gsm8k_python_sdp_galactica_125m_08', 'lr': '1.0685e-05', 'T.loss': '0.19263', 'Eval.Gen.value_accuracy_best': '7.5057'}
[E=3/40, S=3940] {'wandb': 'ReFT_small|gsm8k_python_sdp_galactica_125m_08', 'lr': '1.0712e-05', 'T.loss': '0.20862', 'Eval.Gen.value_accuracy_best': '7.5057'}
[E=3/40, S=3950] {'wandb': 'ReFT_small|gsm8k_python_sdp_galactica_125m_08', 'lr': '1.074e-05', 'T.loss': '0.2077', 'Eval.Gen.value_accuracy_best': '7.5057'}
[E=3/40, S=3960] {'wandb': 'ReFT_small|gsm8k_python_sdp_galactica_125m_08', 'lr': '1.0767e-05', 'T.loss': '0.21375', 'Eval.Gen.value_accuracy_best': '7.5057'}
[E=3/40, S=3970] {'wandb': 'ReFT_small|gsm8k_python_sdp_galactica_125m_08', 'lr': '1.0794e-05', 'T.loss': '0.25745', 'Eval.Gen.value_accuracy_best': '7.5057'}
[E=3/40, S=3980] {'wandb': 'ReFT_small|gsm8k_python_sdp_galactica_125m_08', 'lr': '1.0821e-05', 'T.loss': '0.20312', 'Eval.Gen.value_accuracy_best': '7.5057'}
[E=3/40, S=3990] {'wandb': 'ReFT_small|gsm8k_python_sdp_galactica_125m_08', 'lr': '1.0848e-05', 'T.loss': '0.14944', 'Eval.Gen.value_accuracy_best': '7.5057'}
[E=3/40, S=4000] {'wandb': 'ReFT_small|gsm8k_python_sdp_galactica_125m_08', 'lr': '1.0875e-05', 'T.loss': '0.16681', 'Eval.Gen.value_accuracy_best': '7.5057'}
[E=3/40, S=4010] {'wandb': 'ReFT_small|gsm8k_python_sdp_galactica_125m_08', 'lr': '1.0903e-05', 'T.loss': '0.24188', 'Eval.Gen.value_accuracy_best': '7.5057'}
[E=3/40, S=4020] {'wandb': 'ReFT_small|gsm8k_python_sdp_galactica_125m_08', 'lr': '1.093e-05', 'T.loss': '0.13406', 'Eval.Gen.value_accuracy_best': '7.5057'}
[2025-06-05 18:55:06,137] [INFO] [loss_scaler.py:183:update_scale] [deepspeed] OVERFLOW! Rank 0 Skipping step. Attempted loss scale: 65536, reducing to 32768
[E=3/40, S=4030] {'wandb': 'ReFT_small|gsm8k_python_sdp_galactica_125m_08', 'lr': '1.0957e-05', 'T.loss': '0.1933', 'Eval.Gen.value_accuracy_best': '7.5057'}
[E=3/40, S=4040] {'wandb': 'ReFT_small|gsm8k_python_sdp_galactica_125m_08', 'lr': '1.0984e-05', 'T.loss': '0.18115', 'Eval.Gen.value_accuracy_best': '7.5057'}
[E=3/40, S=4050] {'wandb': 'ReFT_small|gsm8k_python_sdp_galactica_125m_08', 'lr': '1.1011e-05', 'T.loss': '0.17993', 'Eval.Gen.value_accuracy_best': '7.5057'}
[E=3/40, S=4060] {'wandb': 'ReFT_small|gsm8k_python_sdp_galactica_125m_08', 'lr': '1.1039e-05', 'T.loss': '0.21393', 'Eval.Gen.value_accuracy_best': '7.5057'}
[E=3/40, S=4070] {'wandb': 'ReFT_small|gsm8k_python_sdp_galactica_125m_08', 'lr': '1.1066e-05', 'T.loss': '0.22144', 'Eval.Gen.value_accuracy_best': '7.5057'}
[E=3/40, S=4080] {'wandb': 'ReFT_small|gsm8k_python_sdp_galactica_125m_08', 'lr': '1.1093e-05', 'T.loss': '0.19495', 'Eval.Gen.value_accuracy_best': '7.5057'}
[E=3/40, S=4090] {'wandb': 'ReFT_small|gsm8k_python_sdp_galactica_125m_08', 'lr': '1.112e-05', 'T.loss': '0.15891', 'Eval.Gen.value_accuracy_best': '7.5057'}
[E=3/40, S=4100] {'wandb': 'ReFT_small|gsm8k_python_sdp_galactica_125m_08', 'lr': '1.1147e-05', 'T.loss': '0.14038', 'Eval.Gen.value_accuracy_best': '7.5057'}
[E=3/40, S=4110] {'wandb': 'ReFT_small|gsm8k_python_sdp_galactica_125m_08', 'lr': '1.1175e-05', 'T.loss': '0.11365', 'Eval.Gen.value_accuracy_best': '7.5057'}
[E=3/40, S=4120] {'wandb': 'ReFT_small|gsm8k_python_sdp_galactica_125m_08', 'lr': '1.1202e-05', 'T.loss': '0.11511', 'Eval.Gen.value_accuracy_best': '7.5057'}
[E=3/40, S=4130] {'wandb': 'ReFT_small|gsm8k_python_sdp_galactica_125m_08', 'lr': '1.1229e-05', 'T.loss': '0.18427', 'Eval.Gen.value_accuracy_best': '7.5057'}
[E=3/40, S=4140] {'wandb': 'ReFT_small|gsm8k_python_sdp_galactica_125m_08', 'lr': '1.1256e-05', 'T.loss': '0.23779', 'Eval.Gen.value_accuracy_best': '7.5057'}
[E=3/40, S=4150] {'wandb': 'ReFT_small|gsm8k_python_sdp_galactica_125m_08', 'lr': '1.1283e-05', 'T.loss': '0.18359', 'Eval.Gen.value_accuracy_best': '7.5057'}
[E=3/40, S=4160] {'wandb': 'ReFT_small|gsm8k_python_sdp_galactica_125m_08', 'lr': '1.131e-05', 'T.loss': '0.19696', 'Eval.Gen.value_accuracy_best': '7.5057'}
[E=3/40, S=4170] {'wandb': 'ReFT_small|gsm8k_python_sdp_galactica_125m_08', 'lr': '1.1338e-05', 'T.loss': '0.16998', 'Eval.Gen.value_accuracy_best': '7.5057'}
[E=3/40, S=4180] {'wandb': 'ReFT_small|gsm8k_python_sdp_galactica_125m_08', 'lr': '1.1365e-05', 'T.loss': '0.16101', 'Eval.Gen.value_accuracy_best': '7.5057'}
[E=3/40, S=4190] {'wandb': 'ReFT_small|gsm8k_python_sdp_galactica_125m_08', 'lr': '1.1392e-05', 'T.loss': '0.1958', 'Eval.Gen.value_accuracy_best': '7.5057'}
[E=3/40, S=4200] {'wandb': 'ReFT_small|gsm8k_python_sdp_galactica_125m_08', 'lr': '1.1419e-05', 'T.loss': '0.20404', 'Eval.Gen.value_accuracy_best': '7.5057'}
[E=3/40, S=4210] {'wandb': 'ReFT_small|gsm8k_python_sdp_galactica_125m_08', 'lr': '1.1446e-05', 'T.loss': '0.23645', 'Eval.Gen.value_accuracy_best': '7.5057'}
[E=3/40, S=4220] {'wandb': 'ReFT_small|gsm8k_python_sdp_galactica_125m_08', 'lr': '1.1474e-05', 'T.loss': '0.17969', 'Eval.Gen.value_accuracy_best': '7.5057'}
[E=3/40, S=4230] {'wandb': 'ReFT_small|gsm8k_python_sdp_galactica_125m_08', 'lr': '1.1501e-05', 'T.loss': '0.11728', 'Eval.Gen.value_accuracy_best': '7.5057'}
[E=3/40, S=4240] {'wandb': 'ReFT_small|gsm8k_python_sdp_galactica_125m_08', 'lr': '1.1528e-05', 'T.loss': '0.18945', 'Eval.Gen.value_accuracy_best': '7.5057'}
[E=3/40, S=4250] {'wandb': 'ReFT_small|gsm8k_python_sdp_galactica_125m_08', 'lr': '1.1555e-05', 'T.loss': '0.21985', 'Eval.Gen.value_accuracy_best': '7.5057'}
[E=3/40, S=4260] {'wandb': 'ReFT_small|gsm8k_python_sdp_galactica_125m_08', 'lr': '1.1582e-05', 'T.loss': '0.15674', 'Eval.Gen.value_accuracy_best': '7.5057'}
[E=3/40, S=4270] {'wandb': 'ReFT_small|gsm8k_python_sdp_galactica_125m_08', 'lr': '1.161e-05', 'T.loss': '0.13354', 'Eval.Gen.value_accuracy_best': '7.5057'}
[E=3/40, S=4280] {'wandb': 'ReFT_small|gsm8k_python_sdp_galactica_125m_08', 'lr': '1.1637e-05', 'T.loss': '0.18085', 'Eval.Gen.value_accuracy_best': '7.5057'}
[E=3/40, S=4290] {'wandb': 'ReFT_small|gsm8k_python_sdp_galactica_125m_08', 'lr': '1.1664e-05', 'T.loss': '0.17438', 'Eval.Gen.value_accuracy_best': '7.5057'}
[E=3/40, S=4300] {'wandb': 'ReFT_small|gsm8k_python_sdp_galactica_125m_08', 'lr': '1.1691e-05', 'T.loss': '0.16809', 'Eval.Gen.value_accuracy_best': '7.5057'}
[E=3/40, S=4310] {'wandb': 'ReFT_small|gsm8k_python_sdp_galactica_125m_08', 'lr': '1.1718e-05', 'T.loss': '0.21173', 'Eval.Gen.value_accuracy_best': '7.5057'}
[E=3/40, S=4320] {'wandb': 'ReFT_small|gsm8k_python_sdp_galactica_125m_08', 'lr': '1.1746e-05', 'T.loss': '0.18109', 'Eval.Gen.value_accuracy_best': '7.5057'}
[E=3/40, S=4330] {'wandb': 'ReFT_small|gsm8k_python_sdp_galactica_125m_08', 'lr': '1.1773e-05', 'T.loss': '0.24805', 'Eval.Gen.value_accuracy_best': '7.5057'}
[E=3/40, S=4340] {'wandb': 'ReFT_small|gsm8k_python_sdp_galactica_125m_08', 'lr': '1.18e-05', 'T.loss': '0.21442', 'Eval.Gen.value_accuracy_best': '7.5057'}
[E=3/40, S=4350] {'wandb': 'ReFT_small|gsm8k_python_sdp_galactica_125m_08', 'lr': '1.1827e-05', 'T.loss': '0.14996', 'Eval.Gen.value_accuracy_best': '7.5057'}
[E=3/40, S=4360] {'wandb': 'ReFT_small|gsm8k_python_sdp_galactica_125m_08', 'lr': '1.1854e-05', 'T.loss': '0.17517', 'Eval.Gen.value_accuracy_best': '7.5057'}
[E=3/40, S=4370] {'wandb': 'ReFT_small|gsm8k_python_sdp_galactica_125m_08', 'lr': '1.1881e-05', 'T.loss': '0.17682', 'Eval.Gen.value_accuracy_best': '7.5057'}
[E=3/40, S=4380] {'wandb': 'ReFT_small|gsm8k_python_sdp_galactica_125m_08', 'lr': '1.1909e-05', 'T.loss': '0.11438', 'Eval.Gen.value_accuracy_best': '7.5057'}
[E=3/40, S=4390] {'wandb': 'ReFT_small|gsm8k_python_sdp_galactica_125m_08', 'lr': '1.1936e-05', 'T.loss': '0.18771', 'Eval.Gen.value_accuracy_best': '7.5057'}
[E=3/40, S=4400] {'wandb': 'ReFT_small|gsm8k_python_sdp_galactica_125m_08', 'lr': '1.1963e-05', 'T.loss': '0.17529', 'Eval.Gen.value_accuracy_best': '7.5057'}
[E=3/40, S=4410] {'wandb': 'ReFT_small|gsm8k_python_sdp_galactica_125m_08', 'lr': '1.199e-05', 'T.loss': '0.10532', 'Eval.Gen.value_accuracy_best': '7.5057'}
[E=3/40, S=4420] {'wandb': 'ReFT_small|gsm8k_python_sdp_galactica_125m_08', 'lr': '1.2017e-05', 'T.loss': '0.19214', 'Eval.Gen.value_accuracy_best': '7.5057'}
[E=3/40, S=4430] {'wandb': 'ReFT_small|gsm8k_python_sdp_galactica_125m_08', 'lr': '1.2045e-05', 'T.loss': '0.13672', 'Eval.Gen.value_accuracy_best': '7.5057'}
[E=3/40, S=4440] {'wandb': 'ReFT_small|gsm8k_python_sdp_galactica_125m_08', 'lr': '1.2072e-05', 'T.loss': '0.15265', 'Eval.Gen.value_accuracy_best': '7.5057'}
[E=3/40, S=4450] {'wandb': 'ReFT_small|gsm8k_python_sdp_galactica_125m_08', 'lr': '1.2099e-05', 'T.loss': '0.17877', 'Eval.Gen.value_accuracy_best': '7.5057'}
[E=3/40, S=4460] {'wandb': 'ReFT_small|gsm8k_python_sdp_galactica_125m_08', 'lr': '1.2126e-05', 'T.loss': '0.21039', 'Eval.Gen.value_accuracy_best': '7.5057'}
[E=3/40, S=4470] {'wandb': 'ReFT_small|gsm8k_python_sdp_galactica_125m_08', 'lr': '1.2153e-05', 'T.loss': '0.18201', 'Eval.Gen.value_accuracy_best': '7.5057'}
[E=3/40, S=4480] {'wandb': 'ReFT_small|gsm8k_python_sdp_galactica_125m_08', 'lr': '1.2181e-05', 'T.loss': '0.22681', 'Eval.Gen.value_accuracy_best': '7.5057'}
[E=3/40, S=4490] {'wandb': 'ReFT_small|gsm8k_python_sdp_galactica_125m_08', 'lr': '1.2208e-05', 'T.loss': '0.21216', 'Eval.Gen.value_accuracy_best': '7.5057'}
[E=3/40, S=4500] {'wandb': 'ReFT_small|gsm8k_python_sdp_galactica_125m_08', 'lr': '1.2235e-05', 'T.loss': '0.16931', 'Eval.Gen.value_accuracy_best': '7.5057'}
[E=3/40, S=4510] {'wandb': 'ReFT_small|gsm8k_python_sdp_galactica_125m_08', 'lr': '1.2262e-05', 'T.loss': '0.19574', 'Eval.Gen.value_accuracy_best': '7.5057'}
[E=3/40, S=4520] {'wandb': 'ReFT_small|gsm8k_python_sdp_galactica_125m_08', 'lr': '1.2289e-05', 'T.loss': '0.23035', 'Eval.Gen.value_accuracy_best': '7.5057'}
[E=3/40, S=4530] {'wandb': 'ReFT_small|gsm8k_python_sdp_galactica_125m_08', 'lr': '1.2316e-05', 'T.loss': '0.16098', 'Eval.Gen.value_accuracy_best': '7.5057'}
[E=3/40, S=4540] {'wandb': 'ReFT_small|gsm8k_python_sdp_galactica_125m_08', 'lr': '1.2344e-05', 'T.loss': '0.14035', 'Eval.Gen.value_accuracy_best': '7.5057'}
[E=3/40, S=4550] {'wandb': 'ReFT_small|gsm8k_python_sdp_galactica_125m_08', 'lr': '1.2371e-05', 'T.loss': '0.18018', 'Eval.Gen.value_accuracy_best': '7.5057'}
[E=3/40, S=4560] {'wandb': 'ReFT_small|gsm8k_python_sdp_galactica_125m_08', 'lr': '1.2398e-05', 'T.loss': '0.17975', 'Eval.Gen.value_accuracy_best': '7.5057'}
[E=3/40, S=4570] {'wandb': 'ReFT_small|gsm8k_python_sdp_galactica_125m_08', 'lr': '1.2425e-05', 'T.loss': '0.23016', 'Eval.Gen.value_accuracy_best': '7.5057'}
[E=3/40, S=4580] {'wandb': 'ReFT_small|gsm8k_python_sdp_galactica_125m_08', 'lr': '1.2452e-05', 'T.loss': '0.25952', 'Eval.Gen.value_accuracy_best': '7.5057'}
[E=3/40, S=4590] {'wandb': 'ReFT_small|gsm8k_python_sdp_galactica_125m_08', 'lr': '1.248e-05', 'T.loss': '0.14209', 'Eval.Gen.value_accuracy_best': '7.5057'}
[E=3/40, S=4600] {'wandb': 'ReFT_small|gsm8k_python_sdp_galactica_125m_08', 'lr': '1.2507e-05', 'T.loss': '0.12241', 'Eval.Gen.value_accuracy_best': '7.5057'}
[E=3/40, S=4610] {'wandb': 'ReFT_small|gsm8k_python_sdp_galactica_125m_08', 'lr': '1.2534e-05', 'T.loss': '0.15845', 'Eval.Gen.value_accuracy_best': '7.5057'}
[E=3/40, S=4620] {'wandb': 'ReFT_small|gsm8k_python_sdp_galactica_125m_08', 'lr': '1.2561e-05', 'T.loss': '0.2002', 'Eval.Gen.value_accuracy_best': '7.5057'}
[E=3/40, S=4630] {'wandb': 'ReFT_small|gsm8k_python_sdp_galactica_125m_08', 'lr': '1.2588e-05', 'T.loss': '0.15314', 'Eval.Gen.value_accuracy_best': '7.5057'}
[E=3/40, S=4640] {'wandb': 'ReFT_small|gsm8k_python_sdp_galactica_125m_08', 'lr': '1.2616e-05', 'T.loss': '0.19342', 'Eval.Gen.value_accuracy_best': '7.5057'}
[E=3/40, S=4650] {'wandb': 'ReFT_small|gsm8k_python_sdp_galactica_125m_08', 'lr': '1.2643e-05', 'T.loss': '0.21228', 'Eval.Gen.value_accuracy_best': '7.5057'}
[E=3/40, S=4660] {'wandb': 'ReFT_small|gsm8k_python_sdp_galactica_125m_08', 'lr': '1.267e-05', 'T.loss': '0.25775', 'Eval.Gen.value_accuracy_best': '7.5057'}
[E=3/40, S=4670] {'wandb': 'ReFT_small|gsm8k_python_sdp_galactica_125m_08', 'lr': '1.2697e-05', 'T.loss': '0.15247', 'Eval.Gen.value_accuracy_best': '7.5057'}
[E=3/40, S=4680] {'wandb': 'ReFT_small|gsm8k_python_sdp_galactica_125m_08', 'lr': '1.2724e-05', 'T.loss': '0.16309', 'Eval.Gen.value_accuracy_best': '7.5057'}
[E=3/40, S=4690] {'wandb': 'ReFT_small|gsm8k_python_sdp_galactica_125m_08', 'lr': '1.2751e-05', 'T.loss': '0.12561', 'Eval.Gen.value_accuracy_best': '7.5057'}
[E=3/40, S=4700] {'wandb': 'ReFT_small|gsm8k_python_sdp_galactica_125m_08', 'lr': '1.2779e-05', 'T.loss': '0.18402', 'Eval.Gen.value_accuracy_best': '7.5057'}
[E=3/40, S=4710] {'wandb': 'ReFT_small|gsm8k_python_sdp_galactica_125m_08', 'lr': '1.2806e-05', 'T.loss': '0.13156', 'Eval.Gen.value_accuracy_best': '7.5057'}
[E=3/40, S=4720] {'wandb': 'ReFT_small|gsm8k_python_sdp_galactica_125m_08', 'lr': '1.2833e-05', 'T.loss': '0.19897', 'Eval.Gen.value_accuracy_best': '7.5057'}
[E=3/40, S=4730] {'wandb': 'ReFT_small|gsm8k_python_sdp_galactica_125m_08', 'lr': '1.286e-05', 'T.loss': '0.19171', 'Eval.Gen.value_accuracy_best': '7.5057'}
[E=3/40, S=4740] {'wandb': 'ReFT_small|gsm8k_python_sdp_galactica_125m_08', 'lr': '1.2887e-05', 'T.loss': '0.19714', 'Eval.Gen.value_accuracy_best': '7.5057'}
[E=3/40, S=4750] {'wandb': 'ReFT_small|gsm8k_python_sdp_galactica_125m_08', 'lr': '1.2915e-05', 'T.loss': '0.15784', 'Eval.Gen.value_accuracy_best': '7.5057'}
[E=3/40, S=4760] {'wandb': 'ReFT_small|gsm8k_python_sdp_galactica_125m_08', 'lr': '1.2942e-05', 'T.loss': '0.17926', 'Eval.Gen.value_accuracy_best': '7.5057'}
[E=3/40, S=4770] {'wandb': 'ReFT_small|gsm8k_python_sdp_galactica_125m_08', 'lr': '1.2969e-05', 'T.loss': '0.15363', 'Eval.Gen.value_accuracy_best': '7.5057'}
[E=3/40, S=4780] {'wandb': 'ReFT_small|gsm8k_python_sdp_galactica_125m_08', 'lr': '1.2996e-05', 'T.loss': '0.1673', 'Eval.Gen.value_accuracy_best': '7.5057'}
[E=3/40, S=4790] {'wandb': 'ReFT_small|gsm8k_python_sdp_galactica_125m_08', 'lr': '1.3023e-05', 'T.loss': '0.16354', 'Eval.Gen.value_accuracy_best': '7.5057'}
[E=3/40, S=4800] {'wandb': 'ReFT_small|gsm8k_python_sdp_galactica_125m_08', 'lr': '1.3051e-05', 'T.loss': '0.21906', 'Eval.Gen.value_accuracy_best': '7.5057'}
[E=3/40, S=4810] {'wandb': 'ReFT_small|gsm8k_python_sdp_galactica_125m_08', 'lr': '1.3078e-05', 'T.loss': '0.18112', 'Eval.Gen.value_accuracy_best': '7.5057'}
[E=3/40, S=4820] {'wandb': 'ReFT_small|gsm8k_python_sdp_galactica_125m_08', 'lr': '1.3105e-05', 'T.loss': '0.18976', 'Eval.Gen.value_accuracy_best': '7.5057'}
[E=3/40, S=4830] {'wandb': 'ReFT_small|gsm8k_python_sdp_galactica_125m_08', 'lr': '1.3132e-05', 'T.loss': '0.17596', 'Eval.Gen.value_accuracy_best': '7.5057'}
[E=3/40, S=4840] {'wandb': 'ReFT_small|gsm8k_python_sdp_galactica_125m_08', 'lr': '1.3159e-05', 'T.loss': '0.16986', 'Eval.Gen.value_accuracy_best': '7.5057'}
[E=3/40, S=4850] {'wandb': 'ReFT_small|gsm8k_python_sdp_galactica_125m_08', 'lr': '1.3187e-05', 'T.loss': '0.18332', 'Eval.Gen.value_accuracy_best': '7.5057'}
[E=3/40, S=4860] {'wandb': 'ReFT_small|gsm8k_python_sdp_galactica_125m_08', 'lr': '1.3214e-05', 'T.loss': '0.13391', 'Eval.Gen.value_accuracy_best': '7.5057'}
[E=3/40, S=4870] {'wandb': 'ReFT_small|gsm8k_python_sdp_galactica_125m_08', 'lr': '1.3241e-05', 'T.loss': '0.19043', 'Eval.Gen.value_accuracy_best': '7.5057'}
[E=3/40, S=4880] {'wandb': 'ReFT_small|gsm8k_python_sdp_galactica_125m_08', 'lr': '1.3268e-05', 'T.loss': '0.16287', 'Eval.Gen.value_accuracy_best': '7.5057'}
[E=3/40, S=4890] {'wandb': 'ReFT_small|gsm8k_python_sdp_galactica_125m_08', 'lr': '1.3295e-05', 'T.loss': '0.1756', 'Eval.Gen.value_accuracy_best': '7.5057'}
[E=3/40, S=4900] {'wandb': 'ReFT_small|gsm8k_python_sdp_galactica_125m_08', 'lr': '1.3322e-05', 'T.loss': '0.19977', 'Eval.Gen.value_accuracy_best': '7.5057'}
[E=3/40, S=4910] {'wandb': 'ReFT_small|gsm8k_python_sdp_galactica_125m_08', 'lr': '1.335e-05', 'T.loss': '0.24103', 'Eval.Gen.value_accuracy_best': '7.5057'}
[E=3/40, S=4920] {'wandb': 'ReFT_small|gsm8k_python_sdp_galactica_125m_08', 'lr': '1.3377e-05', 'T.loss': '0.15076', 'Eval.Gen.value_accuracy_best': '7.5057'}
[E=3/40, S=4930] {'wandb': 'ReFT_small|gsm8k_python_sdp_galactica_125m_08', 'lr': '1.3404e-05', 'T.loss': '0.19836', 'Eval.Gen.value_accuracy_best': '7.5057'}
[E=3/40, S=4940] {'wandb': 'ReFT_small|gsm8k_python_sdp_galactica_125m_08', 'lr': '1.3431e-05', 'T.loss': '0.19348', 'Eval.Gen.value_accuracy_best': '7.5057'}
[E=3/40, S=4950] {'wandb': 'ReFT_small|gsm8k_python_sdp_galactica_125m_08', 'lr': '1.3458e-05', 'T.loss': '0.21112', 'Eval.Gen.value_accuracy_best': '7.5057'}
[E=3/40, S=4960] {'wandb': 'ReFT_small|gsm8k_python_sdp_galactica_125m_08', 'lr': '1.3486e-05', 'T.loss': '0.13303', 'Eval.Gen.value_accuracy_best': '7.5057'}
[E=3/40, S=4970] {'wandb': 'ReFT_small|gsm8k_python_sdp_galactica_125m_08', 'lr': '1.3513e-05', 'T.loss': '0.16293', 'Eval.Gen.value_accuracy_best': '7.5057'}
[E=3/40, S=4980] {'wandb': 'ReFT_small|gsm8k_python_sdp_galactica_125m_08', 'lr': '1.354e-05', 'T.loss': '0.12436', 'Eval.Gen.value_accuracy_best': '7.5057'}
[E=3/40, S=4990] {'wandb': 'ReFT_small|gsm8k_python_sdp_galactica_125m_08', 'lr': '1.3567e-05', 'T.loss': '0.19537', 'Eval.Gen.value_accuracy_best': '7.5057'}
[E=3/40, S=5000] {'wandb': 'ReFT_small|gsm8k_python_sdp_galactica_125m_08', 'lr': '1.3594e-05', 'T.loss': '0.16541', 'Eval.Gen.value_accuracy_best': '7.5057'}
[E=3/40, S=5010] {'wandb': 'ReFT_small|gsm8k_python_sdp_galactica_125m_08', 'lr': '1.3622e-05', 'T.loss': '0.18567', 'Eval.Gen.value_accuracy_best': '7.5057'}
[E=3/40, S=5020] {'wandb': 'ReFT_small|gsm8k_python_sdp_galactica_125m_08', 'lr': '1.3649e-05', 'T.loss': '0.21246', 'Eval.Gen.value_accuracy_best': '7.5057'}
[2025-06-05 18:56:31,307] [INFO] [loss_scaler.py:183:update_scale] [deepspeed] OVERFLOW! Rank 0 Skipping step. Attempted loss scale: 65536, reducing to 32768
[E=3/40, S=5030] {'wandb': 'ReFT_small|gsm8k_python_sdp_galactica_125m_08', 'lr': '1.3676e-05', 'T.loss': '0.18054', 'Eval.Gen.value_accuracy_best': '7.5057'}
[E=3/40, S=5040] {'wandb': 'ReFT_small|gsm8k_python_sdp_galactica_125m_08', 'lr': '1.3703e-05', 'T.loss': '0.18335', 'Eval.Gen.value_accuracy_best': '7.5057'}
[E=3/40, S=5050] {'wandb': 'ReFT_small|gsm8k_python_sdp_galactica_125m_08', 'lr': '1.373e-05', 'T.loss': '0.19177', 'Eval.Gen.value_accuracy_best': '7.5057'}
[E=3/40, S=5060] {'wandb': 'ReFT_small|gsm8k_python_sdp_galactica_125m_08', 'lr': '1.3757e-05', 'T.loss': '0.13635', 'Eval.Gen.value_accuracy_best': '7.5057'}
[E=3/40, S=5070] {'wandb': 'ReFT_small|gsm8k_python_sdp_galactica_125m_08', 'lr': '1.3785e-05', 'T.loss': '0.23431', 'Eval.Gen.value_accuracy_best': '7.5057'}
[E=3/40, S=5080] {'wandb': 'ReFT_small|gsm8k_python_sdp_galactica_125m_08', 'lr': '1.3812e-05', 'T.loss': '0.13721', 'Eval.Gen.value_accuracy_best': '7.5057'}
[E=3/40, S=5090] {'wandb': 'ReFT_small|gsm8k_python_sdp_galactica_125m_08', 'lr': '1.3839e-05', 'T.loss': '0.21503', 'Eval.Gen.value_accuracy_best': '7.5057'}
[E=3/40, S=5100] {'wandb': 'ReFT_small|gsm8k_python_sdp_galactica_125m_08', 'lr': '1.3866e-05', 'T.loss': '0.098602', 'Eval.Gen.value_accuracy_best': '7.5057'}
[E=3/40, S=5110] {'wandb': 'ReFT_small|gsm8k_python_sdp_galactica_125m_08', 'lr': '1.3893e-05', 'T.loss': '0.16211', 'Eval.Gen.value_accuracy_best': '7.5057'}
[E=3/40, S=5120] {'wandb': 'ReFT_small|gsm8k_python_sdp_galactica_125m_08', 'lr': '1.3921e-05', 'T.loss': '0.26477', 'Eval.Gen.value_accuracy_best': '7.5057'}
[E=3/40, S=5130] {'wandb': 'ReFT_small|gsm8k_python_sdp_galactica_125m_08', 'lr': '1.3948e-05', 'T.loss': '0.20557', 'Eval.Gen.value_accuracy_best': '7.5057'}
[E=3/40, S=5140] {'wandb': 'ReFT_small|gsm8k_python_sdp_galactica_125m_08', 'lr': '1.3975e-05', 'T.loss': '0.19318', 'Eval.Gen.value_accuracy_best': '7.5057'}
[E=3/40, S=5150] {'wandb': 'ReFT_small|gsm8k_python_sdp_galactica_125m_08', 'lr': '1.4002e-05', 'T.loss': '0.26355', 'Eval.Gen.value_accuracy_best': '7.5057'}
[E=3/40, S=5160] {'wandb': 'ReFT_small|gsm8k_python_sdp_galactica_125m_08', 'lr': '1.4029e-05', 'T.loss': '0.19952', 'Eval.Gen.value_accuracy_best': '7.5057'}
[E=3/40, S=5170] {'wandb': 'ReFT_small|gsm8k_python_sdp_galactica_125m_08', 'lr': '1.4057e-05', 'T.loss': '0.10696', 'Eval.Gen.value_accuracy_best': '7.5057'}
[E=3/40, S=5180] {'wandb': 'ReFT_small|gsm8k_python_sdp_galactica_125m_08', 'lr': '1.4084e-05', 'T.loss': '0.15924', 'Eval.Gen.value_accuracy_best': '7.5057'}
[E=3/40, S=5190] {'wandb': 'ReFT_small|gsm8k_python_sdp_galactica_125m_08', 'lr': '1.4111e-05', 'T.loss': '0.1925', 'Eval.Gen.value_accuracy_best': '7.5057'}
[E=3/40, S=5200] {'wandb': 'ReFT_small|gsm8k_python_sdp_galactica_125m_08', 'lr': '1.4138e-05', 'T.loss': '0.16577', 'Eval.Gen.value_accuracy_best': '7.5057'}
[E=3/40, S=5210] {'wandb': 'ReFT_small|gsm8k_python_sdp_galactica_125m_08', 'lr': '1.4165e-05', 'T.loss': '0.15149', 'Eval.Gen.value_accuracy_best': '7.5057'}
[E=3/40, S=5220] {'wandb': 'ReFT_small|gsm8k_python_sdp_galactica_125m_08', 'lr': '1.4192e-05', 'T.loss': '0.18323', 'Eval.Gen.value_accuracy_best': '7.5057'}
[E=3/40, S=5230] {'wandb': 'ReFT_small|gsm8k_python_sdp_galactica_125m_08', 'lr': '1.422e-05', 'T.loss': '0.1514', 'Eval.Gen.value_accuracy_best': '7.5057'}
[E=3/40, S=5240] {'wandb': 'ReFT_small|gsm8k_python_sdp_galactica_125m_08', 'lr': '1.4247e-05', 'T.loss': '0.16345', 'Eval.Gen.value_accuracy_best': '7.5057'}
[2025-06-05 18:56:50,077] [INFO] [loss_scaler.py:183:update_scale] [deepspeed] OVERFLOW! Rank 0 Skipping step. Attempted loss scale: 32768, reducing to 16384
[E=3/40, S=5250] {'wandb': 'ReFT_small|gsm8k_python_sdp_galactica_125m_08', 'lr': '1.4274e-05', 'T.loss': '0.24786', 'Eval.Gen.value_accuracy_best': '7.5057'}
[E=3/40, S=5260] {'wandb': 'ReFT_small|gsm8k_python_sdp_galactica_125m_08', 'lr': '1.4301e-05', 'T.loss': '0.15186', 'Eval.Gen.value_accuracy_best': '7.5057'}
[E=3/40, S=5270] {'wandb': 'ReFT_small|gsm8k_python_sdp_galactica_125m_08', 'lr': '1.4328e-05', 'T.loss': '0.20502', 'Eval.Gen.value_accuracy_best': '7.5057'}
[E=3/40, S=5280] {'wandb': 'ReFT_small|gsm8k_python_sdp_galactica_125m_08', 'lr': '1.4356e-05', 'T.loss': '0.1445', 'Eval.Gen.value_accuracy_best': '7.5057'}
[E=3/40, S=5290] {'wandb': 'ReFT_small|gsm8k_python_sdp_galactica_125m_08', 'lr': '1.4383e-05', 'T.loss': '0.24072', 'Eval.Gen.value_accuracy_best': '7.5057'}
[E=3/40, S=5300] {'wandb': 'ReFT_small|gsm8k_python_sdp_galactica_125m_08', 'lr': '1.441e-05', 'T.loss': '0.17511', 'Eval.Gen.value_accuracy_best': '7.5057'}
[E=3/40, S=5310] {'wandb': 'ReFT_small|gsm8k_python_sdp_galactica_125m_08', 'lr': '1.4437e-05', 'T.loss': '0.21826', 'Eval.Gen.value_accuracy_best': '7.5057'}
[E=3/40, S=5320] {'wandb': 'ReFT_small|gsm8k_python_sdp_galactica_125m_08', 'lr': '1.4464e-05', 'T.loss': '0.20947', 'Eval.Gen.value_accuracy_best': '7.5057'}
[E=3/40, S=5330] {'wandb': 'ReFT_small|gsm8k_python_sdp_galactica_125m_08', 'lr': '1.4492e-05', 'T.loss': '0.15561', 'Eval.Gen.value_accuracy_best': '7.5057'}
[E=3/40, S=5340] {'wandb': 'ReFT_small|gsm8k_python_sdp_galactica_125m_08', 'lr': '1.4519e-05', 'T.loss': '0.28064', 'Eval.Gen.value_accuracy_best': '7.5057'}
[E=3/40, S=5350] {'wandb': 'ReFT_small|gsm8k_python_sdp_galactica_125m_08', 'lr': '1.4546e-05', 'T.loss': '0.1427', 'Eval.Gen.value_accuracy_best': '7.5057'}
[E=3/40, S=5360] {'wandb': 'ReFT_small|gsm8k_python_sdp_galactica_125m_08', 'lr': '1.4573e-05', 'T.loss': '0.16025', 'Eval.Gen.value_accuracy_best': '7.5057'}
[E=3/40, S=5370] {'wandb': 'ReFT_small|gsm8k_python_sdp_galactica_125m_08', 'lr': '1.46e-05', 'T.loss': '0.14069', 'Eval.Gen.value_accuracy_best': '7.5057'}
[E=3/40, S=5380] {'wandb': 'ReFT_small|gsm8k_python_sdp_galactica_125m_08', 'lr': '1.4628e-05', 'T.loss': '0.15268', 'Eval.Gen.value_accuracy_best': '7.5057'}
[E=3/40, S=5390] {'wandb': 'ReFT_small|gsm8k_python_sdp_galactica_125m_08', 'lr': '1.4655e-05', 'T.loss': '0.20276', 'Eval.Gen.value_accuracy_best': '7.5057'}
[E=3/40, S=5400] {'wandb': 'ReFT_small|gsm8k_python_sdp_galactica_125m_08', 'lr': '1.4682e-05', 'T.loss': '0.19897', 'Eval.Gen.value_accuracy_best': '7.5057'}
[E=3/40, S=5410] {'wandb': 'ReFT_small|gsm8k_python_sdp_galactica_125m_08', 'lr': '1.4709e-05', 'T.loss': '0.23108', 'Eval.Gen.value_accuracy_best': '7.5057'}
[E=3/40, S=5420] {'wandb': 'ReFT_small|gsm8k_python_sdp_galactica_125m_08', 'lr': '1.4736e-05', 'T.loss': '0.18079', 'Eval.Gen.value_accuracy_best': '7.5057'}
[E=3/40, S=5430] {'wandb': 'ReFT_small|gsm8k_python_sdp_galactica_125m_08', 'lr': '1.4763e-05', 'T.loss': '0.19781', 'Eval.Gen.value_accuracy_best': '7.5057'}
[E=3/40, S=5440] {'wandb': 'ReFT_small|gsm8k_python_sdp_galactica_125m_08', 'lr': '1.4791e-05', 'T.loss': '0.20374', 'Eval.Gen.value_accuracy_best': '7.5057'}
[E=3/40, S=5450] {'wandb': 'ReFT_small|gsm8k_python_sdp_galactica_125m_08', 'lr': '1.4818e-05', 'T.loss': '0.1554', 'Eval.Gen.value_accuracy_best': '7.5057'}
[E=3/40, S=5460] {'wandb': 'ReFT_small|gsm8k_python_sdp_galactica_125m_08', 'lr': '1.4845e-05', 'T.loss': '0.20941', 'Eval.Gen.value_accuracy_best': '7.5057'}
[E=3/40, S=5470] {'wandb': 'ReFT_small|gsm8k_python_sdp_galactica_125m_08', 'lr': '1.4872e-05', 'T.loss': '0.21307', 'Eval.Gen.value_accuracy_best': '7.5057'}
[E=3/40, S=5480] {'wandb': 'ReFT_small|gsm8k_python_sdp_galactica_125m_08', 'lr': '1.4899e-05', 'T.loss': '0.15564', 'Eval.Gen.value_accuracy_best': '7.5057'}
[E=3/40, S=5490] {'wandb': 'ReFT_small|gsm8k_python_sdp_galactica_125m_08', 'lr': '1.4927e-05', 'T.loss': '0.16464', 'Eval.Gen.value_accuracy_best': '7.5057'}
[E=3/40, S=5500] {'wandb': 'ReFT_small|gsm8k_python_sdp_galactica_125m_08', 'lr': '1.4954e-05', 'T.loss': '0.18506', 'Eval.Gen.value_accuracy_best': '7.5057'}
[E=3/40, S=5510] {'wandb': 'ReFT_small|gsm8k_python_sdp_galactica_125m_08', 'lr': '1.4981e-05', 'T.loss': '0.20764', 'Eval.Gen.value_accuracy_best': '7.5057'}
name 'eggs_per_day_after_muffins_after_muffins_before_breakfast' is not defined
name 'days' is not defined
invalid syntax (<string>, line 6)
name 'mini_cheesecake_dozen' is not defined
cannot assign to expression here. Maybe you meant '==' instead of '='? (<string>, line 8)
('Task timeout', 10)
invalid syntax (<string>, line 6)
name 'raymond_jewels' is not defined
name 'lego_sets_left_total' is not defined
local variable 'run_speed' referenced before assignment
name 'distance_to_sapphire_to_gemstone_to_sapphire' is not defined
name 'pieces_per_pie' is not defined
name 'wicks_cost' is not defined
local variable 'wire_length_inches_inches' referenced before assignment
name 'speed_initial' is not defined
local variable 'total_pay' referenced before assignment
invalid syntax (<string>, line 6)
local variable 'salad_per_child' referenced before assignment
local variable 'friend_4' referenced before assignment
invalid syntax (<string>, line 5)
invalid syntax (<string>, line 7)
name 'vehicles_added_day_2' is not defined
name 'hours_2' is not defined
name 'cookies' is not defined
cannot assign to expression here. Maybe you meant '==' instead of '='? (<string>, line 7)
local variable 'pigeons_left' referenced before assignment
local variable 'hours_per_semester' referenced before assignment
name 'red_car_cost' is not defined
local variable 'spiders_legs_legs' referenced before assignment
name 'hours' is not defined
invalid syntax (<string>, line 5)
local variable 'sentences_per_week_total' referenced before assignment
local variable 'cheese_per_sandwich_days_days_days' referenced before assignment
local variable 'cost_per_cup' referenced before assignment
name 'water_lost_percentage_rounded_rounded_rounded_rounded' is not defined
name 'total_owe_gift' is not defined
local variable 'melons_harvested_after_two_weeks_after_two_weeks' referenced before assignment
name 'dolly_books_read_with_dolly_with_pandora' is not defined
name 'letters_per_week_per_week_per_letter_per_page' is not defined
local variable 'months_per_week' referenced before assignment
invalid syntax (<string>, line 7)
name 'andrea_fruits' is not defined
invalid syntax (<string>, line 5)
invalid syntax (<string>, line 5)
local variable 'cards_d' referenced before assignment
name 'rice_per_person_per_week_total_total_total' is not defined
local variable 'books_earnings_year1' referenced before assignment
name 'electric_wires' is not defined
local variable 'rj_guns_total_total_total' referenced before assignment
local variable 'juice_box_b_bollars_more' referenced before assignment
name 'tractors_sold_per_day_with_silos_with_silos_with_silos' is not defined
invalid syntax (<string>, line 9)
invalid syntax (<string>, line 6)
local variable 'cups_per_hour_per_hour' referenced before assignment
name 'editing_hours' is not defined
invalid syntax (<string>, line 7)
name 'meat_sandwiches_cost' is not defined
local variable 'minutes_to_airport_after_airport_after_minutes' referenced before assignment
local variable 'seashells_cost_pounds' referenced before assignment
invalid syntax (<string>, line 6)
local variable 'cats_remaining_after_mouse_remaining' referenced before assignment
name 'normal_monthly_monthly_monthly_price_after_8_months' is not defined
local variable 'cards_sold_to_amusement_park_to_go' referenced before assignment
local variable 'onions_sale_total_cost' referenced before assignment
name 'wyne_minutes' is not defined
local variable 'elizabeth_more_beads' referenced before assignment
name 'sneakers_sold_friday' is not defined
name 'hours' is not defined
name 'hay_bales' is not defined
invalid syntax (<string>, line 29)
name 'pillow_cases_per_room' is not defined
local variable 'pencils_left_after_two_months_after_two_months' referenced before assignment
invalid decimal literal (<string>, line 5)
division by zero
local variable 'packs_left_cost' referenced before assignment
local variable 'wood_sticks_cost_total_with_4_with_8_with_4' referenced before assignment
local variable 'water_per_lap' referenced before assignment
local variable 'cost_per_pack' referenced before assignment
name 'suzanne_cookies' is not defined
local variable 'skeins_per_skein' referenced before assignment
name 'problems_remaining' is not defined
local variable 'oatmeal_cookies_per_batch' referenced before assignment
name 'shells_boys' is not defined
local variable 'weeks_per_day' referenced before assignment
name 'pen' is not defined
local variable 'potato_fries_cost' referenced before assignment
local variable 'buttons_four_holes' referenced before assignment
local variable 'cost_broken' referenced before assignment
local variable 'roses_per_month' referenced before assignment
local variable 'bread_sandwiches_cost' referenced before assignment
local variable 'carpet_cost_installed' referenced before assignment
name 'jill_earnings' is not defined
name 'hours_run_calories' is not defined
name 'nickel_cost' is not defined
local variable 'games_per_month_with_other_christmas_with_christmas' referenced before assignment
name 'lemonade_per_hour_earnings' is not defined
local variable 'fish_food_cost' referenced before assignment
local variable 'seats_per_row_with_parents' referenced before assignment
local variable 'sessions_per_week' referenced before assignment
invalid syntax (<string>, line 5)
invalid syntax (<string>, line 7)
invalid syntax (<string>, line 11)
name 'minutes' is not defined
name 'minutes_to_school_without_late_with_lost_with_lost_with_lost' is not defined
name 'martha_points' is not defined
name 'snacks_per_person' is not defined
local variable 'water_used' referenced before assignment
name 'egg_omelet_omelet_omelet_omelet_omelet_omelet_omelet_omelet_calories' is not defined
local variable 'people_per_job_with_no_interviews_with_no_interviews_with_no_interviews' referenced before assignment
local variable 'chairs_left' referenced before assignment
name 'teachers_cars_with_four_windows_smashed' is not defined
local variable 'percent_blue' referenced before assignment
local variable 'birds_left_after_adding' referenced before assignment
name 'students_boys' is not defined
local variable 'cards_cost' referenced before assignment
local variable 'gunther_bananas_added_fourth_day' referenced before assignment
local variable 'people_won_12' referenced before assignment
name 'leila_cucumber_cucumber_cucumber_cucumber_cucumber_cucumber_cucumber_cucumber_cucumber_cucumber_cucumber_cucumber_cucumber_cucumber_cucumber_cucumber_cucumber_cucumber_cucumber_cucumber_cucumber_cucum' is not defined
local variable 'movies_with_older_older_total_cost' referenced before assignment
name 'emma_berries_more_than_ava_more_than_ava' is not defined
invalid syntax (<string>, line 8)
local variable 'marshmallows_left' referenced before assignment
invalid syntax (<string>, line 6)
name 'bars_per_week_4' is not defined
local variable 'shoes_per_month_years_years' referenced before assignment
local variable 'minutes_per_room_half_half_half' referenced before assignment
local variable 'badges_earned_in_1_year' referenced before assignment
name 'loaves_per_loaf' is not defined
name 'sofie_books' is not defined
local variable 'jello_spent' referenced before assignment
name 'cost_per_week_with_admin_with_admin_with_admin' is not defined
name 'long_answer_questions' is not defined
local variable 'apples_pack_cost' referenced before assignment
local variable 'pairs_won_to_arrange' referenced before assignment
local variable 'hours_per_month_with_payment_with_payment_with_payment' referenced before assignment
name 'ballpen' is not defined
name 'large_mask_yards' is not defined
name 'cake_cost_total' is not defined
name 'kira_fruit' is not defined
name 'bread_slices_per_day' is not defined
local variable 'water_left' referenced before assignment
local variable 'water_balloons_total_total' referenced before assignment
local variable 'boxes_needed' referenced before assignment
name 'hours_12_hours' is not defined
local variable 'hay_per_sheep' referenced before assignment
name 'CDs_sold_sold_total' is not defined
local variable 'jeffrey_balls' referenced before assignment
invalid syntax (<string>, line 6)
name 'oranges_total' is not defined
name 'bottles_per_day_vacation_vacation_vacation_total' is not defined
name 'emil_age_before' is not defined
local variable 'flowers_per_plant' referenced before assignment
name 'alessandro_age_' is not defined
local variable 'cookies_thinking_of_guests' referenced before assignment
local variable 'total_portraits' referenced before assignment
local variable 'money_spent' referenced before assignment
name 'distance_to_nyc_nyc_nyc_days' is not defined
local variable 'total_visit_cost' referenced before assignment
name 'pizzas_eaten_with_football_with_football_with_football' is not defined
name 'cost_saved' is not defined
name 'bikes_trekking_trekking_trekking' is not defined
local variable 'money_after_frying' referenced before assignment
local variable 'jellyfish_blue' referenced before assignment
local variable 'workers_produced_total_toys_per_hour' referenced before assignment
local variable 'large_bags_ounces_per_ounce' referenced before assignment
name 'car_speed_average' is not defined
local variable 'planks_sold_price' referenced before assignment
local variable 'blue_birds_per_tree' referenced before assignment
name 'water' is not defined
name 'chickens_per_day' is not defined
name 'bags_ordered_after_discount' is not defined
name 'weekdays' is not defined
local variable 'half_land_sold_after_month_after_month' referenced before assignment
local variable 'hair_color_cost' referenced before assignment
invalid syntax (<string>, line 5)
name 'fish_remaining' is not defined
local variable 'balloons_left_after_afternoon' referenced before assignment
name 'red_jelly_beans_per_jar' is not defined
local variable 'minutes_per_year' referenced before assignment
local variable 'meatballs_needed_with_two_tablespoons' referenced before assignment
local variable 'fabric_per_window' referenced before assignment
local variable 'distance_between_Alaska_and_Texas_and_days' referenced before assignment
local variable 'books_needed_to_hold' referenced before assignment
name 'money_per_bag' is not defined
name 'calls_earned' is not defined
local variable 'yards_per_hour_total_total_total' referenced before assignment
local variable 'shoes_price_discounted_with_shoes_with_shoes' referenced before assignment
name 'special_honey_revenue' is not defined
local variable 'sarah_raised' referenced before assignment
local variable 'watermelons_sold_profit' referenced before assignment
[Eval Info] value_accuracy: 12.434%
[E=3/40, S=5517] {'wandb': 'ReFT_small|gsm8k_python_sdp_galactica_125m_08', 'lr': '1.5e-05', 'T.loss': '0.25073', 'Eval.Gen.value_accuracy': '12.434', 'Eval.Gen.value_accuracy_best': '12.434'}
[E=4/40, S=5520] {'wandb': 'ReFT_small|gsm8k_python_sdp_galactica_125m_08', 'lr': '1.5008e-05', 'T.loss': '0.10938', 'Eval.Gen.value_accuracy_best': '12.434'}
[E=4/40, S=5530] {'wandb': 'ReFT_small|gsm8k_python_sdp_galactica_125m_08', 'lr': '1.5035e-05', 'T.loss': '0.18518', 'Eval.Gen.value_accuracy_best': '12.434'}
[E=4/40, S=5540] {'wandb': 'ReFT_small|gsm8k_python_sdp_galactica_125m_08', 'lr': '1.5063e-05', 'T.loss': '0.18777', 'Eval.Gen.value_accuracy_best': '12.434'}
[E=4/40, S=5550] {'wandb': 'ReFT_small|gsm8k_python_sdp_galactica_125m_08', 'lr': '1.509e-05', 'T.loss': '0.13458', 'Eval.Gen.value_accuracy_best': '12.434'}
[E=4/40, S=5560] {'wandb': 'ReFT_small|gsm8k_python_sdp_galactica_125m_08', 'lr': '1.5117e-05', 'T.loss': '0.21265', 'Eval.Gen.value_accuracy_best': '12.434'}
[E=4/40, S=5570] {'wandb': 'ReFT_small|gsm8k_python_sdp_galactica_125m_08', 'lr': '1.5144e-05', 'T.loss': '0.19104', 'Eval.Gen.value_accuracy_best': '12.434'}
[E=4/40, S=5580] {'wandb': 'ReFT_small|gsm8k_python_sdp_galactica_125m_08', 'lr': '1.5171e-05', 'T.loss': '0.11823', 'Eval.Gen.value_accuracy_best': '12.434'}
[E=4/40, S=5590] {'wandb': 'ReFT_small|gsm8k_python_sdp_galactica_125m_08', 'lr': '1.5198e-05', 'T.loss': '0.17639', 'Eval.Gen.value_accuracy_best': '12.434'}
[E=4/40, S=5600] {'wandb': 'ReFT_small|gsm8k_python_sdp_galactica_125m_08', 'lr': '1.5226e-05', 'T.loss': '0.13177', 'Eval.Gen.value_accuracy_best': '12.434'}
[E=4/40, S=5610] {'wandb': 'ReFT_small|gsm8k_python_sdp_galactica_125m_08', 'lr': '1.5253e-05', 'T.loss': '0.17517', 'Eval.Gen.value_accuracy_best': '12.434'}
[E=4/40, S=5620] {'wandb': 'ReFT_small|gsm8k_python_sdp_galactica_125m_08', 'lr': '1.528e-05', 'T.loss': '0.18063', 'Eval.Gen.value_accuracy_best': '12.434'}
[E=4/40, S=5630] {'wandb': 'ReFT_small|gsm8k_python_sdp_galactica_125m_08', 'lr': '1.5307e-05', 'T.loss': '0.099792', 'Eval.Gen.value_accuracy_best': '12.434'}
[E=4/40, S=5640] {'wandb': 'ReFT_small|gsm8k_python_sdp_galactica_125m_08', 'lr': '1.5334e-05', 'T.loss': '0.13202', 'Eval.Gen.value_accuracy_best': '12.434'}
[E=4/40, S=5650] {'wandb': 'ReFT_small|gsm8k_python_sdp_galactica_125m_08', 'lr': '1.5362e-05', 'T.loss': '0.23047', 'Eval.Gen.value_accuracy_best': '12.434'}
[E=4/40, S=5660] {'wandb': 'ReFT_small|gsm8k_python_sdp_galactica_125m_08', 'lr': '1.5389e-05', 'T.loss': '0.15015', 'Eval.Gen.value_accuracy_best': '12.434'}
[E=4/40, S=5670] {'wandb': 'ReFT_small|gsm8k_python_sdp_galactica_125m_08', 'lr': '1.5416e-05', 'T.loss': '0.12286', 'Eval.Gen.value_accuracy_best': '12.434'}
[E=4/40, S=5680] {'wandb': 'ReFT_small|gsm8k_python_sdp_galactica_125m_08', 'lr': '1.5443e-05', 'T.loss': '0.17682', 'Eval.Gen.value_accuracy_best': '12.434'}
[E=4/40, S=5690] {'wandb': 'ReFT_small|gsm8k_python_sdp_galactica_125m_08', 'lr': '1.547e-05', 'T.loss': '0.094147', 'Eval.Gen.value_accuracy_best': '12.434'}
[E=4/40, S=5700] {'wandb': 'ReFT_small|gsm8k_python_sdp_galactica_125m_08', 'lr': '1.5498e-05', 'T.loss': '0.14178', 'Eval.Gen.value_accuracy_best': '12.434'}
[E=4/40, S=5710] {'wandb': 'ReFT_small|gsm8k_python_sdp_galactica_125m_08', 'lr': '1.5525e-05', 'T.loss': '0.10919', 'Eval.Gen.value_accuracy_best': '12.434'}
[E=4/40, S=5720] {'wandb': 'ReFT_small|gsm8k_python_sdp_galactica_125m_08', 'lr': '1.5552e-05', 'T.loss': '0.1568', 'Eval.Gen.value_accuracy_best': '12.434'}
[E=4/40, S=5730] {'wandb': 'ReFT_small|gsm8k_python_sdp_galactica_125m_08', 'lr': '1.5579e-05', 'T.loss': '0.15417', 'Eval.Gen.value_accuracy_best': '12.434'}
[E=4/40, S=5740] {'wandb': 'ReFT_small|gsm8k_python_sdp_galactica_125m_08', 'lr': '1.5606e-05', 'T.loss': '0.13205', 'Eval.Gen.value_accuracy_best': '12.434'}
[E=4/40, S=5750] {'wandb': 'ReFT_small|gsm8k_python_sdp_galactica_125m_08', 'lr': '1.5633e-05', 'T.loss': '0.09967', 'Eval.Gen.value_accuracy_best': '12.434'}
[E=4/40, S=5760] {'wandb': 'ReFT_small|gsm8k_python_sdp_galactica_125m_08', 'lr': '1.5661e-05', 'T.loss': '0.12924', 'Eval.Gen.value_accuracy_best': '12.434'}
[E=4/40, S=5770] {'wandb': 'ReFT_small|gsm8k_python_sdp_galactica_125m_08', 'lr': '1.5688e-05', 'T.loss': '0.21704', 'Eval.Gen.value_accuracy_best': '12.434'}
[E=4/40, S=5780] {'wandb': 'ReFT_small|gsm8k_python_sdp_galactica_125m_08', 'lr': '1.5715e-05', 'T.loss': '0.1593', 'Eval.Gen.value_accuracy_best': '12.434'}
[E=4/40, S=5790] {'wandb': 'ReFT_small|gsm8k_python_sdp_galactica_125m_08', 'lr': '1.5742e-05', 'T.loss': '0.14655', 'Eval.Gen.value_accuracy_best': '12.434'}
[E=4/40, S=5800] {'wandb': 'ReFT_small|gsm8k_python_sdp_galactica_125m_08', 'lr': '1.5769e-05', 'T.loss': '0.15491', 'Eval.Gen.value_accuracy_best': '12.434'}
[E=4/40, S=5810] {'wandb': 'ReFT_small|gsm8k_python_sdp_galactica_125m_08', 'lr': '1.5797e-05', 'T.loss': '0.088013', 'Eval.Gen.value_accuracy_best': '12.434'}
[E=4/40, S=5820] {'wandb': 'ReFT_small|gsm8k_python_sdp_galactica_125m_08', 'lr': '1.5824e-05', 'T.loss': '0.090424', 'Eval.Gen.value_accuracy_best': '12.434'}
[E=4/40, S=5830] {'wandb': 'ReFT_small|gsm8k_python_sdp_galactica_125m_08', 'lr': '1.5851e-05', 'T.loss': '0.16681', 'Eval.Gen.value_accuracy_best': '12.434'}
[E=4/40, S=5840] {'wandb': 'ReFT_small|gsm8k_python_sdp_galactica_125m_08', 'lr': '1.5878e-05', 'T.loss': '0.096558', 'Eval.Gen.value_accuracy_best': '12.434'}
[E=4/40, S=5850] {'wandb': 'ReFT_small|gsm8k_python_sdp_galactica_125m_08', 'lr': '1.5905e-05', 'T.loss': '0.18384', 'Eval.Gen.value_accuracy_best': '12.434'}
[E=4/40, S=5860] {'wandb': 'ReFT_small|gsm8k_python_sdp_galactica_125m_08', 'lr': '1.5933e-05', 'T.loss': '0.1792', 'Eval.Gen.value_accuracy_best': '12.434'}
[E=4/40, S=5870] {'wandb': 'ReFT_small|gsm8k_python_sdp_galactica_125m_08', 'lr': '1.596e-05', 'T.loss': '0.17639', 'Eval.Gen.value_accuracy_best': '12.434'}
[E=4/40, S=5880] {'wandb': 'ReFT_small|gsm8k_python_sdp_galactica_125m_08', 'lr': '1.5987e-05', 'T.loss': '0.16348', 'Eval.Gen.value_accuracy_best': '12.434'}
[E=4/40, S=5890] {'wandb': 'ReFT_small|gsm8k_python_sdp_galactica_125m_08', 'lr': '1.6014e-05', 'T.loss': '0.19202', 'Eval.Gen.value_accuracy_best': '12.434'}
[E=4/40, S=5900] {'wandb': 'ReFT_small|gsm8k_python_sdp_galactica_125m_08', 'lr': '1.6041e-05', 'T.loss': '0.12085', 'Eval.Gen.value_accuracy_best': '12.434'}
[E=4/40, S=5910] {'wandb': 'ReFT_small|gsm8k_python_sdp_galactica_125m_08', 'lr': '1.6069e-05', 'T.loss': '0.13293', 'Eval.Gen.value_accuracy_best': '12.434'}
[E=4/40, S=5920] {'wandb': 'ReFT_small|gsm8k_python_sdp_galactica_125m_08', 'lr': '1.6096e-05', 'T.loss': '0.15912', 'Eval.Gen.value_accuracy_best': '12.434'}
[E=4/40, S=5930] {'wandb': 'ReFT_small|gsm8k_python_sdp_galactica_125m_08', 'lr': '1.6123e-05', 'T.loss': '0.13556', 'Eval.Gen.value_accuracy_best': '12.434'}
[E=4/40, S=5940] {'wandb': 'ReFT_small|gsm8k_python_sdp_galactica_125m_08', 'lr': '1.615e-05', 'T.loss': '0.13553', 'Eval.Gen.value_accuracy_best': '12.434'}
[E=4/40, S=5950] {'wandb': 'ReFT_small|gsm8k_python_sdp_galactica_125m_08', 'lr': '1.6177e-05', 'T.loss': '0.17001', 'Eval.Gen.value_accuracy_best': '12.434'}
[E=4/40, S=5960] {'wandb': 'ReFT_small|gsm8k_python_sdp_galactica_125m_08', 'lr': '1.6204e-05', 'T.loss': '0.14288', 'Eval.Gen.value_accuracy_best': '12.434'}
[E=4/40, S=5970] {'wandb': 'ReFT_small|gsm8k_python_sdp_galactica_125m_08', 'lr': '1.6232e-05', 'T.loss': '0.18445', 'Eval.Gen.value_accuracy_best': '12.434'}
[E=4/40, S=5980] {'wandb': 'ReFT_small|gsm8k_python_sdp_galactica_125m_08', 'lr': '1.6259e-05', 'T.loss': '0.14795', 'Eval.Gen.value_accuracy_best': '12.434'}
[E=4/40, S=5990] {'wandb': 'ReFT_small|gsm8k_python_sdp_galactica_125m_08', 'lr': '1.6286e-05', 'T.loss': '0.11243', 'Eval.Gen.value_accuracy_best': '12.434'}
[E=4/40, S=6000] {'wandb': 'ReFT_small|gsm8k_python_sdp_galactica_125m_08', 'lr': '1.6313e-05', 'T.loss': '0.1731', 'Eval.Gen.value_accuracy_best': '12.434'}
[E=4/40, S=6010] {'wandb': 'ReFT_small|gsm8k_python_sdp_galactica_125m_08', 'lr': '1.634e-05', 'T.loss': '0.13345', 'Eval.Gen.value_accuracy_best': '12.434'}
[E=4/40, S=6020] {'wandb': 'ReFT_small|gsm8k_python_sdp_galactica_125m_08', 'lr': '1.6368e-05', 'T.loss': '0.15405', 'Eval.Gen.value_accuracy_best': '12.434'}
[E=4/40, S=6030] {'wandb': 'ReFT_small|gsm8k_python_sdp_galactica_125m_08', 'lr': '1.6395e-05', 'T.loss': '0.1424', 'Eval.Gen.value_accuracy_best': '12.434'}
[E=4/40, S=6040] {'wandb': 'ReFT_small|gsm8k_python_sdp_galactica_125m_08', 'lr': '1.6422e-05', 'T.loss': '0.13397', 'Eval.Gen.value_accuracy_best': '12.434'}
[E=4/40, S=6050] {'wandb': 'ReFT_small|gsm8k_python_sdp_galactica_125m_08', 'lr': '1.6449e-05', 'T.loss': '0.14148', 'Eval.Gen.value_accuracy_best': '12.434'}
[E=4/40, S=6060] {'wandb': 'ReFT_small|gsm8k_python_sdp_galactica_125m_08', 'lr': '1.6476e-05', 'T.loss': '0.15063', 'Eval.Gen.value_accuracy_best': '12.434'}
[E=4/40, S=6070] {'wandb': 'ReFT_small|gsm8k_python_sdp_galactica_125m_08', 'lr': '1.6504e-05', 'T.loss': '0.14355', 'Eval.Gen.value_accuracy_best': '12.434'}
[E=4/40, S=6080] {'wandb': 'ReFT_small|gsm8k_python_sdp_galactica_125m_08', 'lr': '1.6531e-05', 'T.loss': '0.14551', 'Eval.Gen.value_accuracy_best': '12.434'}
[E=4/40, S=6090] {'wandb': 'ReFT_small|gsm8k_python_sdp_galactica_125m_08', 'lr': '1.6558e-05', 'T.loss': '0.14725', 'Eval.Gen.value_accuracy_best': '12.434'}
[E=4/40, S=6100] {'wandb': 'ReFT_small|gsm8k_python_sdp_galactica_125m_08', 'lr': '1.6585e-05', 'T.loss': '0.13242', 'Eval.Gen.value_accuracy_best': '12.434'}
[E=4/40, S=6110] {'wandb': 'ReFT_small|gsm8k_python_sdp_galactica_125m_08', 'lr': '1.6612e-05', 'T.loss': '0.16772', 'Eval.Gen.value_accuracy_best': '12.434'}
[E=4/40, S=6120] {'wandb': 'ReFT_small|gsm8k_python_sdp_galactica_125m_08', 'lr': '1.6639e-05', 'T.loss': '0.15607', 'Eval.Gen.value_accuracy_best': '12.434'}
[E=4/40, S=6130] {'wandb': 'ReFT_small|gsm8k_python_sdp_galactica_125m_08', 'lr': '1.6667e-05', 'T.loss': '0.12708', 'Eval.Gen.value_accuracy_best': '12.434'}
[E=4/40, S=6140] {'wandb': 'ReFT_small|gsm8k_python_sdp_galactica_125m_08', 'lr': '1.6694e-05', 'T.loss': '0.19427', 'Eval.Gen.value_accuracy_best': '12.434'}
[E=4/40, S=6150] {'wandb': 'ReFT_small|gsm8k_python_sdp_galactica_125m_08', 'lr': '1.6721e-05', 'T.loss': '0.15424', 'Eval.Gen.value_accuracy_best': '12.434'}
[E=4/40, S=6160] {'wandb': 'ReFT_small|gsm8k_python_sdp_galactica_125m_08', 'lr': '1.6748e-05', 'T.loss': '0.10416', 'Eval.Gen.value_accuracy_best': '12.434'}
[E=4/40, S=6170] {'wandb': 'ReFT_small|gsm8k_python_sdp_galactica_125m_08', 'lr': '1.6775e-05', 'T.loss': '0.077454', 'Eval.Gen.value_accuracy_best': '12.434'}
[E=4/40, S=6180] {'wandb': 'ReFT_small|gsm8k_python_sdp_galactica_125m_08', 'lr': '1.6803e-05', 'T.loss': '0.16919', 'Eval.Gen.value_accuracy_best': '12.434'}
[E=4/40, S=6190] {'wandb': 'ReFT_small|gsm8k_python_sdp_galactica_125m_08', 'lr': '1.683e-05', 'T.loss': '0.13055', 'Eval.Gen.value_accuracy_best': '12.434'}
[E=4/40, S=6200] {'wandb': 'ReFT_small|gsm8k_python_sdp_galactica_125m_08', 'lr': '1.6857e-05', 'T.loss': '0.18997', 'Eval.Gen.value_accuracy_best': '12.434'}
[E=4/40, S=6210] {'wandb': 'ReFT_small|gsm8k_python_sdp_galactica_125m_08', 'lr': '1.6884e-05', 'T.loss': '0.16412', 'Eval.Gen.value_accuracy_best': '12.434'}
[E=4/40, S=6220] {'wandb': 'ReFT_small|gsm8k_python_sdp_galactica_125m_08', 'lr': '1.6911e-05', 'T.loss': '0.13544', 'Eval.Gen.value_accuracy_best': '12.434'}
[E=4/40, S=6230] {'wandb': 'ReFT_small|gsm8k_python_sdp_galactica_125m_08', 'lr': '1.6939e-05', 'T.loss': '0.19025', 'Eval.Gen.value_accuracy_best': '12.434'}
[E=4/40, S=6240] {'wandb': 'ReFT_small|gsm8k_python_sdp_galactica_125m_08', 'lr': '1.6966e-05', 'T.loss': '0.14673', 'Eval.Gen.value_accuracy_best': '12.434'}
[E=4/40, S=6250] {'wandb': 'ReFT_small|gsm8k_python_sdp_galactica_125m_08', 'lr': '1.6993e-05', 'T.loss': '0.18622', 'Eval.Gen.value_accuracy_best': '12.434'}
[E=4/40, S=6260] {'wandb': 'ReFT_small|gsm8k_python_sdp_galactica_125m_08', 'lr': '1.702e-05', 'T.loss': '0.20782', 'Eval.Gen.value_accuracy_best': '12.434'}
[E=4/40, S=6270] {'wandb': 'ReFT_small|gsm8k_python_sdp_galactica_125m_08', 'lr': '1.7047e-05', 'T.loss': '0.081863', 'Eval.Gen.value_accuracy_best': '12.434'}
[E=4/40, S=6280] {'wandb': 'ReFT_small|gsm8k_python_sdp_galactica_125m_08', 'lr': '1.7074e-05', 'T.loss': '0.11804', 'Eval.Gen.value_accuracy_best': '12.434'}
[E=4/40, S=6290] {'wandb': 'ReFT_small|gsm8k_python_sdp_galactica_125m_08', 'lr': '1.7102e-05', 'T.loss': '0.15549', 'Eval.Gen.value_accuracy_best': '12.434'}
[E=4/40, S=6300] {'wandb': 'ReFT_small|gsm8k_python_sdp_galactica_125m_08', 'lr': '1.7129e-05', 'T.loss': '0.16876', 'Eval.Gen.value_accuracy_best': '12.434'}
[E=4/40, S=6310] {'wandb': 'ReFT_small|gsm8k_python_sdp_galactica_125m_08', 'lr': '1.7156e-05', 'T.loss': '0.18881', 'Eval.Gen.value_accuracy_best': '12.434'}
[E=4/40, S=6320] {'wandb': 'ReFT_small|gsm8k_python_sdp_galactica_125m_08', 'lr': '1.7183e-05', 'T.loss': '0.12198', 'Eval.Gen.value_accuracy_best': '12.434'}
[E=4/40, S=6330] {'wandb': 'ReFT_small|gsm8k_python_sdp_galactica_125m_08', 'lr': '1.721e-05', 'T.loss': '0.15985', 'Eval.Gen.value_accuracy_best': '12.434'}
[E=4/40, S=6340] {'wandb': 'ReFT_small|gsm8k_python_sdp_galactica_125m_08', 'lr': '1.7238e-05', 'T.loss': '0.17297', 'Eval.Gen.value_accuracy_best': '12.434'}
[E=4/40, S=6350] {'wandb': 'ReFT_small|gsm8k_python_sdp_galactica_125m_08', 'lr': '1.7265e-05', 'T.loss': '0.13647', 'Eval.Gen.value_accuracy_best': '12.434'}
[E=4/40, S=6360] {'wandb': 'ReFT_small|gsm8k_python_sdp_galactica_125m_08', 'lr': '1.7292e-05', 'T.loss': '0.1991', 'Eval.Gen.value_accuracy_best': '12.434'}
[E=4/40, S=6370] {'wandb': 'ReFT_small|gsm8k_python_sdp_galactica_125m_08', 'lr': '1.7319e-05', 'T.loss': '0.17572', 'Eval.Gen.value_accuracy_best': '12.434'}
[E=4/40, S=6380] {'wandb': 'ReFT_small|gsm8k_python_sdp_galactica_125m_08', 'lr': '1.7346e-05', 'T.loss': '0.15283', 'Eval.Gen.value_accuracy_best': '12.434'}
[E=4/40, S=6390] {'wandb': 'ReFT_small|gsm8k_python_sdp_galactica_125m_08', 'lr': '1.7374e-05', 'T.loss': '0.077164', 'Eval.Gen.value_accuracy_best': '12.434'}
[E=4/40, S=6400] {'wandb': 'ReFT_small|gsm8k_python_sdp_galactica_125m_08', 'lr': '1.7401e-05', 'T.loss': '0.1669', 'Eval.Gen.value_accuracy_best': '12.434'}
[E=4/40, S=6410] {'wandb': 'ReFT_small|gsm8k_python_sdp_galactica_125m_08', 'lr': '1.7428e-05', 'T.loss': '0.17108', 'Eval.Gen.value_accuracy_best': '12.434'}
[E=4/40, S=6420] {'wandb': 'ReFT_small|gsm8k_python_sdp_galactica_125m_08', 'lr': '1.7455e-05', 'T.loss': '0.15082', 'Eval.Gen.value_accuracy_best': '12.434'}
[E=4/40, S=6430] {'wandb': 'ReFT_small|gsm8k_python_sdp_galactica_125m_08', 'lr': '1.7482e-05', 'T.loss': '0.12408', 'Eval.Gen.value_accuracy_best': '12.434'}
[E=4/40, S=6440] {'wandb': 'ReFT_small|gsm8k_python_sdp_galactica_125m_08', 'lr': '1.751e-05', 'T.loss': '0.12326', 'Eval.Gen.value_accuracy_best': '12.434'}
[E=4/40, S=6450] {'wandb': 'ReFT_small|gsm8k_python_sdp_galactica_125m_08', 'lr': '1.7537e-05', 'T.loss': '0.18314', 'Eval.Gen.value_accuracy_best': '12.434'}
[E=4/40, S=6460] {'wandb': 'ReFT_small|gsm8k_python_sdp_galactica_125m_08', 'lr': '1.7564e-05', 'T.loss': '0.15894', 'Eval.Gen.value_accuracy_best': '12.434'}
[E=4/40, S=6470] {'wandb': 'ReFT_small|gsm8k_python_sdp_galactica_125m_08', 'lr': '1.7591e-05', 'T.loss': '0.20343', 'Eval.Gen.value_accuracy_best': '12.434'}
[E=4/40, S=6480] {'wandb': 'ReFT_small|gsm8k_python_sdp_galactica_125m_08', 'lr': '1.7618e-05', 'T.loss': '0.1958', 'Eval.Gen.value_accuracy_best': '12.434'}
[E=4/40, S=6490] {'wandb': 'ReFT_small|gsm8k_python_sdp_galactica_125m_08', 'lr': '1.7645e-05', 'T.loss': '0.17761', 'Eval.Gen.value_accuracy_best': '12.434'}
[E=4/40, S=6500] {'wandb': 'ReFT_small|gsm8k_python_sdp_galactica_125m_08', 'lr': '1.7673e-05', 'T.loss': '0.18942', 'Eval.Gen.value_accuracy_best': '12.434'}
[E=4/40, S=6510] {'wandb': 'ReFT_small|gsm8k_python_sdp_galactica_125m_08', 'lr': '1.77e-05', 'T.loss': '0.12631', 'Eval.Gen.value_accuracy_best': '12.434'}
[E=4/40, S=6520] {'wandb': 'ReFT_small|gsm8k_python_sdp_galactica_125m_08', 'lr': '1.7727e-05', 'T.loss': '0.13046', 'Eval.Gen.value_accuracy_best': '12.434'}
[E=4/40, S=6530] {'wandb': 'ReFT_small|gsm8k_python_sdp_galactica_125m_08', 'lr': '1.7754e-05', 'T.loss': '0.093384', 'Eval.Gen.value_accuracy_best': '12.434'}
[E=4/40, S=6540] {'wandb': 'ReFT_small|gsm8k_python_sdp_galactica_125m_08', 'lr': '1.7781e-05', 'T.loss': '0.11777', 'Eval.Gen.value_accuracy_best': '12.434'}
[E=4/40, S=6550] {'wandb': 'ReFT_small|gsm8k_python_sdp_galactica_125m_08', 'lr': '1.7809e-05', 'T.loss': '0.15814', 'Eval.Gen.value_accuracy_best': '12.434'}
[E=4/40, S=6560] {'wandb': 'ReFT_small|gsm8k_python_sdp_galactica_125m_08', 'lr': '1.7836e-05', 'T.loss': '0.22272', 'Eval.Gen.value_accuracy_best': '12.434'}
[E=4/40, S=6570] {'wandb': 'ReFT_small|gsm8k_python_sdp_galactica_125m_08', 'lr': '1.7863e-05', 'T.loss': '0.13184', 'Eval.Gen.value_accuracy_best': '12.434'}
[E=4/40, S=6580] {'wandb': 'ReFT_small|gsm8k_python_sdp_galactica_125m_08', 'lr': '1.789e-05', 'T.loss': '0.16925', 'Eval.Gen.value_accuracy_best': '12.434'}
[E=4/40, S=6590] {'wandb': 'ReFT_small|gsm8k_python_sdp_galactica_125m_08', 'lr': '1.7917e-05', 'T.loss': '0.14844', 'Eval.Gen.value_accuracy_best': '12.434'}
[E=4/40, S=6600] {'wandb': 'ReFT_small|gsm8k_python_sdp_galactica_125m_08', 'lr': '1.7945e-05', 'T.loss': '0.15164', 'Eval.Gen.value_accuracy_best': '12.434'}
[E=4/40, S=6610] {'wandb': 'ReFT_small|gsm8k_python_sdp_galactica_125m_08', 'lr': '1.7972e-05', 'T.loss': '0.14417', 'Eval.Gen.value_accuracy_best': '12.434'}
[E=4/40, S=6620] {'wandb': 'ReFT_small|gsm8k_python_sdp_galactica_125m_08', 'lr': '1.7999e-05', 'T.loss': '0.14072', 'Eval.Gen.value_accuracy_best': '12.434'}
[E=4/40, S=6630] {'wandb': 'ReFT_small|gsm8k_python_sdp_galactica_125m_08', 'lr': '1.8026e-05', 'T.loss': '0.14047', 'Eval.Gen.value_accuracy_best': '12.434'}
[E=4/40, S=6640] {'wandb': 'ReFT_small|gsm8k_python_sdp_galactica_125m_08', 'lr': '1.8053e-05', 'T.loss': '0.18353', 'Eval.Gen.value_accuracy_best': '12.434'}
[E=4/40, S=6650] {'wandb': 'ReFT_small|gsm8k_python_sdp_galactica_125m_08', 'lr': '1.808e-05', 'T.loss': '0.15234', 'Eval.Gen.value_accuracy_best': '12.434'}
[E=4/40, S=6660] {'wandb': 'ReFT_small|gsm8k_python_sdp_galactica_125m_08', 'lr': '1.8108e-05', 'T.loss': '0.24072', 'Eval.Gen.value_accuracy_best': '12.434'}
[E=4/40, S=6670] {'wandb': 'ReFT_small|gsm8k_python_sdp_galactica_125m_08', 'lr': '1.8135e-05', 'T.loss': '0.17291', 'Eval.Gen.value_accuracy_best': '12.434'}
[E=4/40, S=6680] {'wandb': 'ReFT_small|gsm8k_python_sdp_galactica_125m_08', 'lr': '1.8162e-05', 'T.loss': '0.16321', 'Eval.Gen.value_accuracy_best': '12.434'}
[2025-06-05 19:05:55,533] [INFO] [loss_scaler.py:183:update_scale] [deepspeed] OVERFLOW! Rank 0 Skipping step. Attempted loss scale: 32768, reducing to 16384
[E=4/40, S=6690] {'wandb': 'ReFT_small|gsm8k_python_sdp_galactica_125m_08', 'lr': '1.8189e-05', 'T.loss': '0.12479', 'Eval.Gen.value_accuracy_best': '12.434'}
[E=4/40, S=6700] {'wandb': 'ReFT_small|gsm8k_python_sdp_galactica_125m_08', 'lr': '1.8216e-05', 'T.loss': '0.10898', 'Eval.Gen.value_accuracy_best': '12.434'}
[E=4/40, S=6710] {'wandb': 'ReFT_small|gsm8k_python_sdp_galactica_125m_08', 'lr': '1.8244e-05', 'T.loss': '0.16406', 'Eval.Gen.value_accuracy_best': '12.434'}
[E=4/40, S=6720] {'wandb': 'ReFT_small|gsm8k_python_sdp_galactica_125m_08', 'lr': '1.8271e-05', 'T.loss': '0.25378', 'Eval.Gen.value_accuracy_best': '12.434'}
[E=4/40, S=6730] {'wandb': 'ReFT_small|gsm8k_python_sdp_galactica_125m_08', 'lr': '1.8298e-05', 'T.loss': '0.12042', 'Eval.Gen.value_accuracy_best': '12.434'}
[E=4/40, S=6740] {'wandb': 'ReFT_small|gsm8k_python_sdp_galactica_125m_08', 'lr': '1.8325e-05', 'T.loss': '0.14178', 'Eval.Gen.value_accuracy_best': '12.434'}
[E=4/40, S=6750] {'wandb': 'ReFT_small|gsm8k_python_sdp_galactica_125m_08', 'lr': '1.8352e-05', 'T.loss': '0.19171', 'Eval.Gen.value_accuracy_best': '12.434'}
[E=4/40, S=6760] {'wandb': 'ReFT_small|gsm8k_python_sdp_galactica_125m_08', 'lr': '1.838e-05', 'T.loss': '0.22089', 'Eval.Gen.value_accuracy_best': '12.434'}
[E=4/40, S=6770] {'wandb': 'ReFT_small|gsm8k_python_sdp_galactica_125m_08', 'lr': '1.8407e-05', 'T.loss': '0.19885', 'Eval.Gen.value_accuracy_best': '12.434'}
[E=4/40, S=6780] {'wandb': 'ReFT_small|gsm8k_python_sdp_galactica_125m_08', 'lr': '1.8434e-05', 'T.loss': '0.09903', 'Eval.Gen.value_accuracy_best': '12.434'}
[E=4/40, S=6790] {'wandb': 'ReFT_small|gsm8k_python_sdp_galactica_125m_08', 'lr': '1.8461e-05', 'T.loss': '0.16479', 'Eval.Gen.value_accuracy_best': '12.434'}
[E=4/40, S=6800] {'wandb': 'ReFT_small|gsm8k_python_sdp_galactica_125m_08', 'lr': '1.8488e-05', 'T.loss': '0.19189', 'Eval.Gen.value_accuracy_best': '12.434'}
[E=4/40, S=6810] {'wandb': 'ReFT_small|gsm8k_python_sdp_galactica_125m_08', 'lr': '1.8515e-05', 'T.loss': '0.18787', 'Eval.Gen.value_accuracy_best': '12.434'}
[E=4/40, S=6820] {'wandb': 'ReFT_small|gsm8k_python_sdp_galactica_125m_08', 'lr': '1.8543e-05', 'T.loss': '0.17352', 'Eval.Gen.value_accuracy_best': '12.434'}
[E=4/40, S=6830] {'wandb': 'ReFT_small|gsm8k_python_sdp_galactica_125m_08', 'lr': '1.857e-05', 'T.loss': '0.15488', 'Eval.Gen.value_accuracy_best': '12.434'}
[E=4/40, S=6840] {'wandb': 'ReFT_small|gsm8k_python_sdp_galactica_125m_08', 'lr': '1.8597e-05', 'T.loss': '0.16949', 'Eval.Gen.value_accuracy_best': '12.434'}
[E=4/40, S=6850] {'wandb': 'ReFT_small|gsm8k_python_sdp_galactica_125m_08', 'lr': '1.8624e-05', 'T.loss': '0.18298', 'Eval.Gen.value_accuracy_best': '12.434'}
[E=4/40, S=6860] {'wandb': 'ReFT_small|gsm8k_python_sdp_galactica_125m_08', 'lr': '1.8651e-05', 'T.loss': '0.12173', 'Eval.Gen.value_accuracy_best': '12.434'}
[E=4/40, S=6870] {'wandb': 'ReFT_small|gsm8k_python_sdp_galactica_125m_08', 'lr': '1.8679e-05', 'T.loss': '0.15247', 'Eval.Gen.value_accuracy_best': '12.434'}
[E=4/40, S=6880] {'wandb': 'ReFT_small|gsm8k_python_sdp_galactica_125m_08', 'lr': '1.8706e-05', 'T.loss': '0.11035', 'Eval.Gen.value_accuracy_best': '12.434'}
[E=4/40, S=6890] {'wandb': 'ReFT_small|gsm8k_python_sdp_galactica_125m_08', 'lr': '1.8733e-05', 'T.loss': '0.16431', 'Eval.Gen.value_accuracy_best': '12.434'}
[E=4/40, S=6900] {'wandb': 'ReFT_small|gsm8k_python_sdp_galactica_125m_08', 'lr': '1.876e-05', 'T.loss': '0.15277', 'Eval.Gen.value_accuracy_best': '12.434'}
[E=4/40, S=6910] {'wandb': 'ReFT_small|gsm8k_python_sdp_galactica_125m_08', 'lr': '1.8787e-05', 'T.loss': '0.17114', 'Eval.Gen.value_accuracy_best': '12.434'}
[E=4/40, S=6920] {'wandb': 'ReFT_small|gsm8k_python_sdp_galactica_125m_08', 'lr': '1.8815e-05', 'T.loss': '0.12442', 'Eval.Gen.value_accuracy_best': '12.434'}
[E=4/40, S=6930] {'wandb': 'ReFT_small|gsm8k_python_sdp_galactica_125m_08', 'lr': '1.8842e-05', 'T.loss': '0.18805', 'Eval.Gen.value_accuracy_best': '12.434'}
[E=4/40, S=6940] {'wandb': 'ReFT_small|gsm8k_python_sdp_galactica_125m_08', 'lr': '1.8869e-05', 'T.loss': '0.14636', 'Eval.Gen.value_accuracy_best': '12.434'}
[E=4/40, S=6950] {'wandb': 'ReFT_small|gsm8k_python_sdp_galactica_125m_08', 'lr': '1.8896e-05', 'T.loss': '0.11812', 'Eval.Gen.value_accuracy_best': '12.434'}
[E=4/40, S=6960] {'wandb': 'ReFT_small|gsm8k_python_sdp_galactica_125m_08', 'lr': '1.8923e-05', 'T.loss': '0.14661', 'Eval.Gen.value_accuracy_best': '12.434'}
[E=4/40, S=6970] {'wandb': 'ReFT_small|gsm8k_python_sdp_galactica_125m_08', 'lr': '1.8951e-05', 'T.loss': '0.13791', 'Eval.Gen.value_accuracy_best': '12.434'}
[E=4/40, S=6980] {'wandb': 'ReFT_small|gsm8k_python_sdp_galactica_125m_08', 'lr': '1.8978e-05', 'T.loss': '0.14954', 'Eval.Gen.value_accuracy_best': '12.434'}
[E=4/40, S=6990] {'wandb': 'ReFT_small|gsm8k_python_sdp_galactica_125m_08', 'lr': '1.9005e-05', 'T.loss': '0.13824', 'Eval.Gen.value_accuracy_best': '12.434'}
[E=4/40, S=7000] {'wandb': 'ReFT_small|gsm8k_python_sdp_galactica_125m_08', 'lr': '1.9032e-05', 'T.loss': '0.14291', 'Eval.Gen.value_accuracy_best': '12.434'}
[E=4/40, S=7010] {'wandb': 'ReFT_small|gsm8k_python_sdp_galactica_125m_08', 'lr': '1.9059e-05', 'T.loss': '0.20026', 'Eval.Gen.value_accuracy_best': '12.434'}
[E=4/40, S=7020] {'wandb': 'ReFT_small|gsm8k_python_sdp_galactica_125m_08', 'lr': '1.9086e-05', 'T.loss': '0.1051', 'Eval.Gen.value_accuracy_best': '12.434'}
[E=4/40, S=7030] {'wandb': 'ReFT_small|gsm8k_python_sdp_galactica_125m_08', 'lr': '1.9114e-05', 'T.loss': '0.16138', 'Eval.Gen.value_accuracy_best': '12.434'}
[E=4/40, S=7040] {'wandb': 'ReFT_small|gsm8k_python_sdp_galactica_125m_08', 'lr': '1.9141e-05', 'T.loss': '0.1496', 'Eval.Gen.value_accuracy_best': '12.434'}
[E=4/40, S=7050] {'wandb': 'ReFT_small|gsm8k_python_sdp_galactica_125m_08', 'lr': '1.9168e-05', 'T.loss': '0.12326', 'Eval.Gen.value_accuracy_best': '12.434'}
[E=4/40, S=7060] {'wandb': 'ReFT_small|gsm8k_python_sdp_galactica_125m_08', 'lr': '1.9195e-05', 'T.loss': '0.16711', 'Eval.Gen.value_accuracy_best': '12.434'}
[E=4/40, S=7070] {'wandb': 'ReFT_small|gsm8k_python_sdp_galactica_125m_08', 'lr': '1.9222e-05', 'T.loss': '0.18134', 'Eval.Gen.value_accuracy_best': '12.434'}
[E=4/40, S=7080] {'wandb': 'ReFT_small|gsm8k_python_sdp_galactica_125m_08', 'lr': '1.925e-05', 'T.loss': '0.19873', 'Eval.Gen.value_accuracy_best': '12.434'}
[E=4/40, S=7090] {'wandb': 'ReFT_small|gsm8k_python_sdp_galactica_125m_08', 'lr': '1.9277e-05', 'T.loss': '0.14392', 'Eval.Gen.value_accuracy_best': '12.434'}
[E=4/40, S=7100] {'wandb': 'ReFT_small|gsm8k_python_sdp_galactica_125m_08', 'lr': '1.9304e-05', 'T.loss': '0.13904', 'Eval.Gen.value_accuracy_best': '12.434'}
[E=4/40, S=7110] {'wandb': 'ReFT_small|gsm8k_python_sdp_galactica_125m_08', 'lr': '1.9331e-05', 'T.loss': '0.12125', 'Eval.Gen.value_accuracy_best': '12.434'}
[E=4/40, S=7120] {'wandb': 'ReFT_small|gsm8k_python_sdp_galactica_125m_08', 'lr': '1.9358e-05', 'T.loss': '0.16617', 'Eval.Gen.value_accuracy_best': '12.434'}
[E=4/40, S=7130] {'wandb': 'ReFT_small|gsm8k_python_sdp_galactica_125m_08', 'lr': '1.9386e-05', 'T.loss': '0.13049', 'Eval.Gen.value_accuracy_best': '12.434'}
[E=4/40, S=7140] {'wandb': 'ReFT_small|gsm8k_python_sdp_galactica_125m_08', 'lr': '1.9413e-05', 'T.loss': '0.12558', 'Eval.Gen.value_accuracy_best': '12.434'}
[E=4/40, S=7150] {'wandb': 'ReFT_small|gsm8k_python_sdp_galactica_125m_08', 'lr': '1.944e-05', 'T.loss': '0.18835', 'Eval.Gen.value_accuracy_best': '12.434'}
[E=4/40, S=7160] {'wandb': 'ReFT_small|gsm8k_python_sdp_galactica_125m_08', 'lr': '1.9467e-05', 'T.loss': '0.12555', 'Eval.Gen.value_accuracy_best': '12.434'}
[E=4/40, S=7170] {'wandb': 'ReFT_small|gsm8k_python_sdp_galactica_125m_08', 'lr': '1.9494e-05', 'T.loss': '0.17578', 'Eval.Gen.value_accuracy_best': '12.434'}
[E=4/40, S=7180] {'wandb': 'ReFT_small|gsm8k_python_sdp_galactica_125m_08', 'lr': '1.9521e-05', 'T.loss': '0.14963', 'Eval.Gen.value_accuracy_best': '12.434'}
[E=4/40, S=7190] {'wandb': 'ReFT_small|gsm8k_python_sdp_galactica_125m_08', 'lr': '1.9549e-05', 'T.loss': '0.13394', 'Eval.Gen.value_accuracy_best': '12.434'}
[E=4/40, S=7200] {'wandb': 'ReFT_small|gsm8k_python_sdp_galactica_125m_08', 'lr': '1.9576e-05', 'T.loss': '0.12408', 'Eval.Gen.value_accuracy_best': '12.434'}
[E=4/40, S=7210] {'wandb': 'ReFT_small|gsm8k_python_sdp_galactica_125m_08', 'lr': '1.9603e-05', 'T.loss': '0.1557', 'Eval.Gen.value_accuracy_best': '12.434'}
[E=4/40, S=7220] {'wandb': 'ReFT_small|gsm8k_python_sdp_galactica_125m_08', 'lr': '1.963e-05', 'T.loss': '0.1601', 'Eval.Gen.value_accuracy_best': '12.434'}
[E=4/40, S=7230] {'wandb': 'ReFT_small|gsm8k_python_sdp_galactica_125m_08', 'lr': '1.9657e-05', 'T.loss': '0.1456', 'Eval.Gen.value_accuracy_best': '12.434'}
[E=4/40, S=7240] {'wandb': 'ReFT_small|gsm8k_python_sdp_galactica_125m_08', 'lr': '1.9685e-05', 'T.loss': '0.21228', 'Eval.Gen.value_accuracy_best': '12.434'}
[E=4/40, S=7250] {'wandb': 'ReFT_small|gsm8k_python_sdp_galactica_125m_08', 'lr': '1.9712e-05', 'T.loss': '0.18842', 'Eval.Gen.value_accuracy_best': '12.434'}
[E=4/40, S=7260] {'wandb': 'ReFT_small|gsm8k_python_sdp_galactica_125m_08', 'lr': '1.9739e-05', 'T.loss': '0.16168', 'Eval.Gen.value_accuracy_best': '12.434'}
[E=4/40, S=7270] {'wandb': 'ReFT_small|gsm8k_python_sdp_galactica_125m_08', 'lr': '1.9766e-05', 'T.loss': '0.17993', 'Eval.Gen.value_accuracy_best': '12.434'}
[E=4/40, S=7280] {'wandb': 'ReFT_small|gsm8k_python_sdp_galactica_125m_08', 'lr': '1.9793e-05', 'T.loss': '0.16132', 'Eval.Gen.value_accuracy_best': '12.434'}
[E=4/40, S=7290] {'wandb': 'ReFT_small|gsm8k_python_sdp_galactica_125m_08', 'lr': '1.9821e-05', 'T.loss': '0.17175', 'Eval.Gen.value_accuracy_best': '12.434'}
[E=4/40, S=7300] {'wandb': 'ReFT_small|gsm8k_python_sdp_galactica_125m_08', 'lr': '1.9848e-05', 'T.loss': '0.14316', 'Eval.Gen.value_accuracy_best': '12.434'}
[E=4/40, S=7310] {'wandb': 'ReFT_small|gsm8k_python_sdp_galactica_125m_08', 'lr': '1.9875e-05', 'T.loss': '0.14532', 'Eval.Gen.value_accuracy_best': '12.434'}
[E=4/40, S=7320] {'wandb': 'ReFT_small|gsm8k_python_sdp_galactica_125m_08', 'lr': '1.9902e-05', 'T.loss': '0.15363', 'Eval.Gen.value_accuracy_best': '12.434'}
[E=4/40, S=7330] {'wandb': 'ReFT_small|gsm8k_python_sdp_galactica_125m_08', 'lr': '1.9929e-05', 'T.loss': '0.13751', 'Eval.Gen.value_accuracy_best': '12.434'}
[E=4/40, S=7340] {'wandb': 'ReFT_small|gsm8k_python_sdp_galactica_125m_08', 'lr': '1.9956e-05', 'T.loss': '0.16608', 'Eval.Gen.value_accuracy_best': '12.434'}
[E=4/40, S=7350] {'wandb': 'ReFT_small|gsm8k_python_sdp_galactica_125m_08', 'lr': '1.9984e-05', 'T.loss': '0.1152', 'Eval.Gen.value_accuracy_best': '12.434'}
name 'vacuum_cleaners_left_left' is not defined
invalid syntax (<string>, line 7)
name 'carton_size' is not defined
name 'video_game_sets_initial' is not defined
name 'taper_candle_price' is not defined
name 'articles_week_1' is not defined
local variable 'truck_tires_repair_total_thursday' referenced before assignment
name 'jeweler_cost_percent_insured_percent_percent_percent_percent_percent_percent_percent_percent_percent_percent_percent_percent_percent_percent_percent_percent_percent_percent_percent_percent_percent_per' is not defined
name 'pension_percent_after_quit_after_after_percent_percent_percent_percent_percent_percent_percent_percent_percent_percent_percent_percent_percent_percent_percent_percent_percent_percent_percent_percent_p' is not defined
local variable 'weeks_total_with_allowance' referenced before assignment
local variable 'class_size_per_week' referenced before assignment
invalid syntax (<string>, line 5)
invalid syntax (<string>, line 6)
invalid syntax (<string>, line 7)
local variable 'vacation_years_in_year' referenced before assignment
name 'guests_per_friend_attendee' is not defined
local variable 'jerome_fourth_friend' referenced before assignment
name 'gas_price_after_cashback_after_cashback_gallons' is not defined
invalid syntax (<string>, line 8)
name 'boards_bought_sold_cost' is not defined
name 'hours_7' is not defined
local variable 'watermelon_cost' referenced before assignment
local variable 'elves_quit_after_kid_shins' referenced before assignment
name 'ride_coaster_time' is not defined
name 'clients_bottles_per_week' is not defined
invalid syntax (<string>, line 8)
name 'action_figure_cost' is not defined
name 'seconds_per_second_with_billy_time' is not defined
name 'donate_per_month_with_donation_with_donation_with_donation_with_donation_with_donation_with_donation_with_donation_with_donation_with_donation_with_donation_with_donation_with_donation_with_donation_w' is not defined
name 'straw_per_ham_per_ham_per_ham_per_ham_per_ham_per_ham_per_ham_per_ham_per_ham_per_ham_per_ham_per_ham_per_ham_per_ham_per_ham_per_ham_per_ham_per_ham_per_ham_per_ham_per_ham_per_ham_per_ham_per_ham_pe' is not defined
name 'bags_per_bag_per_trader_cost_per_trader' is not defined
invalid syntax (<string>, line 6)
local variable 'trees_chopped_per_year_after_10_years' referenced before assignment
name 'flamingos_per_week_after_white_flamingos_after_white_flamingos_after_white_flamingos_after_white_flamingos_after_white_flamingos_after_white_flamingos_after_white_flamingos_after_white_flamingos_after' is not defined
invalid syntax (<string>, line 5)
local variable 'lawn_earned' referenced before assignment
local variable 'big_pool_water_after' referenced before assignment
local variable 'adrian_age_now' referenced before assignment
name 'total_points_with_jo' is not defined
name 'water_type_lost_total' is not defined
name 'watermelons_harvested_total_not_harvested' is not defined
local variable 'students_out_exit_c' referenced before assignment
local variable 'minutes_per_week_with_letters_per_page_per_hour_per_minutes_per_week_with_letters_per_week' referenced before assignment
invalid syntax (<string>, line 7)
name 'redwood_section_area_percent_eaten_percent_eaten_percent_eaten_percent_eaten_percent_eaten_percent_eaten_percent_eaten_percent_eaten_percent_eaten_percent_eaten_percent_eaten_percent_eaten_percent_eat' is not defined
name 'houses_2' is not defined
local variable 'cards_letting_d' referenced before assignment
name 'cbra_spot_ratio' is not defined
name 'guests_per_coffee' is not defined
invalid syntax (<string>, line 5)
local variable 'lollipops_eaten_per_friend_bought_eaten_eaten_eaten' referenced before assignment
name 'cookies_eaten_by_husband' is not defined
invalid syntax (<string>, line 11)
invalid syntax (<string>, line 8)
local variable 'wallpaper_cost_after_discount_with_discount' referenced before assignment
invalid syntax (<string>, line 6)
name 'rachel_cookies_eaten' is not defined
name 'riders' is not defined
invalid syntax (<string>, line 7)
name 'bags_per_batch' is not defined
name 'wat_capacity' is not defined
name 'corns_cannolis_ratio' is not defined
name 'seashells_pounds' is not defined
name 'humps_per_hump' is not defined
local variable 'normal_monthly_price_after_8_months' referenced before assignment
local variable 'savings_from_tattered_jeans' referenced before assignment
name 'pint_per_gallon' is not defined
invalid syntax (<string>, line 5)
name 'jon_time_after_james' is not defined
name 'total_breads_with_oats_with_carrots_with_vegetables_total' is not defined
invalid syntax (<string>, line 8)
name 'kelly_apples_bought_cost' is not defined
invalid syntax (<string>, line 6)
invalid decimal literal (<string>, line 5)
name 'savings_per_day_total_after_more_more_more_more_more_more_more_more_more_more_more_more_more_more_more_more_more_more_more_more_more_more_more_more_more_more_more_more_more_more_more_more_more_more_mo' is not defined
name 'cheerleaders_total_total_64' is not defined
name 'wood_3_sticks' is not defined
name 'problems_completed_remaining' is not defined
name 'kilowatt_per_hour_initial' is not defined
name 'jame_age_difference_in_8_years' is not defined
name 'savings_target' is not defined
name 'families_called_total' is not defined
name 'jonathan_toys_initial' is not defined
local variable 'savings_per_week_total_total_total' referenced before assignment
local variable 'buttons_four_holes' referenced before assignment
invalid syntax (<string>, line 10)
local variable 'total_goals' referenced before assignment
invalid syntax (<string>, line 8)
invalid syntax (<string>, line 6)
local variable 'starting_value_plus_half' referenced before assignment
name 'recipe_call_set_to_468' is not defined
local variable 'jerry_age_5_years_ago' referenced before assignment
name 'cost_per_wash' is not defined
invalid syntax (<string>, line 8)
invalid syntax (<string>, line 10)
name 'total_dvd_plays_1' is not defined
name 'baseball_coach_basketball_basketball_basketball_basketball_basketball_basketball_basketball_basketball_basketball_basketball_basketball_basketball_basketball_basketball_basketball_basketball_basketbal' is not defined
local variable 'riders_unstable_percent_unstable' referenced before assignment
invalid syntax (<string>, line 5)
name 'guests_half_per_guests' is not defined
invalid syntax (<string>, line 6)
name 'tablespoons_per_muffin' is not defined
name 'days_good_total_good_total_good_total_good_total_good_total_good_total_good_total_good_total_good_total_good_total_good_total_good_total_good_total_good_total_good_total_good_total_good_total_good_tot' is not defined
invalid syntax (<string>, line 7)
local variable 'regular_chairs' referenced before assignment
name 'deer_bucks_percent_percent_8' is not defined
local variable 'water_used_for_industry' referenced before assignment
name 'computers_price_new' is not defined
name 'egg_calories_per_oz' is not defined
local variable 'right_foot_taps' referenced before assignment
name 'mother_age' is not defined
name 'tomatoes_sold_per_week_new_per_month_new_new_new_new' is not defined
name 'sean_marbles' is not defined
name 'total_buttons' is not defined
name 'leila_cucumber_cost' is not defined
name 'pears_more_than_bananas_percent_percent_percent_percent_percent_percent_percent_percent_percent_percent_percent_percent_percent_percent_percent_percent_percent_percent_percent_percent_percent_percent_' is not defined
name 'hours_played_total' is not defined
invalid syntax (<string>, line 7)
name 'wheels_per_car_per_wheel_per_motorcycle_per_wheel' is not defined
local variable 'movies_with_10' referenced before assignment
local variable 'groups_per_group_with_members_with_2_sea_shells' referenced before assignment
local variable 'pass_rate_third_graders' referenced before assignment
name 'bags_of_glass_chips_per_bag_total_longer' is not defined
name 'candies_ordered_total' is not defined
local variable 'jack_play_time_with_one_friend_with_two_friends_with_one_friend_with_two_friends' referenced before assignment
local variable 'tiktok_video_per_week_with_amphil_song_with_time_difference_per_month' referenced before assignment
local variable 'kagiyami_mountain_lift' referenced before assignment
name 'savings_amount_after_price_after_price_after_price_after_price_after_price' is not defined
name 'cows_needed_per_day' is not defined
local variable 'show_duration_minutes_per_group_minutes_per_group' referenced before assignment
name 'tray_capacity' is not defined
local variable 'cost_per_pair_per_year_per_month_per_year' referenced before assignment
unterminated triple-quoted string literal (detected at line 4) (<string>, line 4)
name 'slices_per_hour' is not defined
name 'jello_cups_per_bag_per_bag_per_kid' is not defined
name 'cost_percent_percent_percent_percent_percent_percent_percent_percent_percent_percent_percent_percent_percent_percent_percent_percent_percent_percent_percent_percent_percent_percent_percent_percent_per' is not defined
name 'multiple_choice_points_per_point' is not defined
name 'profit_after_buy' is not defined
local variable 'total_wins_found' referenced before assignment
invalid syntax (<string>, line 6)
name 'joseph_notebooks_total' is not defined
name 'child_meal_size' is not defined
local variable 'bologna_yellow_balloons' referenced before assignment
invalid syntax (<string>, line 5)
invalid syntax (<string>, line 7)
name 'normal_blueberry_muffin_percent' is not defined
local variable 'cost_per_disc_with_discount' referenced before assignment
name 'speed_percent_of_distance' is not defined
local variable 'fourth_day_holes' referenced before assignment
local variable 'minutes_per_episode_total_with_minutes' referenced before assignment
invalid syntax (<string>, line 7)
name 'tobias_time' is not defined
local variable 'guests_given_to_clarry' referenced before assignment
local variable 'adult_slices_per_kid' referenced before assignment
name 'minutes_per_day_all_days_all_days_all_days' is not defined
local variable 'peter_bar_per_box' referenced before assignment
name 'Ms_b_capacity_after_shift_after_shift' is not defined
local variable 'eggs_found_by_friends' referenced before assignment
local variable 'teacher_percent_eaten_with_extension' referenced before assignment
name 'seats_per_friend' is not defined
name 'tile_area_per_sqft_per_sqft_per_tile_per_sqft' is not defined
name 'roses_bought_bought_cost_total' is not defined
local variable 'watch_price_after_discount_after_sale_percent_discount' referenced before assignment
name 'cost_per_bunch_bunches_cost_per_bunch_bunches' is not defined
local variable 'class_size_extra_classes' referenced before assignment
'(' was never closed (<string>, line 5)
invalid syntax (<string>, line 11)
name 'retirement_percent_remaining_remaining_remaining_remaining_remaining_remaining_remaining_remaining_remaining_remaining_remaining_remaining_remaining_remaining_remaining_remaining_remaining_remaining_r' is not defined
local variable 'temp_dropped_total' referenced before assignment
local variable 'books_bought_total' referenced before assignment
name 'sofie_miles_per_day' is not defined
name 'large_bag_per_bag' is not defined
invalid syntax (<string>, line 5)
name 'bags_ordered_after_discount' is not defined
name 'potatoes_of_mashed_potatoes_less_than_23' is not defined
name 'lottery_ticket_1_wins_percent_percent_percent_percent_percent_percent_percent_percent_percent_percent_percent_percent_percent_percent_percent_percent_percent_percent_percent_percent_percent_percent_pe' is not defined
name 'carrey_total' is not defined
local variable 'juice_bottles_per_person_per_bottle_more_than_100' referenced before assignment
local variable 'total_wearers_wearing_bows_percent' referenced before assignment
name 'clar_eggs' is not defined
local variable 'apartments_per_week' referenced before assignment
name 'bills_used_to_pay_after_of_bills' is not defined
local variable 'team_b_goals_second_half' referenced before assignment
local variable 'hair_cost' referenced before assignment
invalid syntax (<string>, line 5)
local variable 'total_gallons_remaining' referenced before assignment
invalid syntax (<string>, line 7)
invalid syntax (<string>, line 7)
name 'shells_a_total' is not defined
name 'ali_class_fraction' is not defined
name 'tables_cost' is not defined
invalid decimal literal (<string>, line 9)
invalid syntax (<string>, line 8)
name 'minutes_per_day_per_hour' is not defined
local variable 'strawberry_cubes_per_cube' referenced before assignment
name 'customers_earned_per_cars_earned' is not defined
local variable 'lemons_per_gallon_with_lemons_per_cup_extra_extra' referenced before assignment
name 'percent_weight_to_push_percent_of_weight_percent_of_weight_percent_of_weight_percent_of_weight_percent_of_weight_percent_of_weight_percent_of_weight_percent_of_weight_percent_of_weight_percent_of_weig' is not defined
invalid syntax (<string>, line 5)
local variable 'movie_tickets_per_week' referenced before assignment
invalid syntax (<string>, line 7)
local variable 'days_in_vacation_per_week' referenced before assignment
invalid syntax (<string>, line 6)
name 'meals_per_week_per_week' is not defined
[Eval Info] value_accuracy: 13.268%
[E=4/40, S=7356] {'wandb': 'ReFT_small|gsm8k_python_sdp_galactica_125m_08', 'lr': '2e-05', 'T.loss': '0.062469', 'Eval.Gen.value_accuracy': '13.268', 'Eval.Gen.value_accuracy_best': '13.268'}
[E=5/40, S=7360] {'wandb': 'ReFT_small|gsm8k_python_sdp_galactica_125m_08', 'lr': '1.9999e-05', 'T.loss': '0.12097', 'Eval.Gen.value_accuracy_best': '13.268'}
[E=5/40, S=7370] {'wandb': 'ReFT_small|gsm8k_python_sdp_galactica_125m_08', 'lr': '1.9996e-05', 'T.loss': '0.12128', 'Eval.Gen.value_accuracy_best': '13.268'}
[E=5/40, S=7380] {'wandb': 'ReFT_small|gsm8k_python_sdp_galactica_125m_08', 'lr': '1.9993e-05', 'T.loss': '0.16064', 'Eval.Gen.value_accuracy_best': '13.268'}
[E=5/40, S=7390] {'wandb': 'ReFT_small|gsm8k_python_sdp_galactica_125m_08', 'lr': '1.999e-05', 'T.loss': '0.11066', 'Eval.Gen.value_accuracy_best': '13.268'}
[E=5/40, S=7400] {'wandb': 'ReFT_small|gsm8k_python_sdp_galactica_125m_08', 'lr': '1.9987e-05', 'T.loss': '0.092957', 'Eval.Gen.value_accuracy_best': '13.268'}
[E=5/40, S=7410] {'wandb': 'ReFT_small|gsm8k_python_sdp_galactica_125m_08', 'lr': '1.9984e-05', 'T.loss': '0.10052', 'Eval.Gen.value_accuracy_best': '13.268'}
[E=5/40, S=7420] {'wandb': 'ReFT_small|gsm8k_python_sdp_galactica_125m_08', 'lr': '1.9981e-05', 'T.loss': '0.16309', 'Eval.Gen.value_accuracy_best': '13.268'}
[E=5/40, S=7430] {'wandb': 'ReFT_small|gsm8k_python_sdp_galactica_125m_08', 'lr': '1.9978e-05', 'T.loss': '0.11847', 'Eval.Gen.value_accuracy_best': '13.268'}
[E=5/40, S=7440] {'wandb': 'ReFT_small|gsm8k_python_sdp_galactica_125m_08', 'lr': '1.9975e-05', 'T.loss': '0.11346', 'Eval.Gen.value_accuracy_best': '13.268'}
[E=5/40, S=7450] {'wandb': 'ReFT_small|gsm8k_python_sdp_galactica_125m_08', 'lr': '1.9972e-05', 'T.loss': '0.1004', 'Eval.Gen.value_accuracy_best': '13.268'}
[E=5/40, S=7460] {'wandb': 'ReFT_small|gsm8k_python_sdp_galactica_125m_08', 'lr': '1.9969e-05', 'T.loss': '0.10513', 'Eval.Gen.value_accuracy_best': '13.268'}
[E=5/40, S=7470] {'wandb': 'ReFT_small|gsm8k_python_sdp_galactica_125m_08', 'lr': '1.9966e-05', 'T.loss': '0.15652', 'Eval.Gen.value_accuracy_best': '13.268'}
[E=5/40, S=7480] {'wandb': 'ReFT_small|gsm8k_python_sdp_galactica_125m_08', 'lr': '1.9963e-05', 'T.loss': '0.15039', 'Eval.Gen.value_accuracy_best': '13.268'}
[E=5/40, S=7490] {'wandb': 'ReFT_small|gsm8k_python_sdp_galactica_125m_08', 'lr': '1.996e-05', 'T.loss': '0.069504', 'Eval.Gen.value_accuracy_best': '13.268'}
[E=5/40, S=7500] {'wandb': 'ReFT_small|gsm8k_python_sdp_galactica_125m_08', 'lr': '1.9956e-05', 'T.loss': '0.12155', 'Eval.Gen.value_accuracy_best': '13.268'}
[2025-06-05 19:15:42,177] [INFO] [loss_scaler.py:183:update_scale] [deepspeed] OVERFLOW! Rank 0 Skipping step. Attempted loss scale: 16384, reducing to 8192
[E=5/40, S=7510] {'wandb': 'ReFT_small|gsm8k_python_sdp_galactica_125m_08', 'lr': '1.9953e-05', 'T.loss': '0.10681', 'Eval.Gen.value_accuracy_best': '13.268'}
[E=5/40, S=7520] {'wandb': 'ReFT_small|gsm8k_python_sdp_galactica_125m_08', 'lr': '1.995e-05', 'T.loss': '0.098175', 'Eval.Gen.value_accuracy_best': '13.268'}
[E=5/40, S=7530] {'wandb': 'ReFT_small|gsm8k_python_sdp_galactica_125m_08', 'lr': '1.9947e-05', 'T.loss': '0.1185', 'Eval.Gen.value_accuracy_best': '13.268'}
[E=5/40, S=7540] {'wandb': 'ReFT_small|gsm8k_python_sdp_galactica_125m_08', 'lr': '1.9944e-05', 'T.loss': '0.13748', 'Eval.Gen.value_accuracy_best': '13.268'}
[E=5/40, S=7550] {'wandb': 'ReFT_small|gsm8k_python_sdp_galactica_125m_08', 'lr': '1.9941e-05', 'T.loss': '0.13284', 'Eval.Gen.value_accuracy_best': '13.268'}
[E=5/40, S=7560] {'wandb': 'ReFT_small|gsm8k_python_sdp_galactica_125m_08', 'lr': '1.9938e-05', 'T.loss': '0.14221', 'Eval.Gen.value_accuracy_best': '13.268'}
[E=5/40, S=7570] {'wandb': 'ReFT_small|gsm8k_python_sdp_galactica_125m_08', 'lr': '1.9935e-05', 'T.loss': '0.16504', 'Eval.Gen.value_accuracy_best': '13.268'}
[E=5/40, S=7580] {'wandb': 'ReFT_small|gsm8k_python_sdp_galactica_125m_08', 'lr': '1.9932e-05', 'T.loss': '0.12216', 'Eval.Gen.value_accuracy_best': '13.268'}
[E=5/40, S=7590] {'wandb': 'ReFT_small|gsm8k_python_sdp_galactica_125m_08', 'lr': '1.9929e-05', 'T.loss': '0.12024', 'Eval.Gen.value_accuracy_best': '13.268'}
[E=5/40, S=7600] {'wandb': 'ReFT_small|gsm8k_python_sdp_galactica_125m_08', 'lr': '1.9926e-05', 'T.loss': '0.14182', 'Eval.Gen.value_accuracy_best': '13.268'}
[E=5/40, S=7610] {'wandb': 'ReFT_small|gsm8k_python_sdp_galactica_125m_08', 'lr': '1.9923e-05', 'T.loss': '0.13528', 'Eval.Gen.value_accuracy_best': '13.268'}
[E=5/40, S=7620] {'wandb': 'ReFT_small|gsm8k_python_sdp_galactica_125m_08', 'lr': '1.992e-05', 'T.loss': '0.13831', 'Eval.Gen.value_accuracy_best': '13.268'}
[E=5/40, S=7630] {'wandb': 'ReFT_small|gsm8k_python_sdp_galactica_125m_08', 'lr': '1.9917e-05', 'T.loss': '0.11554', 'Eval.Gen.value_accuracy_best': '13.268'}
[E=5/40, S=7640] {'wandb': 'ReFT_small|gsm8k_python_sdp_galactica_125m_08', 'lr': '1.9914e-05', 'T.loss': '0.12997', 'Eval.Gen.value_accuracy_best': '13.268'}
[E=5/40, S=7650] {'wandb': 'ReFT_small|gsm8k_python_sdp_galactica_125m_08', 'lr': '1.9911e-05', 'T.loss': '0.14001', 'Eval.Gen.value_accuracy_best': '13.268'}
[E=5/40, S=7660] {'wandb': 'ReFT_small|gsm8k_python_sdp_galactica_125m_08', 'lr': '1.9908e-05', 'T.loss': '0.072662', 'Eval.Gen.value_accuracy_best': '13.268'}
[E=5/40, S=7670] {'wandb': 'ReFT_small|gsm8k_python_sdp_galactica_125m_08', 'lr': '1.9905e-05', 'T.loss': '0.091064', 'Eval.Gen.value_accuracy_best': '13.268'}
[E=5/40, S=7680] {'wandb': 'ReFT_small|gsm8k_python_sdp_galactica_125m_08', 'lr': '1.9902e-05', 'T.loss': '0.12021', 'Eval.Gen.value_accuracy_best': '13.268'}
[E=5/40, S=7690] {'wandb': 'ReFT_small|gsm8k_python_sdp_galactica_125m_08', 'lr': '1.9899e-05', 'T.loss': '0.12793', 'Eval.Gen.value_accuracy_best': '13.268'}
[E=5/40, S=7700] {'wandb': 'ReFT_small|gsm8k_python_sdp_galactica_125m_08', 'lr': '1.9896e-05', 'T.loss': '0.12592', 'Eval.Gen.value_accuracy_best': '13.268'}
[E=5/40, S=7710] {'wandb': 'ReFT_small|gsm8k_python_sdp_galactica_125m_08', 'lr': '1.9893e-05', 'T.loss': '0.14783', 'Eval.Gen.value_accuracy_best': '13.268'}
[E=5/40, S=7720] {'wandb': 'ReFT_small|gsm8k_python_sdp_galactica_125m_08', 'lr': '1.989e-05', 'T.loss': '0.080872', 'Eval.Gen.value_accuracy_best': '13.268'}
[E=5/40, S=7730] {'wandb': 'ReFT_small|gsm8k_python_sdp_galactica_125m_08', 'lr': '1.9887e-05', 'T.loss': '0.16864', 'Eval.Gen.value_accuracy_best': '13.268'}
[E=5/40, S=7740] {'wandb': 'ReFT_small|gsm8k_python_sdp_galactica_125m_08', 'lr': '1.9884e-05', 'T.loss': '0.18848', 'Eval.Gen.value_accuracy_best': '13.268'}
[E=5/40, S=7750] {'wandb': 'ReFT_small|gsm8k_python_sdp_galactica_125m_08', 'lr': '1.9881e-05', 'T.loss': '0.15619', 'Eval.Gen.value_accuracy_best': '13.268'}
[E=5/40, S=7760] {'wandb': 'ReFT_small|gsm8k_python_sdp_galactica_125m_08', 'lr': '1.9878e-05', 'T.loss': '0.22742', 'Eval.Gen.value_accuracy_best': '13.268'}
[E=5/40, S=7770] {'wandb': 'ReFT_small|gsm8k_python_sdp_galactica_125m_08', 'lr': '1.9875e-05', 'T.loss': '0.19208', 'Eval.Gen.value_accuracy_best': '13.268'}
[E=5/40, S=7780] {'wandb': 'ReFT_small|gsm8k_python_sdp_galactica_125m_08', 'lr': '1.9872e-05', 'T.loss': '0.095367', 'Eval.Gen.value_accuracy_best': '13.268'}
[E=5/40, S=7790] {'wandb': 'ReFT_small|gsm8k_python_sdp_galactica_125m_08', 'lr': '1.9869e-05', 'T.loss': '0.16901', 'Eval.Gen.value_accuracy_best': '13.268'}
[E=5/40, S=7800] {'wandb': 'ReFT_small|gsm8k_python_sdp_galactica_125m_08', 'lr': '1.9866e-05', 'T.loss': '0.16565', 'Eval.Gen.value_accuracy_best': '13.268'}
[E=5/40, S=7810] {'wandb': 'ReFT_small|gsm8k_python_sdp_galactica_125m_08', 'lr': '1.9863e-05', 'T.loss': '0.13977', 'Eval.Gen.value_accuracy_best': '13.268'}
[E=5/40, S=7820] {'wandb': 'ReFT_small|gsm8k_python_sdp_galactica_125m_08', 'lr': '1.986e-05', 'T.loss': '0.085114', 'Eval.Gen.value_accuracy_best': '13.268'}
[E=5/40, S=7830] {'wandb': 'ReFT_small|gsm8k_python_sdp_galactica_125m_08', 'lr': '1.9857e-05', 'T.loss': '0.099213', 'Eval.Gen.value_accuracy_best': '13.268'}
[E=5/40, S=7840] {'wandb': 'ReFT_small|gsm8k_python_sdp_galactica_125m_08', 'lr': '1.9854e-05', 'T.loss': '0.11105', 'Eval.Gen.value_accuracy_best': '13.268'}
[E=5/40, S=7850] {'wandb': 'ReFT_small|gsm8k_python_sdp_galactica_125m_08', 'lr': '1.9851e-05', 'T.loss': '0.12207', 'Eval.Gen.value_accuracy_best': '13.268'}
[E=5/40, S=7860] {'wandb': 'ReFT_small|gsm8k_python_sdp_galactica_125m_08', 'lr': '1.9848e-05', 'T.loss': '0.098511', 'Eval.Gen.value_accuracy_best': '13.268'}
[E=5/40, S=7870] {'wandb': 'ReFT_small|gsm8k_python_sdp_galactica_125m_08', 'lr': '1.9845e-05', 'T.loss': '0.10678', 'Eval.Gen.value_accuracy_best': '13.268'}
[E=5/40, S=7880] {'wandb': 'ReFT_small|gsm8k_python_sdp_galactica_125m_08', 'lr': '1.9842e-05', 'T.loss': '0.1431', 'Eval.Gen.value_accuracy_best': '13.268'}
[E=5/40, S=7890] {'wandb': 'ReFT_small|gsm8k_python_sdp_galactica_125m_08', 'lr': '1.9839e-05', 'T.loss': '0.081726', 'Eval.Gen.value_accuracy_best': '13.268'}
[E=5/40, S=7900] {'wandb': 'ReFT_small|gsm8k_python_sdp_galactica_125m_08', 'lr': '1.9836e-05', 'T.loss': '0.11282', 'Eval.Gen.value_accuracy_best': '13.268'}
[E=5/40, S=7910] {'wandb': 'ReFT_small|gsm8k_python_sdp_galactica_125m_08', 'lr': '1.9833e-05', 'T.loss': '0.18103', 'Eval.Gen.value_accuracy_best': '13.268'}
[E=5/40, S=7920] {'wandb': 'ReFT_small|gsm8k_python_sdp_galactica_125m_08', 'lr': '1.983e-05', 'T.loss': '0.094727', 'Eval.Gen.value_accuracy_best': '13.268'}
[E=5/40, S=7930] {'wandb': 'ReFT_small|gsm8k_python_sdp_galactica_125m_08', 'lr': '1.9827e-05', 'T.loss': '0.13034', 'Eval.Gen.value_accuracy_best': '13.268'}
[E=5/40, S=7940] {'wandb': 'ReFT_small|gsm8k_python_sdp_galactica_125m_08', 'lr': '1.9824e-05', 'T.loss': '0.1348', 'Eval.Gen.value_accuracy_best': '13.268'}
[E=5/40, S=7950] {'wandb': 'ReFT_small|gsm8k_python_sdp_galactica_125m_08', 'lr': '1.9821e-05', 'T.loss': '0.14429', 'Eval.Gen.value_accuracy_best': '13.268'}
[E=5/40, S=7960] {'wandb': 'ReFT_small|gsm8k_python_sdp_galactica_125m_08', 'lr': '1.9818e-05', 'T.loss': '0.099426', 'Eval.Gen.value_accuracy_best': '13.268'}
[E=5/40, S=7970] {'wandb': 'ReFT_small|gsm8k_python_sdp_galactica_125m_08', 'lr': '1.9815e-05', 'T.loss': '0.10028', 'Eval.Gen.value_accuracy_best': '13.268'}
[E=5/40, S=7980] {'wandb': 'ReFT_small|gsm8k_python_sdp_galactica_125m_08', 'lr': '1.9811e-05', 'T.loss': '0.13647', 'Eval.Gen.value_accuracy_best': '13.268'}
[E=5/40, S=7990] {'wandb': 'ReFT_small|gsm8k_python_sdp_galactica_125m_08', 'lr': '1.9808e-05', 'T.loss': '0.11697', 'Eval.Gen.value_accuracy_best': '13.268'}
[E=5/40, S=8000] {'wandb': 'ReFT_small|gsm8k_python_sdp_galactica_125m_08', 'lr': '1.9805e-05', 'T.loss': '0.13995', 'Eval.Gen.value_accuracy_best': '13.268'}
[E=5/40, S=8010] {'wandb': 'ReFT_small|gsm8k_python_sdp_galactica_125m_08', 'lr': '1.9802e-05', 'T.loss': '0.15485', 'Eval.Gen.value_accuracy_best': '13.268'}
[E=5/40, S=8020] {'wandb': 'ReFT_small|gsm8k_python_sdp_galactica_125m_08', 'lr': '1.9799e-05', 'T.loss': '0.10712', 'Eval.Gen.value_accuracy_best': '13.268'}
[E=5/40, S=8030] {'wandb': 'ReFT_small|gsm8k_python_sdp_galactica_125m_08', 'lr': '1.9796e-05', 'T.loss': '0.16025', 'Eval.Gen.value_accuracy_best': '13.268'}
[E=5/40, S=8040] {'wandb': 'ReFT_small|gsm8k_python_sdp_galactica_125m_08', 'lr': '1.9793e-05', 'T.loss': '0.1817', 'Eval.Gen.value_accuracy_best': '13.268'}
[E=5/40, S=8050] {'wandb': 'ReFT_small|gsm8k_python_sdp_galactica_125m_08', 'lr': '1.979e-05', 'T.loss': '0.099213', 'Eval.Gen.value_accuracy_best': '13.268'}
[E=5/40, S=8060] {'wandb': 'ReFT_small|gsm8k_python_sdp_galactica_125m_08', 'lr': '1.9787e-05', 'T.loss': '0.15631', 'Eval.Gen.value_accuracy_best': '13.268'}
[E=5/40, S=8070] {'wandb': 'ReFT_small|gsm8k_python_sdp_galactica_125m_08', 'lr': '1.9784e-05', 'T.loss': '0.15436', 'Eval.Gen.value_accuracy_best': '13.268'}
[E=5/40, S=8080] {'wandb': 'ReFT_small|gsm8k_python_sdp_galactica_125m_08', 'lr': '1.9781e-05', 'T.loss': '0.20178', 'Eval.Gen.value_accuracy_best': '13.268'}
[E=5/40, S=8090] {'wandb': 'ReFT_small|gsm8k_python_sdp_galactica_125m_08', 'lr': '1.9778e-05', 'T.loss': '0.10873', 'Eval.Gen.value_accuracy_best': '13.268'}
[E=5/40, S=8100] {'wandb': 'ReFT_small|gsm8k_python_sdp_galactica_125m_08', 'lr': '1.9775e-05', 'T.loss': '0.087769', 'Eval.Gen.value_accuracy_best': '13.268'}
[E=5/40, S=8110] {'wandb': 'ReFT_small|gsm8k_python_sdp_galactica_125m_08', 'lr': '1.9772e-05', 'T.loss': '0.16553', 'Eval.Gen.value_accuracy_best': '13.268'}
[E=5/40, S=8120] {'wandb': 'ReFT_small|gsm8k_python_sdp_galactica_125m_08', 'lr': '1.9769e-05', 'T.loss': '0.16101', 'Eval.Gen.value_accuracy_best': '13.268'}
[E=5/40, S=8130] {'wandb': 'ReFT_small|gsm8k_python_sdp_galactica_125m_08', 'lr': '1.9766e-05', 'T.loss': '0.074036', 'Eval.Gen.value_accuracy_best': '13.268'}
[E=5/40, S=8140] {'wandb': 'ReFT_small|gsm8k_python_sdp_galactica_125m_08', 'lr': '1.9763e-05', 'T.loss': '0.20111', 'Eval.Gen.value_accuracy_best': '13.268'}
[E=5/40, S=8150] {'wandb': 'ReFT_small|gsm8k_python_sdp_galactica_125m_08', 'lr': '1.976e-05', 'T.loss': '0.085663', 'Eval.Gen.value_accuracy_best': '13.268'}
[E=5/40, S=8160] {'wandb': 'ReFT_small|gsm8k_python_sdp_galactica_125m_08', 'lr': '1.9757e-05', 'T.loss': '0.15326', 'Eval.Gen.value_accuracy_best': '13.268'}
[E=5/40, S=8170] {'wandb': 'ReFT_small|gsm8k_python_sdp_galactica_125m_08', 'lr': '1.9754e-05', 'T.loss': '0.087982', 'Eval.Gen.value_accuracy_best': '13.268'}
[E=5/40, S=8180] {'wandb': 'ReFT_small|gsm8k_python_sdp_galactica_125m_08', 'lr': '1.9751e-05', 'T.loss': '0.15149', 'Eval.Gen.value_accuracy_best': '13.268'}
[E=5/40, S=8190] {'wandb': 'ReFT_small|gsm8k_python_sdp_galactica_125m_08', 'lr': '1.9748e-05', 'T.loss': '0.1228', 'Eval.Gen.value_accuracy_best': '13.268'}
[E=5/40, S=8200] {'wandb': 'ReFT_small|gsm8k_python_sdp_galactica_125m_08', 'lr': '1.9745e-05', 'T.loss': '0.095184', 'Eval.Gen.value_accuracy_best': '13.268'}
[E=5/40, S=8210] {'wandb': 'ReFT_small|gsm8k_python_sdp_galactica_125m_08', 'lr': '1.9742e-05', 'T.loss': '0.11948', 'Eval.Gen.value_accuracy_best': '13.268'}
[E=5/40, S=8220] {'wandb': 'ReFT_small|gsm8k_python_sdp_galactica_125m_08', 'lr': '1.9739e-05', 'T.loss': '0.15063', 'Eval.Gen.value_accuracy_best': '13.268'}
[E=5/40, S=8230] {'wandb': 'ReFT_small|gsm8k_python_sdp_galactica_125m_08', 'lr': '1.9736e-05', 'T.loss': '0.09729', 'Eval.Gen.value_accuracy_best': '13.268'}
[E=5/40, S=8240] {'wandb': 'ReFT_small|gsm8k_python_sdp_galactica_125m_08', 'lr': '1.9733e-05', 'T.loss': '0.12924', 'Eval.Gen.value_accuracy_best': '13.268'}
[E=5/40, S=8250] {'wandb': 'ReFT_small|gsm8k_python_sdp_galactica_125m_08', 'lr': '1.973e-05', 'T.loss': '0.16589', 'Eval.Gen.value_accuracy_best': '13.268'}
[E=5/40, S=8260] {'wandb': 'ReFT_small|gsm8k_python_sdp_galactica_125m_08', 'lr': '1.9727e-05', 'T.loss': '0.12241', 'Eval.Gen.value_accuracy_best': '13.268'}
[E=5/40, S=8270] {'wandb': 'ReFT_small|gsm8k_python_sdp_galactica_125m_08', 'lr': '1.9724e-05', 'T.loss': '0.16278', 'Eval.Gen.value_accuracy_best': '13.268'}
[E=5/40, S=8280] {'wandb': 'ReFT_small|gsm8k_python_sdp_galactica_125m_08', 'lr': '1.9721e-05', 'T.loss': '0.13553', 'Eval.Gen.value_accuracy_best': '13.268'}
[E=5/40, S=8290] {'wandb': 'ReFT_small|gsm8k_python_sdp_galactica_125m_08', 'lr': '1.9718e-05', 'T.loss': '0.1257', 'Eval.Gen.value_accuracy_best': '13.268'}
[E=5/40, S=8300] {'wandb': 'ReFT_small|gsm8k_python_sdp_galactica_125m_08', 'lr': '1.9715e-05', 'T.loss': '0.090393', 'Eval.Gen.value_accuracy_best': '13.268'}
[E=5/40, S=8310] {'wandb': 'ReFT_small|gsm8k_python_sdp_galactica_125m_08', 'lr': '1.9712e-05', 'T.loss': '0.13068', 'Eval.Gen.value_accuracy_best': '13.268'}
[E=5/40, S=8320] {'wandb': 'ReFT_small|gsm8k_python_sdp_galactica_125m_08', 'lr': '1.9709e-05', 'T.loss': '0.090363', 'Eval.Gen.value_accuracy_best': '13.268'}
[E=5/40, S=8330] {'wandb': 'ReFT_small|gsm8k_python_sdp_galactica_125m_08', 'lr': '1.9706e-05', 'T.loss': '0.14191', 'Eval.Gen.value_accuracy_best': '13.268'}
[E=5/40, S=8340] {'wandb': 'ReFT_small|gsm8k_python_sdp_galactica_125m_08', 'lr': '1.9703e-05', 'T.loss': '0.1091', 'Eval.Gen.value_accuracy_best': '13.268'}
[E=5/40, S=8350] {'wandb': 'ReFT_small|gsm8k_python_sdp_galactica_125m_08', 'lr': '1.97e-05', 'T.loss': '0.14636', 'Eval.Gen.value_accuracy_best': '13.268'}
[E=5/40, S=8360] {'wandb': 'ReFT_small|gsm8k_python_sdp_galactica_125m_08', 'lr': '1.9697e-05', 'T.loss': '0.15814', 'Eval.Gen.value_accuracy_best': '13.268'}
[E=5/40, S=8370] {'wandb': 'ReFT_small|gsm8k_python_sdp_galactica_125m_08', 'lr': '1.9694e-05', 'T.loss': '0.11594', 'Eval.Gen.value_accuracy_best': '13.268'}
[E=5/40, S=8380] {'wandb': 'ReFT_small|gsm8k_python_sdp_galactica_125m_08', 'lr': '1.9691e-05', 'T.loss': '0.13745', 'Eval.Gen.value_accuracy_best': '13.268'}
[E=5/40, S=8390] {'wandb': 'ReFT_small|gsm8k_python_sdp_galactica_125m_08', 'lr': '1.9688e-05', 'T.loss': '0.10721', 'Eval.Gen.value_accuracy_best': '13.268'}
[E=5/40, S=8400] {'wandb': 'ReFT_small|gsm8k_python_sdp_galactica_125m_08', 'lr': '1.9685e-05', 'T.loss': '0.12836', 'Eval.Gen.value_accuracy_best': '13.268'}
[E=5/40, S=8410] {'wandb': 'ReFT_small|gsm8k_python_sdp_galactica_125m_08', 'lr': '1.9682e-05', 'T.loss': '0.13312', 'Eval.Gen.value_accuracy_best': '13.268'}
[E=5/40, S=8420] {'wandb': 'ReFT_small|gsm8k_python_sdp_galactica_125m_08', 'lr': '1.9679e-05', 'T.loss': '0.11658', 'Eval.Gen.value_accuracy_best': '13.268'}
[E=5/40, S=8430] {'wandb': 'ReFT_small|gsm8k_python_sdp_galactica_125m_08', 'lr': '1.9676e-05', 'T.loss': '0.13974', 'Eval.Gen.value_accuracy_best': '13.268'}
[E=5/40, S=8440] {'wandb': 'ReFT_small|gsm8k_python_sdp_galactica_125m_08', 'lr': '1.9673e-05', 'T.loss': '0.14694', 'Eval.Gen.value_accuracy_best': '13.268'}
[E=5/40, S=8450] {'wandb': 'ReFT_small|gsm8k_python_sdp_galactica_125m_08', 'lr': '1.967e-05', 'T.loss': '0.1076', 'Eval.Gen.value_accuracy_best': '13.268'}
[E=5/40, S=8460] {'wandb': 'ReFT_small|gsm8k_python_sdp_galactica_125m_08', 'lr': '1.9666e-05', 'T.loss': '0.077209', 'Eval.Gen.value_accuracy_best': '13.268'}
[E=5/40, S=8470] {'wandb': 'ReFT_small|gsm8k_python_sdp_galactica_125m_08', 'lr': '1.9663e-05', 'T.loss': '0.16498', 'Eval.Gen.value_accuracy_best': '13.268'}
[E=5/40, S=8480] {'wandb': 'ReFT_small|gsm8k_python_sdp_galactica_125m_08', 'lr': '1.966e-05', 'T.loss': '0.13495', 'Eval.Gen.value_accuracy_best': '13.268'}
[E=5/40, S=8490] {'wandb': 'ReFT_small|gsm8k_python_sdp_galactica_125m_08', 'lr': '1.9657e-05', 'T.loss': '0.089478', 'Eval.Gen.value_accuracy_best': '13.268'}
[E=5/40, S=8500] {'wandb': 'ReFT_small|gsm8k_python_sdp_galactica_125m_08', 'lr': '1.9654e-05', 'T.loss': '0.099274', 'Eval.Gen.value_accuracy_best': '13.268'}
[E=5/40, S=8510] {'wandb': 'ReFT_small|gsm8k_python_sdp_galactica_125m_08', 'lr': '1.9651e-05', 'T.loss': '0.098907', 'Eval.Gen.value_accuracy_best': '13.268'}
[E=5/40, S=8520] {'wandb': 'ReFT_small|gsm8k_python_sdp_galactica_125m_08', 'lr': '1.9648e-05', 'T.loss': '0.12357', 'Eval.Gen.value_accuracy_best': '13.268'}
[E=5/40, S=8530] {'wandb': 'ReFT_small|gsm8k_python_sdp_galactica_125m_08', 'lr': '1.9645e-05', 'T.loss': '0.1629', 'Eval.Gen.value_accuracy_best': '13.268'}
[E=5/40, S=8540] {'wandb': 'ReFT_small|gsm8k_python_sdp_galactica_125m_08', 'lr': '1.9642e-05', 'T.loss': '0.15817', 'Eval.Gen.value_accuracy_best': '13.268'}
[E=5/40, S=8550] {'wandb': 'ReFT_small|gsm8k_python_sdp_galactica_125m_08', 'lr': '1.9639e-05', 'T.loss': '0.151', 'Eval.Gen.value_accuracy_best': '13.268'}
[E=5/40, S=8560] {'wandb': 'ReFT_small|gsm8k_python_sdp_galactica_125m_08', 'lr': '1.9636e-05', 'T.loss': '0.13229', 'Eval.Gen.value_accuracy_best': '13.268'}
[E=5/40, S=8570] {'wandb': 'ReFT_small|gsm8k_python_sdp_galactica_125m_08', 'lr': '1.9633e-05', 'T.loss': '0.20996', 'Eval.Gen.value_accuracy_best': '13.268'}
[E=5/40, S=8580] {'wandb': 'ReFT_small|gsm8k_python_sdp_galactica_125m_08', 'lr': '1.963e-05', 'T.loss': '0.076782', 'Eval.Gen.value_accuracy_best': '13.268'}
[E=5/40, S=8590] {'wandb': 'ReFT_small|gsm8k_python_sdp_galactica_125m_08', 'lr': '1.9627e-05', 'T.loss': '0.13474', 'Eval.Gen.value_accuracy_best': '13.268'}
[E=5/40, S=8600] {'wandb': 'ReFT_small|gsm8k_python_sdp_galactica_125m_08', 'lr': '1.9624e-05', 'T.loss': '0.14899', 'Eval.Gen.value_accuracy_best': '13.268'}
[E=5/40, S=8610] {'wandb': 'ReFT_small|gsm8k_python_sdp_galactica_125m_08', 'lr': '1.9621e-05', 'T.loss': '0.13184', 'Eval.Gen.value_accuracy_best': '13.268'}
[E=5/40, S=8620] {'wandb': 'ReFT_small|gsm8k_python_sdp_galactica_125m_08', 'lr': '1.9618e-05', 'T.loss': '0.12152', 'Eval.Gen.value_accuracy_best': '13.268'}
[E=5/40, S=8630] {'wandb': 'ReFT_small|gsm8k_python_sdp_galactica_125m_08', 'lr': '1.9615e-05', 'T.loss': '0.094543', 'Eval.Gen.value_accuracy_best': '13.268'}
[E=5/40, S=8640] {'wandb': 'ReFT_small|gsm8k_python_sdp_galactica_125m_08', 'lr': '1.9612e-05', 'T.loss': '0.14532', 'Eval.Gen.value_accuracy_best': '13.268'}
[E=5/40, S=8650] {'wandb': 'ReFT_small|gsm8k_python_sdp_galactica_125m_08', 'lr': '1.9609e-05', 'T.loss': '0.14984', 'Eval.Gen.value_accuracy_best': '13.268'}
[E=5/40, S=8660] {'wandb': 'ReFT_small|gsm8k_python_sdp_galactica_125m_08', 'lr': '1.9606e-05', 'T.loss': '0.075455', 'Eval.Gen.value_accuracy_best': '13.268'}
[E=5/40, S=8670] {'wandb': 'ReFT_small|gsm8k_python_sdp_galactica_125m_08', 'lr': '1.9603e-05', 'T.loss': '0.12726', 'Eval.Gen.value_accuracy_best': '13.268'}
[E=5/40, S=8680] {'wandb': 'ReFT_small|gsm8k_python_sdp_galactica_125m_08', 'lr': '1.96e-05', 'T.loss': '0.14215', 'Eval.Gen.value_accuracy_best': '13.268'}
[E=5/40, S=8690] {'wandb': 'ReFT_small|gsm8k_python_sdp_galactica_125m_08', 'lr': '1.9597e-05', 'T.loss': '0.14154', 'Eval.Gen.value_accuracy_best': '13.268'}
[E=5/40, S=8700] {'wandb': 'ReFT_small|gsm8k_python_sdp_galactica_125m_08', 'lr': '1.9594e-05', 'T.loss': '0.12436', 'Eval.Gen.value_accuracy_best': '13.268'}
[E=5/40, S=8710] {'wandb': 'ReFT_small|gsm8k_python_sdp_galactica_125m_08', 'lr': '1.9591e-05', 'T.loss': '0.095917', 'Eval.Gen.value_accuracy_best': '13.268'}
[E=5/40, S=8720] {'wandb': 'ReFT_small|gsm8k_python_sdp_galactica_125m_08', 'lr': '1.9588e-05', 'T.loss': '0.084991', 'Eval.Gen.value_accuracy_best': '13.268'}
[E=5/40, S=8730] {'wandb': 'ReFT_small|gsm8k_python_sdp_galactica_125m_08', 'lr': '1.9585e-05', 'T.loss': '0.093887', 'Eval.Gen.value_accuracy_best': '13.268'}
[E=5/40, S=8740] {'wandb': 'ReFT_small|gsm8k_python_sdp_galactica_125m_08', 'lr': '1.9582e-05', 'T.loss': '0.21161', 'Eval.Gen.value_accuracy_best': '13.268'}
[E=5/40, S=8750] {'wandb': 'ReFT_small|gsm8k_python_sdp_galactica_125m_08', 'lr': '1.9579e-05', 'T.loss': '0.12234', 'Eval.Gen.value_accuracy_best': '13.268'}
[E=5/40, S=8760] {'wandb': 'ReFT_small|gsm8k_python_sdp_galactica_125m_08', 'lr': '1.9576e-05', 'T.loss': '0.12683', 'Eval.Gen.value_accuracy_best': '13.268'}
[E=5/40, S=8770] {'wandb': 'ReFT_small|gsm8k_python_sdp_galactica_125m_08', 'lr': '1.9573e-05', 'T.loss': '0.12811', 'Eval.Gen.value_accuracy_best': '13.268'}
[E=5/40, S=8780] {'wandb': 'ReFT_small|gsm8k_python_sdp_galactica_125m_08', 'lr': '1.957e-05', 'T.loss': '0.10367', 'Eval.Gen.value_accuracy_best': '13.268'}
[E=5/40, S=8790] {'wandb': 'ReFT_small|gsm8k_python_sdp_galactica_125m_08', 'lr': '1.9567e-05', 'T.loss': '0.095253', 'Eval.Gen.value_accuracy_best': '13.268'}
[E=5/40, S=8800] {'wandb': 'ReFT_small|gsm8k_python_sdp_galactica_125m_08', 'lr': '1.9564e-05', 'T.loss': '0.18225', 'Eval.Gen.value_accuracy_best': '13.268'}
[E=5/40, S=8810] {'wandb': 'ReFT_small|gsm8k_python_sdp_galactica_125m_08', 'lr': '1.9561e-05', 'T.loss': '0.1286', 'Eval.Gen.value_accuracy_best': '13.268'}
[E=5/40, S=8820] {'wandb': 'ReFT_small|gsm8k_python_sdp_galactica_125m_08', 'lr': '1.9558e-05', 'T.loss': '0.1792', 'Eval.Gen.value_accuracy_best': '13.268'}
[E=5/40, S=8830] {'wandb': 'ReFT_small|gsm8k_python_sdp_galactica_125m_08', 'lr': '1.9555e-05', 'T.loss': '0.088226', 'Eval.Gen.value_accuracy_best': '13.268'}
[E=5/40, S=8840] {'wandb': 'ReFT_small|gsm8k_python_sdp_galactica_125m_08', 'lr': '1.9552e-05', 'T.loss': '0.17731', 'Eval.Gen.value_accuracy_best': '13.268'}
[E=5/40, S=8850] {'wandb': 'ReFT_small|gsm8k_python_sdp_galactica_125m_08', 'lr': '1.9549e-05', 'T.loss': '0.10133', 'Eval.Gen.value_accuracy_best': '13.268'}
[E=5/40, S=8860] {'wandb': 'ReFT_small|gsm8k_python_sdp_galactica_125m_08', 'lr': '1.9546e-05', 'T.loss': '0.14062', 'Eval.Gen.value_accuracy_best': '13.268'}
[E=5/40, S=8870] {'wandb': 'ReFT_small|gsm8k_python_sdp_galactica_125m_08', 'lr': '1.9543e-05', 'T.loss': '0.16455', 'Eval.Gen.value_accuracy_best': '13.268'}
[E=5/40, S=8880] {'wandb': 'ReFT_small|gsm8k_python_sdp_galactica_125m_08', 'lr': '1.954e-05', 'T.loss': '0.15121', 'Eval.Gen.value_accuracy_best': '13.268'}
[E=5/40, S=8890] {'wandb': 'ReFT_small|gsm8k_python_sdp_galactica_125m_08', 'lr': '1.9537e-05', 'T.loss': '0.11905', 'Eval.Gen.value_accuracy_best': '13.268'}
[E=5/40, S=8900] {'wandb': 'ReFT_small|gsm8k_python_sdp_galactica_125m_08', 'lr': '1.9534e-05', 'T.loss': '0.11429', 'Eval.Gen.value_accuracy_best': '13.268'}
[E=5/40, S=8910] {'wandb': 'ReFT_small|gsm8k_python_sdp_galactica_125m_08', 'lr': '1.9531e-05', 'T.loss': '0.088699', 'Eval.Gen.value_accuracy_best': '13.268'}
[E=5/40, S=8920] {'wandb': 'ReFT_small|gsm8k_python_sdp_galactica_125m_08', 'lr': '1.9528e-05', 'T.loss': '0.11359', 'Eval.Gen.value_accuracy_best': '13.268'}
[E=5/40, S=8930] {'wandb': 'ReFT_small|gsm8k_python_sdp_galactica_125m_08', 'lr': '1.9525e-05', 'T.loss': '0.15225', 'Eval.Gen.value_accuracy_best': '13.268'}
[E=5/40, S=8940] {'wandb': 'ReFT_small|gsm8k_python_sdp_galactica_125m_08', 'lr': '1.9521e-05', 'T.loss': '0.070236', 'Eval.Gen.value_accuracy_best': '13.268'}
[E=5/40, S=8950] {'wandb': 'ReFT_small|gsm8k_python_sdp_galactica_125m_08', 'lr': '1.9518e-05', 'T.loss': '0.091583', 'Eval.Gen.value_accuracy_best': '13.268'}
[E=5/40, S=8960] {'wandb': 'ReFT_small|gsm8k_python_sdp_galactica_125m_08', 'lr': '1.9515e-05', 'T.loss': '0.1214', 'Eval.Gen.value_accuracy_best': '13.268'}
[E=5/40, S=8970] {'wandb': 'ReFT_small|gsm8k_python_sdp_galactica_125m_08', 'lr': '1.9512e-05', 'T.loss': '0.09549', 'Eval.Gen.value_accuracy_best': '13.268'}
[E=5/40, S=8980] {'wandb': 'ReFT_small|gsm8k_python_sdp_galactica_125m_08', 'lr': '1.9509e-05', 'T.loss': '0.18689', 'Eval.Gen.value_accuracy_best': '13.268'}
[E=5/40, S=8990] {'wandb': 'ReFT_small|gsm8k_python_sdp_galactica_125m_08', 'lr': '1.9506e-05', 'T.loss': '0.10248', 'Eval.Gen.value_accuracy_best': '13.268'}
[E=5/40, S=9000] {'wandb': 'ReFT_small|gsm8k_python_sdp_galactica_125m_08', 'lr': '1.9503e-05', 'T.loss': '0.12823', 'Eval.Gen.value_accuracy_best': '13.268'}
[E=5/40, S=9010] {'wandb': 'ReFT_small|gsm8k_python_sdp_galactica_125m_08', 'lr': '1.95e-05', 'T.loss': '0.095032', 'Eval.Gen.value_accuracy_best': '13.268'}
[E=5/40, S=9020] {'wandb': 'ReFT_small|gsm8k_python_sdp_galactica_125m_08', 'lr': '1.9497e-05', 'T.loss': '0.13815', 'Eval.Gen.value_accuracy_best': '13.268'}
[E=5/40, S=9030] {'wandb': 'ReFT_small|gsm8k_python_sdp_galactica_125m_08', 'lr': '1.9494e-05', 'T.loss': '0.14099', 'Eval.Gen.value_accuracy_best': '13.268'}
[E=5/40, S=9040] {'wandb': 'ReFT_small|gsm8k_python_sdp_galactica_125m_08', 'lr': '1.9491e-05', 'T.loss': '0.15292', 'Eval.Gen.value_accuracy_best': '13.268'}
[E=5/40, S=9050] {'wandb': 'ReFT_small|gsm8k_python_sdp_galactica_125m_08', 'lr': '1.9488e-05', 'T.loss': '0.17432', 'Eval.Gen.value_accuracy_best': '13.268'}
[E=5/40, S=9060] {'wandb': 'ReFT_small|gsm8k_python_sdp_galactica_125m_08', 'lr': '1.9485e-05', 'T.loss': '0.099945', 'Eval.Gen.value_accuracy_best': '13.268'}
[E=5/40, S=9070] {'wandb': 'ReFT_small|gsm8k_python_sdp_galactica_125m_08', 'lr': '1.9482e-05', 'T.loss': '0.094666', 'Eval.Gen.value_accuracy_best': '13.268'}
[E=5/40, S=9080] {'wandb': 'ReFT_small|gsm8k_python_sdp_galactica_125m_08', 'lr': '1.9479e-05', 'T.loss': '0.10245', 'Eval.Gen.value_accuracy_best': '13.268'}
[E=5/40, S=9090] {'wandb': 'ReFT_small|gsm8k_python_sdp_galactica_125m_08', 'lr': '1.9476e-05', 'T.loss': '0.13409', 'Eval.Gen.value_accuracy_best': '13.268'}
[E=5/40, S=9100] {'wandb': 'ReFT_small|gsm8k_python_sdp_galactica_125m_08', 'lr': '1.9473e-05', 'T.loss': '0.13107', 'Eval.Gen.value_accuracy_best': '13.268'}
[E=5/40, S=9110] {'wandb': 'ReFT_small|gsm8k_python_sdp_galactica_125m_08', 'lr': '1.947e-05', 'T.loss': '0.17145', 'Eval.Gen.value_accuracy_best': '13.268'}
[E=5/40, S=9120] {'wandb': 'ReFT_small|gsm8k_python_sdp_galactica_125m_08', 'lr': '1.9467e-05', 'T.loss': '0.16196', 'Eval.Gen.value_accuracy_best': '13.268'}
[E=5/40, S=9130] {'wandb': 'ReFT_small|gsm8k_python_sdp_galactica_125m_08', 'lr': '1.9464e-05', 'T.loss': '0.10187', 'Eval.Gen.value_accuracy_best': '13.268'}
[E=5/40, S=9140] {'wandb': 'ReFT_small|gsm8k_python_sdp_galactica_125m_08', 'lr': '1.9461e-05', 'T.loss': '0.11102', 'Eval.Gen.value_accuracy_best': '13.268'}
[E=5/40, S=9150] {'wandb': 'ReFT_small|gsm8k_python_sdp_galactica_125m_08', 'lr': '1.9458e-05', 'T.loss': '0.1008', 'Eval.Gen.value_accuracy_best': '13.268'}
[E=5/40, S=9160] {'wandb': 'ReFT_small|gsm8k_python_sdp_galactica_125m_08', 'lr': '1.9455e-05', 'T.loss': '0.1127', 'Eval.Gen.value_accuracy_best': '13.268'}
[E=5/40, S=9170] {'wandb': 'ReFT_small|gsm8k_python_sdp_galactica_125m_08', 'lr': '1.9452e-05', 'T.loss': '0.16254', 'Eval.Gen.value_accuracy_best': '13.268'}
[E=5/40, S=9180] {'wandb': 'ReFT_small|gsm8k_python_sdp_galactica_125m_08', 'lr': '1.9449e-05', 'T.loss': '0.12976', 'Eval.Gen.value_accuracy_best': '13.268'}
[E=5/40, S=9190] {'wandb': 'ReFT_small|gsm8k_python_sdp_galactica_125m_08', 'lr': '1.9446e-05', 'T.loss': '0.1124', 'Eval.Gen.value_accuracy_best': '13.268'}
local variable 'total_cost' referenced before assignment
name 'toulouse_sheep' is not defined
local variable 'hip_hop_percent' referenced before assignment
name 'distance_skipping' is not defined
name 'g' is not defined
local variable 'grocery_price' referenced before assignment
invalid syntax (<string>, line 6)
cannot assign to expression here. Maybe you meant '==' instead of '='? (<string>, line 9)
local variable 'friend_4' referenced before assignment
local variable 'pages_needed' referenced before assignment
name 'dinner_dinner_dinner_dinner_dinner_dinner_dinner_dinner_dinner_dinner_dinner_dinner_dinner_dinner_dinner_dinner_dinner_dinner_dinner_dinner_dinner_dinner_dinner_dinner_dinner_dinner_dinner_dinner_dinn' is not defined
name 'city_to_office' is not defined
name 'boards_10_profit' is not defined
name 'morisette_fruits' is not defined
local variable 'total_hours' referenced before assignment
name 'pepper_money' is not defined
name 'profit' is not defined
local variable 'tickets_per_ride' referenced before assignment
name 'brian_games_initial' is not defined
name 'total_expenses' is not defined
local variable 'mom_money' referenced before assignment
local variable 'ants_remaining' referenced before assignment
name 'credit_card_percent' is not defined
local variable 'sandra_red_roses' referenced before assignment
name 'mandy_interest_payment' is not defined
name 'white_plastic_flamingos' is not defined
invalid syntax (<string>, line 11)
local variable 'apples_candy_weight' referenced before assignment
local variable 'lawn_mows' referenced before assignment
local variable 'white_eggs_total' referenced before assignment
local variable 'customers_day_3' referenced before assignment
name 'gift_card' is not defined
local variable 'students_exit_c' referenced before assignment
invalid syntax (<string>, line 7)
invalid syntax (<string>, line 7)
local variable 'books_total_total_fee' referenced before assignment
invalid syntax (<string>, line 6)
local variable 'cards_letter_c' referenced before assignment
name 'sterling_gems_total' is not defined
unindent does not match any outer indentation level (<string>, line 6)
name 'child' is not defined
name 'a' is not defined
local variable 'oranges_washed' referenced before assignment
local variable 'goal_minutes' referenced before assignment
name 'books_total' is not defined
name 'cream' is not defined
local variable 'junior_employees' referenced before assignment
name 'job_a_net_payment' is not defined
local variable 'cost_difference' referenced before assignment
invalid syntax (<string>, line 5)
name 'revenue' is not defined
name 'first_job_pay_pay_hours' is not defined
local variable 'go_karts_total' referenced before assignment
name 'days' is not defined
name 'candy_total' is not defined
name 'num_collie_stuffing_total' is not defined
local variable 'fourth_graders_boys' referenced before assignment
local variable 'test_3' referenced before assignment
local variable 'cord_count_additional' referenced before assignment
invalid syntax (<string>, line 6)
name 'lemonade_quantity' is not defined
local variable 'milk_bags_needed' referenced before assignment
local variable 'minutes_left' referenced before assignment
local variable 'average_apples' referenced before assignment
name 'bill_total' is not defined
name 'jogger_jeans_original_cost' is not defined
local variable 'candy_bar_quantity' referenced before assignment
name 'Wayne_today' is not defined
local variable 'sister_difference' referenced before assignment
local variable 'movie_a_length' referenced before assignment
local variable 'bail_bail_time' referenced before assignment
name 'bag' is not defined
name 'jennifer_spot' is not defined
local variable 'cards_given' referenced before assignment
name 'becky_total' is not defined
invalid syntax (<string>, line 6)
local variable 'keegan_total' referenced before assignment
name 'hours_per_day' is not defined
local variable 'total_cost_after_discount' referenced before assignment
name 'rose_onions_per_onion' is not defined
local variable 'net_net_calories' referenced before assignment
invalid syntax (<string>, line 8)
name 'remaining' is not defined
local variable 'chairs' referenced before assignment
local variable 'money_paid' referenced before assignment
invalid decimal literal (<string>, line 10)
name 'days' is not defined
local variable 'miles_per_week' referenced before assignment
local variable 'letters_written_first_half' referenced before assignment
name 'salary' is not defined
local variable 'buttons_four_holes' referenced before assignment
local variable 'cages_hamsters_with_5_gabies' referenced before assignment
name 'contractor_remaining' is not defined
unterminated triple-quoted string literal (detected at line 4) (<string>, line 4)
name 'starting_value_minus_12' is not defined
name 'jill' is not defined
name 'airway_time' is not defined
local variable 'wpm_increase_total' referenced before assignment
division by zero
invalid syntax (<string>, line 7)
local variable 'washings_per_pump' referenced before assignment
name 'shirt_quantity' is not defined
local variable 'pounds_of_butter' referenced before assignment
local variable 'lewis_street_length_difference' referenced before assignment
local variable 'fish_total_cost_total' referenced before assignment
local variable 'streetlights_not_working' referenced before assignment
local variable 'cost_per_session' referenced before assignment
name 'baseball_coffee_total' is not defined
local variable 'dress_pants_cost' referenced before assignment
local variable 'donut_price_increase' referenced before assignment
local variable 'fried_chicken_quantity' referenced before assignment
invalid decimal literal (<string>, line 9)
unindent does not match any outer indentation level (<string>, line 7)
local variable 'total_minutes_without_late' referenced before assignment
name 'age_one_trie_one_twice_one_trie' is not defined
local variable 'males_leftover' referenced before assignment
local variable 'river_water' referenced before assignment
invalid syntax (<string>, line 8)
name 'baby_chairs' is not defined
name 'slices_per_friends' is not defined
name 'mother_age_difference' is not defined
name 'boris_apples_after' is not defined
name 'plates_broken' is not defined
local variable 'votes_against_new_regulation' referenced before assignment
local variable 'jana_puppies' referenced before assignment
name 'tomato_total' is not defined
local variable 'marissa_money_used' referenced before assignment
local variable 'oranges_total_cost' referenced before assignment
local variable 'movies_older' referenced before assignment
name 'ava_points' is not defined
name 'train_off_13' is not defined
local variable 'total_bottles' referenced before assignment
local variable 'hours_remaining_total' referenced before assignment
local variable 'billy_salary_after_1_anniversary' referenced before assignment
local variable 'distance_per_mile' referenced before assignment
local variable 'pass_rate_third_grade' referenced before assignment
name 'desean_sms_initial' is not defined
name 'cycles_per_week' is not defined
local variable 'shipping_cost' referenced before assignment
name 'mulan_money_total' is not defined
name 'money_initial' is not defined
name 'white_shirts_no_buttons' is not defined
local variable 'slices_per_loaf' referenced before assignment
name 'ella_earnings_per_12_hours' is not defined
local variable 'profit_made' referenced before assignment
name 'orchids_daisies_petals' is not defined
invalid syntax (<string>, line 6)
name 'child_child_meal' is not defined
name 'hours_initial' is not defined
name 'books_initial' is not defined
name 'hours_per_8_hours' is not defined
invalid syntax (<string>, line 8)
local variable 'students' referenced before assignment
local variable 'labor_hours' referenced before assignment
local variable 'num_sold' referenced before assignment
invalid syntax (<string>, line 5)
local variable 'cousins_chips' referenced before assignment
invalid syntax (<string>, line 7)
local variable 'plant_width' referenced before assignment
name 'tobias_time' is not defined
local variable 'total_savings' referenced before assignment
name 'neighborhood_money' is not defined
name 'minutes_initial' is not defined
name 'chocolate_bars_initial' is not defined
name 'matteo_distance' is not defined
name 'wanda_total' is not defined
name 'plums_cost' is not defined
local variable 'driveway_length' referenced before assignment
local variable 'parmesan_money' referenced before assignment
local variable 'distance_to_nyc_after_4_days' referenced before assignment
local variable 'socks_price' referenced before assignment
local variable 'tile_area' referenced before assignment
name 'loads_per_week' is not defined
unindent does not match any outer indentation level (<string>, line 5)
name 'bills_cost' is not defined
local variable 'num_spring_days' referenced before assignment
invalid syntax (<string>, line 7)
cannot assign to expression (<string>, line 7)
name 'frying_pan_initial' is not defined
local variable 'money_spent' referenced before assignment
name 'female_fishes' is not defined
local variable 'eggs_eaten_per_day_decrease' referenced before assignment
local variable 'ratio_women_total' referenced before assignment
name 'jim_total' is not defined
name 'tuesday' is not defined
local variable 'apples_paid' referenced before assignment
local variable 'num_pizza_pies' referenced before assignment
local variable 'absences' referenced before assignment
name 'dishwasher_emptied' is not defined
invalid syntax (<string>, line 5)
name 'barbie_total' is not defined
name 'ali_class_total' is not defined
name 'bus_first_station' is not defined
local variable 'students_10' referenced before assignment
local variable 'john_cost' referenced before assignment
name 'num_' is not defined
local variable 'novels_written_this_year_quarterly_quarterly' referenced before assignment
invalid syntax (<string>, line 5)
invalid syntax (<string>, line 53)
local variable 'phone_3_cost' referenced before assignment
name 'june' is not defined
invalid syntax (<string>, line 10)
invalid syntax (<string>, line 11)
local variable 'age_difference' referenced before assignment
name 'dinner_plates_total_cost' is not defined
invalid syntax (<string>, line 5)
name 'lani_leggings' is not defined
local variable 'total_revenue' referenced before assignment
invalid syntax (<string>, line 7)
local variable 'sarah_raised' referenced before assignment
[Eval Info] value_accuracy: 13.874%
[E=5/40, S=9195] {'wandb': 'ReFT_small|gsm8k_python_sdp_galactica_125m_08', 'lr': '1.9444e-05', 'T.loss': '0.12085', 'Eval.Gen.value_accuracy': '13.874', 'Eval.Gen.value_accuracy_best': '13.874'}
[E=6/40, S=9200] {'wandb': 'ReFT_small|gsm8k_python_sdp_galactica_125m_08', 'lr': '1.9443e-05', 'T.loss': '0.094177', 'Eval.Gen.value_accuracy_best': '13.874'}
[E=6/40, S=9210] {'wandb': 'ReFT_small|gsm8k_python_sdp_galactica_125m_08', 'lr': '1.944e-05', 'T.loss': '0.067703', 'Eval.Gen.value_accuracy_best': '13.874'}
[E=6/40, S=9220] {'wandb': 'ReFT_small|gsm8k_python_sdp_galactica_125m_08', 'lr': '1.9437e-05', 'T.loss': '0.08255', 'Eval.Gen.value_accuracy_best': '13.874'}
[E=6/40, S=9230] {'wandb': 'ReFT_small|gsm8k_python_sdp_galactica_125m_08', 'lr': '1.9434e-05', 'T.loss': '0.071045', 'Eval.Gen.value_accuracy_best': '13.874'}
[E=6/40, S=9240] {'wandb': 'ReFT_small|gsm8k_python_sdp_galactica_125m_08', 'lr': '1.9431e-05', 'T.loss': '0.091156', 'Eval.Gen.value_accuracy_best': '13.874'}
[E=6/40, S=9250] {'wandb': 'ReFT_small|gsm8k_python_sdp_galactica_125m_08', 'lr': '1.9428e-05', 'T.loss': '0.097809', 'Eval.Gen.value_accuracy_best': '13.874'}
[E=6/40, S=9260] {'wandb': 'ReFT_small|gsm8k_python_sdp_galactica_125m_08', 'lr': '1.9425e-05', 'T.loss': '0.05809', 'Eval.Gen.value_accuracy_best': '13.874'}
[E=6/40, S=9270] {'wandb': 'ReFT_small|gsm8k_python_sdp_galactica_125m_08', 'lr': '1.9422e-05', 'T.loss': '0.091354', 'Eval.Gen.value_accuracy_best': '13.874'}
[E=6/40, S=9280] {'wandb': 'ReFT_small|gsm8k_python_sdp_galactica_125m_08', 'lr': '1.9419e-05', 'T.loss': '0.11221', 'Eval.Gen.value_accuracy_best': '13.874'}
[E=6/40, S=9290] {'wandb': 'ReFT_small|gsm8k_python_sdp_galactica_125m_08', 'lr': '1.9416e-05', 'T.loss': '0.094009', 'Eval.Gen.value_accuracy_best': '13.874'}
[E=6/40, S=9300] {'wandb': 'ReFT_small|gsm8k_python_sdp_galactica_125m_08', 'lr': '1.9413e-05', 'T.loss': '0.085266', 'Eval.Gen.value_accuracy_best': '13.874'}
[E=6/40, S=9310] {'wandb': 'ReFT_small|gsm8k_python_sdp_galactica_125m_08', 'lr': '1.941e-05', 'T.loss': '0.11176', 'Eval.Gen.value_accuracy_best': '13.874'}
[E=6/40, S=9320] {'wandb': 'ReFT_small|gsm8k_python_sdp_galactica_125m_08', 'lr': '1.9407e-05', 'T.loss': '0.18317', 'Eval.Gen.value_accuracy_best': '13.874'}
[E=6/40, S=9330] {'wandb': 'ReFT_small|gsm8k_python_sdp_galactica_125m_08', 'lr': '1.9404e-05', 'T.loss': '0.13416', 'Eval.Gen.value_accuracy_best': '13.874'}
[E=6/40, S=9340] {'wandb': 'ReFT_small|gsm8k_python_sdp_galactica_125m_08', 'lr': '1.9401e-05', 'T.loss': '0.12659', 'Eval.Gen.value_accuracy_best': '13.874'}
[E=6/40, S=9350] {'wandb': 'ReFT_small|gsm8k_python_sdp_galactica_125m_08', 'lr': '1.9398e-05', 'T.loss': '0.086594', 'Eval.Gen.value_accuracy_best': '13.874'}
[E=6/40, S=9360] {'wandb': 'ReFT_small|gsm8k_python_sdp_galactica_125m_08', 'lr': '1.9395e-05', 'T.loss': '0.088684', 'Eval.Gen.value_accuracy_best': '13.874'}
[E=6/40, S=9370] {'wandb': 'ReFT_small|gsm8k_python_sdp_galactica_125m_08', 'lr': '1.9392e-05', 'T.loss': '0.092407', 'Eval.Gen.value_accuracy_best': '13.874'}
[E=6/40, S=9380] {'wandb': 'ReFT_small|gsm8k_python_sdp_galactica_125m_08', 'lr': '1.9389e-05', 'T.loss': '0.094513', 'Eval.Gen.value_accuracy_best': '13.874'}
[E=6/40, S=9390] {'wandb': 'ReFT_small|gsm8k_python_sdp_galactica_125m_08', 'lr': '1.9386e-05', 'T.loss': '0.10715', 'Eval.Gen.value_accuracy_best': '13.874'}
[E=6/40, S=9400] {'wandb': 'ReFT_small|gsm8k_python_sdp_galactica_125m_08', 'lr': '1.9383e-05', 'T.loss': '0.1174', 'Eval.Gen.value_accuracy_best': '13.874'}
[E=6/40, S=9410] {'wandb': 'ReFT_small|gsm8k_python_sdp_galactica_125m_08', 'lr': '1.9379e-05', 'T.loss': '0.054535', 'Eval.Gen.value_accuracy_best': '13.874'}
[E=6/40, S=9420] {'wandb': 'ReFT_small|gsm8k_python_sdp_galactica_125m_08', 'lr': '1.9376e-05', 'T.loss': '0.10696', 'Eval.Gen.value_accuracy_best': '13.874'}
[E=6/40, S=9430] {'wandb': 'ReFT_small|gsm8k_python_sdp_galactica_125m_08', 'lr': '1.9373e-05', 'T.loss': '0.10956', 'Eval.Gen.value_accuracy_best': '13.874'}
[E=6/40, S=9440] {'wandb': 'ReFT_small|gsm8k_python_sdp_galactica_125m_08', 'lr': '1.937e-05', 'T.loss': '0.1109', 'Eval.Gen.value_accuracy_best': '13.874'}
[E=6/40, S=9450] {'wandb': 'ReFT_small|gsm8k_python_sdp_galactica_125m_08', 'lr': '1.9367e-05', 'T.loss': '0.093384', 'Eval.Gen.value_accuracy_best': '13.874'}
[E=6/40, S=9460] {'wandb': 'ReFT_small|gsm8k_python_sdp_galactica_125m_08', 'lr': '1.9364e-05', 'T.loss': '0.068207', 'Eval.Gen.value_accuracy_best': '13.874'}
[E=6/40, S=9470] {'wandb': 'ReFT_small|gsm8k_python_sdp_galactica_125m_08', 'lr': '1.9361e-05', 'T.loss': '0.089447', 'Eval.Gen.value_accuracy_best': '13.874'}
[E=6/40, S=9480] {'wandb': 'ReFT_small|gsm8k_python_sdp_galactica_125m_08', 'lr': '1.9358e-05', 'T.loss': '0.07399', 'Eval.Gen.value_accuracy_best': '13.874'}
[E=6/40, S=9490] {'wandb': 'ReFT_small|gsm8k_python_sdp_galactica_125m_08', 'lr': '1.9355e-05', 'T.loss': '0.11911', 'Eval.Gen.value_accuracy_best': '13.874'}
[E=6/40, S=9500] {'wandb': 'ReFT_small|gsm8k_python_sdp_galactica_125m_08', 'lr': '1.9352e-05', 'T.loss': '0.1507', 'Eval.Gen.value_accuracy_best': '13.874'}
[E=6/40, S=9510] {'wandb': 'ReFT_small|gsm8k_python_sdp_galactica_125m_08', 'lr': '1.9349e-05', 'T.loss': '0.071121', 'Eval.Gen.value_accuracy_best': '13.874'}
[E=6/40, S=9520] {'wandb': 'ReFT_small|gsm8k_python_sdp_galactica_125m_08', 'lr': '1.9346e-05', 'T.loss': '0.083679', 'Eval.Gen.value_accuracy_best': '13.874'}
[E=6/40, S=9530] {'wandb': 'ReFT_small|gsm8k_python_sdp_galactica_125m_08', 'lr': '1.9343e-05', 'T.loss': '0.11053', 'Eval.Gen.value_accuracy_best': '13.874'}
[E=6/40, S=9540] {'wandb': 'ReFT_small|gsm8k_python_sdp_galactica_125m_08', 'lr': '1.934e-05', 'T.loss': '0.07843', 'Eval.Gen.value_accuracy_best': '13.874'}
[E=6/40, S=9550] {'wandb': 'ReFT_small|gsm8k_python_sdp_galactica_125m_08', 'lr': '1.9337e-05', 'T.loss': '0.10162', 'Eval.Gen.value_accuracy_best': '13.874'}
[E=6/40, S=9560] {'wandb': 'ReFT_small|gsm8k_python_sdp_galactica_125m_08', 'lr': '1.9334e-05', 'T.loss': '0.10971', 'Eval.Gen.value_accuracy_best': '13.874'}
[E=6/40, S=9570] {'wandb': 'ReFT_small|gsm8k_python_sdp_galactica_125m_08', 'lr': '1.9331e-05', 'T.loss': '0.08963', 'Eval.Gen.value_accuracy_best': '13.874'}
[E=6/40, S=9580] {'wandb': 'ReFT_small|gsm8k_python_sdp_galactica_125m_08', 'lr': '1.9328e-05', 'T.loss': '0.076355', 'Eval.Gen.value_accuracy_best': '13.874'}
[E=6/40, S=9590] {'wandb': 'ReFT_small|gsm8k_python_sdp_galactica_125m_08', 'lr': '1.9325e-05', 'T.loss': '0.056732', 'Eval.Gen.value_accuracy_best': '13.874'}
[E=6/40, S=9600] {'wandb': 'ReFT_small|gsm8k_python_sdp_galactica_125m_08', 'lr': '1.9322e-05', 'T.loss': '0.10825', 'Eval.Gen.value_accuracy_best': '13.874'}
[E=6/40, S=9610] {'wandb': 'ReFT_small|gsm8k_python_sdp_galactica_125m_08', 'lr': '1.9319e-05', 'T.loss': '0.081757', 'Eval.Gen.value_accuracy_best': '13.874'}
[E=6/40, S=9620] {'wandb': 'ReFT_small|gsm8k_python_sdp_galactica_125m_08', 'lr': '1.9316e-05', 'T.loss': '0.08136', 'Eval.Gen.value_accuracy_best': '13.874'}
[E=6/40, S=9630] {'wandb': 'ReFT_small|gsm8k_python_sdp_galactica_125m_08', 'lr': '1.9313e-05', 'T.loss': '0.10513', 'Eval.Gen.value_accuracy_best': '13.874'}
[E=6/40, S=9640] {'wandb': 'ReFT_small|gsm8k_python_sdp_galactica_125m_08', 'lr': '1.931e-05', 'T.loss': '0.082153', 'Eval.Gen.value_accuracy_best': '13.874'}
[E=6/40, S=9650] {'wandb': 'ReFT_small|gsm8k_python_sdp_galactica_125m_08', 'lr': '1.9307e-05', 'T.loss': '0.15076', 'Eval.Gen.value_accuracy_best': '13.874'}
[E=6/40, S=9660] {'wandb': 'ReFT_small|gsm8k_python_sdp_galactica_125m_08', 'lr': '1.9304e-05', 'T.loss': '0.084549', 'Eval.Gen.value_accuracy_best': '13.874'}
[E=6/40, S=9670] {'wandb': 'ReFT_small|gsm8k_python_sdp_galactica_125m_08', 'lr': '1.9301e-05', 'T.loss': '0.10071', 'Eval.Gen.value_accuracy_best': '13.874'}
[E=6/40, S=9680] {'wandb': 'ReFT_small|gsm8k_python_sdp_galactica_125m_08', 'lr': '1.9298e-05', 'T.loss': '0.077118', 'Eval.Gen.value_accuracy_best': '13.874'}
[E=6/40, S=9690] {'wandb': 'ReFT_small|gsm8k_python_sdp_galactica_125m_08', 'lr': '1.9295e-05', 'T.loss': '0.074265', 'Eval.Gen.value_accuracy_best': '13.874'}
[E=6/40, S=9700] {'wandb': 'ReFT_small|gsm8k_python_sdp_galactica_125m_08', 'lr': '1.9292e-05', 'T.loss': '0.10406', 'Eval.Gen.value_accuracy_best': '13.874'}
[E=6/40, S=9710] {'wandb': 'ReFT_small|gsm8k_python_sdp_galactica_125m_08', 'lr': '1.9289e-05', 'T.loss': '0.077301', 'Eval.Gen.value_accuracy_best': '13.874'}
[E=6/40, S=9720] {'wandb': 'ReFT_small|gsm8k_python_sdp_galactica_125m_08', 'lr': '1.9286e-05', 'T.loss': '0.073334', 'Eval.Gen.value_accuracy_best': '13.874'}
[E=6/40, S=9730] {'wandb': 'ReFT_small|gsm8k_python_sdp_galactica_125m_08', 'lr': '1.9283e-05', 'T.loss': '0.071167', 'Eval.Gen.value_accuracy_best': '13.874'}
[E=6/40, S=9740] {'wandb': 'ReFT_small|gsm8k_python_sdp_galactica_125m_08', 'lr': '1.928e-05', 'T.loss': '0.092072', 'Eval.Gen.value_accuracy_best': '13.874'}
[E=6/40, S=9750] {'wandb': 'ReFT_small|gsm8k_python_sdp_galactica_125m_08', 'lr': '1.9277e-05', 'T.loss': '0.129', 'Eval.Gen.value_accuracy_best': '13.874'}
[E=6/40, S=9760] {'wandb': 'ReFT_small|gsm8k_python_sdp_galactica_125m_08', 'lr': '1.9274e-05', 'T.loss': '0.084442', 'Eval.Gen.value_accuracy_best': '13.874'}
[E=6/40, S=9770] {'wandb': 'ReFT_small|gsm8k_python_sdp_galactica_125m_08', 'lr': '1.9271e-05', 'T.loss': '0.083954', 'Eval.Gen.value_accuracy_best': '13.874'}
[E=6/40, S=9780] {'wandb': 'ReFT_small|gsm8k_python_sdp_galactica_125m_08', 'lr': '1.9268e-05', 'T.loss': '0.12762', 'Eval.Gen.value_accuracy_best': '13.874'}
[E=6/40, S=9790] {'wandb': 'ReFT_small|gsm8k_python_sdp_galactica_125m_08', 'lr': '1.9265e-05', 'T.loss': '0.12793', 'Eval.Gen.value_accuracy_best': '13.874'}
[E=6/40, S=9800] {'wandb': 'ReFT_small|gsm8k_python_sdp_galactica_125m_08', 'lr': '1.9262e-05', 'T.loss': '0.091095', 'Eval.Gen.value_accuracy_best': '13.874'}
[E=6/40, S=9810] {'wandb': 'ReFT_small|gsm8k_python_sdp_galactica_125m_08', 'lr': '1.9259e-05', 'T.loss': '0.055908', 'Eval.Gen.value_accuracy_best': '13.874'}
[E=6/40, S=9820] {'wandb': 'ReFT_small|gsm8k_python_sdp_galactica_125m_08', 'lr': '1.9256e-05', 'T.loss': '0.09433', 'Eval.Gen.value_accuracy_best': '13.874'}
[E=6/40, S=9830] {'wandb': 'ReFT_small|gsm8k_python_sdp_galactica_125m_08', 'lr': '1.9253e-05', 'T.loss': '0.10577', 'Eval.Gen.value_accuracy_best': '13.874'}
[E=6/40, S=9840] {'wandb': 'ReFT_small|gsm8k_python_sdp_galactica_125m_08', 'lr': '1.925e-05', 'T.loss': '0.08902', 'Eval.Gen.value_accuracy_best': '13.874'}
[E=6/40, S=9850] {'wandb': 'ReFT_small|gsm8k_python_sdp_galactica_125m_08', 'lr': '1.9247e-05', 'T.loss': '0.12021', 'Eval.Gen.value_accuracy_best': '13.874'}
[E=6/40, S=9860] {'wandb': 'ReFT_small|gsm8k_python_sdp_galactica_125m_08', 'lr': '1.9244e-05', 'T.loss': '0.089111', 'Eval.Gen.value_accuracy_best': '13.874'}
[E=6/40, S=9870] {'wandb': 'ReFT_small|gsm8k_python_sdp_galactica_125m_08', 'lr': '1.9241e-05', 'T.loss': '0.10599', 'Eval.Gen.value_accuracy_best': '13.874'}
[E=6/40, S=9880] {'wandb': 'ReFT_small|gsm8k_python_sdp_galactica_125m_08', 'lr': '1.9238e-05', 'T.loss': '0.086517', 'Eval.Gen.value_accuracy_best': '13.874'}
[E=6/40, S=9890] {'wandb': 'ReFT_small|gsm8k_python_sdp_galactica_125m_08', 'lr': '1.9234e-05', 'T.loss': '0.082489', 'Eval.Gen.value_accuracy_best': '13.874'}
[E=6/40, S=9900] {'wandb': 'ReFT_small|gsm8k_python_sdp_galactica_125m_08', 'lr': '1.9231e-05', 'T.loss': '0.10425', 'Eval.Gen.value_accuracy_best': '13.874'}
[E=6/40, S=9910] {'wandb': 'ReFT_small|gsm8k_python_sdp_galactica_125m_08', 'lr': '1.9228e-05', 'T.loss': '0.10472', 'Eval.Gen.value_accuracy_best': '13.874'}
[E=6/40, S=9920] {'wandb': 'ReFT_small|gsm8k_python_sdp_galactica_125m_08', 'lr': '1.9225e-05', 'T.loss': '0.070984', 'Eval.Gen.value_accuracy_best': '13.874'}
[E=6/40, S=9930] {'wandb': 'ReFT_small|gsm8k_python_sdp_galactica_125m_08', 'lr': '1.9222e-05', 'T.loss': '0.11884', 'Eval.Gen.value_accuracy_best': '13.874'}
[E=6/40, S=9940] {'wandb': 'ReFT_small|gsm8k_python_sdp_galactica_125m_08', 'lr': '1.9219e-05', 'T.loss': '0.081421', 'Eval.Gen.value_accuracy_best': '13.874'}
[E=6/40, S=9950] {'wandb': 'ReFT_small|gsm8k_python_sdp_galactica_125m_08', 'lr': '1.9216e-05', 'T.loss': '0.1243', 'Eval.Gen.value_accuracy_best': '13.874'}
[E=6/40, S=9960] {'wandb': 'ReFT_small|gsm8k_python_sdp_galactica_125m_08', 'lr': '1.9213e-05', 'T.loss': '0.10388', 'Eval.Gen.value_accuracy_best': '13.874'}
[E=6/40, S=9970] {'wandb': 'ReFT_small|gsm8k_python_sdp_galactica_125m_08', 'lr': '1.921e-05', 'T.loss': '0.11108', 'Eval.Gen.value_accuracy_best': '13.874'}
[E=6/40, S=9980] {'wandb': 'ReFT_small|gsm8k_python_sdp_galactica_125m_08', 'lr': '1.9207e-05', 'T.loss': '0.084564', 'Eval.Gen.value_accuracy_best': '13.874'}
[E=6/40, S=9990] {'wandb': 'ReFT_small|gsm8k_python_sdp_galactica_125m_08', 'lr': '1.9204e-05', 'T.loss': '0.076569', 'Eval.Gen.value_accuracy_best': '13.874'}
[E=6/40, S=10000] {'wandb': 'ReFT_small|gsm8k_python_sdp_galactica_125m_08', 'lr': '1.9201e-05', 'T.loss': '0.13934', 'Eval.Gen.value_accuracy_best': '13.874'}
[E=6/40, S=10010] {'wandb': 'ReFT_small|gsm8k_python_sdp_galactica_125m_08', 'lr': '1.9198e-05', 'T.loss': '0.14917', 'Eval.Gen.value_accuracy_best': '13.874'}
[E=6/40, S=10020] {'wandb': 'ReFT_small|gsm8k_python_sdp_galactica_125m_08', 'lr': '1.9195e-05', 'T.loss': '0.097992', 'Eval.Gen.value_accuracy_best': '13.874'}
[E=6/40, S=10030] {'wandb': 'ReFT_small|gsm8k_python_sdp_galactica_125m_08', 'lr': '1.9192e-05', 'T.loss': '0.10846', 'Eval.Gen.value_accuracy_best': '13.874'}
[E=6/40, S=10040] {'wandb': 'ReFT_small|gsm8k_python_sdp_galactica_125m_08', 'lr': '1.9189e-05', 'T.loss': '0.079971', 'Eval.Gen.value_accuracy_best': '13.874'}
[E=6/40, S=10050] {'wandb': 'ReFT_small|gsm8k_python_sdp_galactica_125m_08', 'lr': '1.9186e-05', 'T.loss': '0.086548', 'Eval.Gen.value_accuracy_best': '13.874'}
[E=6/40, S=10060] {'wandb': 'ReFT_small|gsm8k_python_sdp_galactica_125m_08', 'lr': '1.9183e-05', 'T.loss': '0.083832', 'Eval.Gen.value_accuracy_best': '13.874'}
[E=6/40, S=10070] {'wandb': 'ReFT_small|gsm8k_python_sdp_galactica_125m_08', 'lr': '1.918e-05', 'T.loss': '0.077545', 'Eval.Gen.value_accuracy_best': '13.874'}
[E=6/40, S=10080] {'wandb': 'ReFT_small|gsm8k_python_sdp_galactica_125m_08', 'lr': '1.9177e-05', 'T.loss': '0.10178', 'Eval.Gen.value_accuracy_best': '13.874'}
[E=6/40, S=10090] {'wandb': 'ReFT_small|gsm8k_python_sdp_galactica_125m_08', 'lr': '1.9174e-05', 'T.loss': '0.10785', 'Eval.Gen.value_accuracy_best': '13.874'}
[E=6/40, S=10100] {'wandb': 'ReFT_small|gsm8k_python_sdp_galactica_125m_08', 'lr': '1.9171e-05', 'T.loss': '0.083527', 'Eval.Gen.value_accuracy_best': '13.874'}
[E=6/40, S=10110] {'wandb': 'ReFT_small|gsm8k_python_sdp_galactica_125m_08', 'lr': '1.9168e-05', 'T.loss': '0.09053', 'Eval.Gen.value_accuracy_best': '13.874'}
[E=6/40, S=10120] {'wandb': 'ReFT_small|gsm8k_python_sdp_galactica_125m_08', 'lr': '1.9165e-05', 'T.loss': '0.091064', 'Eval.Gen.value_accuracy_best': '13.874'}
[E=6/40, S=10130] {'wandb': 'ReFT_small|gsm8k_python_sdp_galactica_125m_08', 'lr': '1.9162e-05', 'T.loss': '0.15137', 'Eval.Gen.value_accuracy_best': '13.874'}
[E=6/40, S=10140] {'wandb': 'ReFT_small|gsm8k_python_sdp_galactica_125m_08', 'lr': '1.9159e-05', 'T.loss': '0.10022', 'Eval.Gen.value_accuracy_best': '13.874'}
[E=6/40, S=10150] {'wandb': 'ReFT_small|gsm8k_python_sdp_galactica_125m_08', 'lr': '1.9156e-05', 'T.loss': '0.11496', 'Eval.Gen.value_accuracy_best': '13.874'}
[E=6/40, S=10160] {'wandb': 'ReFT_small|gsm8k_python_sdp_galactica_125m_08', 'lr': '1.9153e-05', 'T.loss': '0.12363', 'Eval.Gen.value_accuracy_best': '13.874'}
[E=6/40, S=10170] {'wandb': 'ReFT_small|gsm8k_python_sdp_galactica_125m_08', 'lr': '1.915e-05', 'T.loss': '0.069046', 'Eval.Gen.value_accuracy_best': '13.874'}
[E=6/40, S=10180] {'wandb': 'ReFT_small|gsm8k_python_sdp_galactica_125m_08', 'lr': '1.9147e-05', 'T.loss': '0.082733', 'Eval.Gen.value_accuracy_best': '13.874'}
[E=6/40, S=10190] {'wandb': 'ReFT_small|gsm8k_python_sdp_galactica_125m_08', 'lr': '1.9144e-05', 'T.loss': '0.10388', 'Eval.Gen.value_accuracy_best': '13.874'}
[E=6/40, S=10200] {'wandb': 'ReFT_small|gsm8k_python_sdp_galactica_125m_08', 'lr': '1.9141e-05', 'T.loss': '0.071091', 'Eval.Gen.value_accuracy_best': '13.874'}
[E=6/40, S=10210] {'wandb': 'ReFT_small|gsm8k_python_sdp_galactica_125m_08', 'lr': '1.9138e-05', 'T.loss': '0.091125', 'Eval.Gen.value_accuracy_best': '13.874'}
[E=6/40, S=10220] {'wandb': 'ReFT_small|gsm8k_python_sdp_galactica_125m_08', 'lr': '1.9135e-05', 'T.loss': '0.10312', 'Eval.Gen.value_accuracy_best': '13.874'}
[E=6/40, S=10230] {'wandb': 'ReFT_small|gsm8k_python_sdp_galactica_125m_08', 'lr': '1.9132e-05', 'T.loss': '0.17801', 'Eval.Gen.value_accuracy_best': '13.874'}
[E=6/40, S=10240] {'wandb': 'ReFT_small|gsm8k_python_sdp_galactica_125m_08', 'lr': '1.9129e-05', 'T.loss': '0.096954', 'Eval.Gen.value_accuracy_best': '13.874'}
[E=6/40, S=10250] {'wandb': 'ReFT_small|gsm8k_python_sdp_galactica_125m_08', 'lr': '1.9126e-05', 'T.loss': '0.078812', 'Eval.Gen.value_accuracy_best': '13.874'}
[E=6/40, S=10260] {'wandb': 'ReFT_small|gsm8k_python_sdp_galactica_125m_08', 'lr': '1.9123e-05', 'T.loss': '0.09964', 'Eval.Gen.value_accuracy_best': '13.874'}
[E=6/40, S=10270] {'wandb': 'ReFT_small|gsm8k_python_sdp_galactica_125m_08', 'lr': '1.912e-05', 'T.loss': '0.067612', 'Eval.Gen.value_accuracy_best': '13.874'}
[E=6/40, S=10280] {'wandb': 'ReFT_small|gsm8k_python_sdp_galactica_125m_08', 'lr': '1.9117e-05', 'T.loss': '0.12958', 'Eval.Gen.value_accuracy_best': '13.874'}
[E=6/40, S=10290] {'wandb': 'ReFT_small|gsm8k_python_sdp_galactica_125m_08', 'lr': '1.9114e-05', 'T.loss': '0.097534', 'Eval.Gen.value_accuracy_best': '13.874'}
[E=6/40, S=10300] {'wandb': 'ReFT_small|gsm8k_python_sdp_galactica_125m_08', 'lr': '1.9111e-05', 'T.loss': '0.089935', 'Eval.Gen.value_accuracy_best': '13.874'}
[E=6/40, S=10310] {'wandb': 'ReFT_small|gsm8k_python_sdp_galactica_125m_08', 'lr': '1.9108e-05', 'T.loss': '0.081665', 'Eval.Gen.value_accuracy_best': '13.874'}
[E=6/40, S=10320] {'wandb': 'ReFT_small|gsm8k_python_sdp_galactica_125m_08', 'lr': '1.9105e-05', 'T.loss': '0.091705', 'Eval.Gen.value_accuracy_best': '13.874'}
[E=6/40, S=10330] {'wandb': 'ReFT_small|gsm8k_python_sdp_galactica_125m_08', 'lr': '1.9102e-05', 'T.loss': '0.073334', 'Eval.Gen.value_accuracy_best': '13.874'}
[E=6/40, S=10340] {'wandb': 'ReFT_small|gsm8k_python_sdp_galactica_125m_08', 'lr': '1.9099e-05', 'T.loss': '0.12228', 'Eval.Gen.value_accuracy_best': '13.874'}
[E=6/40, S=10350] {'wandb': 'ReFT_small|gsm8k_python_sdp_galactica_125m_08', 'lr': '1.9096e-05', 'T.loss': '0.060516', 'Eval.Gen.value_accuracy_best': '13.874'}
[E=6/40, S=10360] {'wandb': 'ReFT_small|gsm8k_python_sdp_galactica_125m_08', 'lr': '1.9093e-05', 'T.loss': '0.10986', 'Eval.Gen.value_accuracy_best': '13.874'}
[E=6/40, S=10370] {'wandb': 'ReFT_small|gsm8k_python_sdp_galactica_125m_08', 'lr': '1.9089e-05', 'T.loss': '0.082092', 'Eval.Gen.value_accuracy_best': '13.874'}
[E=6/40, S=10380] {'wandb': 'ReFT_small|gsm8k_python_sdp_galactica_125m_08', 'lr': '1.9086e-05', 'T.loss': '0.13751', 'Eval.Gen.value_accuracy_best': '13.874'}
[E=6/40, S=10390] {'wandb': 'ReFT_small|gsm8k_python_sdp_galactica_125m_08', 'lr': '1.9083e-05', 'T.loss': '0.1344', 'Eval.Gen.value_accuracy_best': '13.874'}
[E=6/40, S=10400] {'wandb': 'ReFT_small|gsm8k_python_sdp_galactica_125m_08', 'lr': '1.908e-05', 'T.loss': '0.087677', 'Eval.Gen.value_accuracy_best': '13.874'}
[E=6/40, S=10410] {'wandb': 'ReFT_small|gsm8k_python_sdp_galactica_125m_08', 'lr': '1.9077e-05', 'T.loss': '0.10022', 'Eval.Gen.value_accuracy_best': '13.874'}
[E=6/40, S=10420] {'wandb': 'ReFT_small|gsm8k_python_sdp_galactica_125m_08', 'lr': '1.9074e-05', 'T.loss': '0.084198', 'Eval.Gen.value_accuracy_best': '13.874'}
[E=6/40, S=10430] {'wandb': 'ReFT_small|gsm8k_python_sdp_galactica_125m_08', 'lr': '1.9071e-05', 'T.loss': '0.090729', 'Eval.Gen.value_accuracy_best': '13.874'}
[E=6/40, S=10440] {'wandb': 'ReFT_small|gsm8k_python_sdp_galactica_125m_08', 'lr': '1.9068e-05', 'T.loss': '0.098938', 'Eval.Gen.value_accuracy_best': '13.874'}
[E=6/40, S=10450] {'wandb': 'ReFT_small|gsm8k_python_sdp_galactica_125m_08', 'lr': '1.9065e-05', 'T.loss': '0.11487', 'Eval.Gen.value_accuracy_best': '13.874'}
[E=6/40, S=10460] {'wandb': 'ReFT_small|gsm8k_python_sdp_galactica_125m_08', 'lr': '1.9062e-05', 'T.loss': '0.13016', 'Eval.Gen.value_accuracy_best': '13.874'}
[E=6/40, S=10470] {'wandb': 'ReFT_small|gsm8k_python_sdp_galactica_125m_08', 'lr': '1.9059e-05', 'T.loss': '0.13989', 'Eval.Gen.value_accuracy_best': '13.874'}
[E=6/40, S=10480] {'wandb': 'ReFT_small|gsm8k_python_sdp_galactica_125m_08', 'lr': '1.9056e-05', 'T.loss': '0.16534', 'Eval.Gen.value_accuracy_best': '13.874'}
[E=6/40, S=10490] {'wandb': 'ReFT_small|gsm8k_python_sdp_galactica_125m_08', 'lr': '1.9053e-05', 'T.loss': '0.094269', 'Eval.Gen.value_accuracy_best': '13.874'}
[E=6/40, S=10500] {'wandb': 'ReFT_small|gsm8k_python_sdp_galactica_125m_08', 'lr': '1.905e-05', 'T.loss': '0.091522', 'Eval.Gen.value_accuracy_best': '13.874'}
[2025-06-05 19:26:34,386] [INFO] [loss_scaler.py:183:update_scale] [deepspeed] OVERFLOW! Rank 0 Skipping step. Attempted loss scale: 65536, reducing to 32768
[E=6/40, S=10510] {'wandb': 'ReFT_small|gsm8k_python_sdp_galactica_125m_08', 'lr': '1.9047e-05', 'T.loss': '0.071091', 'Eval.Gen.value_accuracy_best': '13.874'}
[E=6/40, S=10520] {'wandb': 'ReFT_small|gsm8k_python_sdp_galactica_125m_08', 'lr': '1.9044e-05', 'T.loss': '0.11414', 'Eval.Gen.value_accuracy_best': '13.874'}
[E=6/40, S=10530] {'wandb': 'ReFT_small|gsm8k_python_sdp_galactica_125m_08', 'lr': '1.9041e-05', 'T.loss': '0.11328', 'Eval.Gen.value_accuracy_best': '13.874'}
[E=6/40, S=10540] {'wandb': 'ReFT_small|gsm8k_python_sdp_galactica_125m_08', 'lr': '1.9038e-05', 'T.loss': '0.13943', 'Eval.Gen.value_accuracy_best': '13.874'}
[E=6/40, S=10550] {'wandb': 'ReFT_small|gsm8k_python_sdp_galactica_125m_08', 'lr': '1.9035e-05', 'T.loss': '0.071426', 'Eval.Gen.value_accuracy_best': '13.874'}
[E=6/40, S=10560] {'wandb': 'ReFT_small|gsm8k_python_sdp_galactica_125m_08', 'lr': '1.9032e-05', 'T.loss': '0.12726', 'Eval.Gen.value_accuracy_best': '13.874'}
[E=6/40, S=10570] {'wandb': 'ReFT_small|gsm8k_python_sdp_galactica_125m_08', 'lr': '1.9029e-05', 'T.loss': '0.14856', 'Eval.Gen.value_accuracy_best': '13.874'}
[E=6/40, S=10580] {'wandb': 'ReFT_small|gsm8k_python_sdp_galactica_125m_08', 'lr': '1.9026e-05', 'T.loss': '0.087585', 'Eval.Gen.value_accuracy_best': '13.874'}
[E=6/40, S=10590] {'wandb': 'ReFT_small|gsm8k_python_sdp_galactica_125m_08', 'lr': '1.9023e-05', 'T.loss': '0.11246', 'Eval.Gen.value_accuracy_best': '13.874'}
[E=6/40, S=10600] {'wandb': 'ReFT_small|gsm8k_python_sdp_galactica_125m_08', 'lr': '1.902e-05', 'T.loss': '0.11926', 'Eval.Gen.value_accuracy_best': '13.874'}
[E=6/40, S=10610] {'wandb': 'ReFT_small|gsm8k_python_sdp_galactica_125m_08', 'lr': '1.9017e-05', 'T.loss': '0.11914', 'Eval.Gen.value_accuracy_best': '13.874'}
[E=6/40, S=10620] {'wandb': 'ReFT_small|gsm8k_python_sdp_galactica_125m_08', 'lr': '1.9014e-05', 'T.loss': '0.13144', 'Eval.Gen.value_accuracy_best': '13.874'}
[E=6/40, S=10630] {'wandb': 'ReFT_small|gsm8k_python_sdp_galactica_125m_08', 'lr': '1.9011e-05', 'T.loss': '0.064911', 'Eval.Gen.value_accuracy_best': '13.874'}
[E=6/40, S=10640] {'wandb': 'ReFT_small|gsm8k_python_sdp_galactica_125m_08', 'lr': '1.9008e-05', 'T.loss': '0.064697', 'Eval.Gen.value_accuracy_best': '13.874'}
[E=6/40, S=10650] {'wandb': 'ReFT_small|gsm8k_python_sdp_galactica_125m_08', 'lr': '1.9005e-05', 'T.loss': '0.077286', 'Eval.Gen.value_accuracy_best': '13.874'}
[E=6/40, S=10660] {'wandb': 'ReFT_small|gsm8k_python_sdp_galactica_125m_08', 'lr': '1.9002e-05', 'T.loss': '0.11313', 'Eval.Gen.value_accuracy_best': '13.874'}
[E=6/40, S=10670] {'wandb': 'ReFT_small|gsm8k_python_sdp_galactica_125m_08', 'lr': '1.8999e-05', 'T.loss': '0.13681', 'Eval.Gen.value_accuracy_best': '13.874'}
[E=6/40, S=10680] {'wandb': 'ReFT_small|gsm8k_python_sdp_galactica_125m_08', 'lr': '1.8996e-05', 'T.loss': '0.11591', 'Eval.Gen.value_accuracy_best': '13.874'}
[E=6/40, S=10690] {'wandb': 'ReFT_small|gsm8k_python_sdp_galactica_125m_08', 'lr': '1.8993e-05', 'T.loss': '0.084961', 'Eval.Gen.value_accuracy_best': '13.874'}
[E=6/40, S=10700] {'wandb': 'ReFT_small|gsm8k_python_sdp_galactica_125m_08', 'lr': '1.899e-05', 'T.loss': '0.12878', 'Eval.Gen.value_accuracy_best': '13.874'}
[E=6/40, S=10710] {'wandb': 'ReFT_small|gsm8k_python_sdp_galactica_125m_08', 'lr': '1.8987e-05', 'T.loss': '0.087555', 'Eval.Gen.value_accuracy_best': '13.874'}
[E=6/40, S=10720] {'wandb': 'ReFT_small|gsm8k_python_sdp_galactica_125m_08', 'lr': '1.8984e-05', 'T.loss': '0.054688', 'Eval.Gen.value_accuracy_best': '13.874'}
[E=6/40, S=10730] {'wandb': 'ReFT_small|gsm8k_python_sdp_galactica_125m_08', 'lr': '1.8981e-05', 'T.loss': '0.14075', 'Eval.Gen.value_accuracy_best': '13.874'}
[E=6/40, S=10740] {'wandb': 'ReFT_small|gsm8k_python_sdp_galactica_125m_08', 'lr': '1.8978e-05', 'T.loss': '0.098541', 'Eval.Gen.value_accuracy_best': '13.874'}
[E=6/40, S=10750] {'wandb': 'ReFT_small|gsm8k_python_sdp_galactica_125m_08', 'lr': '1.8975e-05', 'T.loss': '0.13867', 'Eval.Gen.value_accuracy_best': '13.874'}
[E=6/40, S=10760] {'wandb': 'ReFT_small|gsm8k_python_sdp_galactica_125m_08', 'lr': '1.8972e-05', 'T.loss': '0.17871', 'Eval.Gen.value_accuracy_best': '13.874'}
[E=6/40, S=10770] {'wandb': 'ReFT_small|gsm8k_python_sdp_galactica_125m_08', 'lr': '1.8969e-05', 'T.loss': '0.15469', 'Eval.Gen.value_accuracy_best': '13.874'}
[E=6/40, S=10780] {'wandb': 'ReFT_small|gsm8k_python_sdp_galactica_125m_08', 'lr': '1.8966e-05', 'T.loss': '0.073181', 'Eval.Gen.value_accuracy_best': '13.874'}
[E=6/40, S=10790] {'wandb': 'ReFT_small|gsm8k_python_sdp_galactica_125m_08', 'lr': '1.8963e-05', 'T.loss': '0.13495', 'Eval.Gen.value_accuracy_best': '13.874'}
[E=6/40, S=10800] {'wandb': 'ReFT_small|gsm8k_python_sdp_galactica_125m_08', 'lr': '1.896e-05', 'T.loss': '0.10922', 'Eval.Gen.value_accuracy_best': '13.874'}
[E=6/40, S=10810] {'wandb': 'ReFT_small|gsm8k_python_sdp_galactica_125m_08', 'lr': '1.8957e-05', 'T.loss': '0.11917', 'Eval.Gen.value_accuracy_best': '13.874'}
[E=6/40, S=10820] {'wandb': 'ReFT_small|gsm8k_python_sdp_galactica_125m_08', 'lr': '1.8954e-05', 'T.loss': '0.061768', 'Eval.Gen.value_accuracy_best': '13.874'}
[E=6/40, S=10830] {'wandb': 'ReFT_small|gsm8k_python_sdp_galactica_125m_08', 'lr': '1.8951e-05', 'T.loss': '0.088226', 'Eval.Gen.value_accuracy_best': '13.874'}
[E=6/40, S=10840] {'wandb': 'ReFT_small|gsm8k_python_sdp_galactica_125m_08', 'lr': '1.8947e-05', 'T.loss': '0.081818', 'Eval.Gen.value_accuracy_best': '13.874'}
[E=6/40, S=10850] {'wandb': 'ReFT_small|gsm8k_python_sdp_galactica_125m_08', 'lr': '1.8944e-05', 'T.loss': '0.096283', 'Eval.Gen.value_accuracy_best': '13.874'}
[E=6/40, S=10860] {'wandb': 'ReFT_small|gsm8k_python_sdp_galactica_125m_08', 'lr': '1.8941e-05', 'T.loss': '0.087296', 'Eval.Gen.value_accuracy_best': '13.874'}
[E=6/40, S=10870] {'wandb': 'ReFT_small|gsm8k_python_sdp_galactica_125m_08', 'lr': '1.8938e-05', 'T.loss': '0.10928', 'Eval.Gen.value_accuracy_best': '13.874'}
[E=6/40, S=10880] {'wandb': 'ReFT_small|gsm8k_python_sdp_galactica_125m_08', 'lr': '1.8935e-05', 'T.loss': '0.054138', 'Eval.Gen.value_accuracy_best': '13.874'}
[E=6/40, S=10890] {'wandb': 'ReFT_small|gsm8k_python_sdp_galactica_125m_08', 'lr': '1.8932e-05', 'T.loss': '0.099182', 'Eval.Gen.value_accuracy_best': '13.874'}
[E=6/40, S=10900] {'wandb': 'ReFT_small|gsm8k_python_sdp_galactica_125m_08', 'lr': '1.8929e-05', 'T.loss': '0.074127', 'Eval.Gen.value_accuracy_best': '13.874'}
[E=6/40, S=10910] {'wandb': 'ReFT_small|gsm8k_python_sdp_galactica_125m_08', 'lr': '1.8926e-05', 'T.loss': '0.11539', 'Eval.Gen.value_accuracy_best': '13.874'}
[E=6/40, S=10920] {'wandb': 'ReFT_small|gsm8k_python_sdp_galactica_125m_08', 'lr': '1.8923e-05', 'T.loss': '0.10197', 'Eval.Gen.value_accuracy_best': '13.874'}
[E=6/40, S=10930] {'wandb': 'ReFT_small|gsm8k_python_sdp_galactica_125m_08', 'lr': '1.892e-05', 'T.loss': '0.11023', 'Eval.Gen.value_accuracy_best': '13.874'}
[E=6/40, S=10940] {'wandb': 'ReFT_small|gsm8k_python_sdp_galactica_125m_08', 'lr': '1.8917e-05', 'T.loss': '0.073654', 'Eval.Gen.value_accuracy_best': '13.874'}
[E=6/40, S=10950] {'wandb': 'ReFT_small|gsm8k_python_sdp_galactica_125m_08', 'lr': '1.8914e-05', 'T.loss': '0.13544', 'Eval.Gen.value_accuracy_best': '13.874'}
[E=6/40, S=10960] {'wandb': 'ReFT_small|gsm8k_python_sdp_galactica_125m_08', 'lr': '1.8911e-05', 'T.loss': '0.09314', 'Eval.Gen.value_accuracy_best': '13.874'}
[E=6/40, S=10970] {'wandb': 'ReFT_small|gsm8k_python_sdp_galactica_125m_08', 'lr': '1.8908e-05', 'T.loss': '0.071503', 'Eval.Gen.value_accuracy_best': '13.874'}
[E=6/40, S=10980] {'wandb': 'ReFT_small|gsm8k_python_sdp_galactica_125m_08', 'lr': '1.8905e-05', 'T.loss': '0.10001', 'Eval.Gen.value_accuracy_best': '13.874'}
[E=6/40, S=10990] {'wandb': 'ReFT_small|gsm8k_python_sdp_galactica_125m_08', 'lr': '1.8902e-05', 'T.loss': '0.094116', 'Eval.Gen.value_accuracy_best': '13.874'}
[E=6/40, S=11000] {'wandb': 'ReFT_small|gsm8k_python_sdp_galactica_125m_08', 'lr': '1.8899e-05', 'T.loss': '0.091553', 'Eval.Gen.value_accuracy_best': '13.874'}
[E=6/40, S=11010] {'wandb': 'ReFT_small|gsm8k_python_sdp_galactica_125m_08', 'lr': '1.8896e-05', 'T.loss': '0.075958', 'Eval.Gen.value_accuracy_best': '13.874'}
[E=6/40, S=11020] {'wandb': 'ReFT_small|gsm8k_python_sdp_galactica_125m_08', 'lr': '1.8893e-05', 'T.loss': '0.12144', 'Eval.Gen.value_accuracy_best': '13.874'}
[E=6/40, S=11030] {'wandb': 'ReFT_small|gsm8k_python_sdp_galactica_125m_08', 'lr': '1.889e-05', 'T.loss': '0.1333', 'Eval.Gen.value_accuracy_best': '13.874'}
name 'eggs_per_day_total_price' is not defined
name 'glass_cost_total_percent_total' is not defined
local variable 'drive_distance_initial' referenced before assignment
name 'tree_cost_total' is not defined
local variable 'pineapple_drink_spilled' referenced before assignment
local variable 'raymond_age_later' referenced before assignment
name 'candle_melting_interval' is not defined
name 'raymond_jewels' is not defined
local variable 'days_per_week_with_hours' referenced before assignment
local variable 'dana_speed_total_in_6_hours' referenced before assignment
local variable 'distance_to_polly' referenced before assignment
name 'calories_needed' is not defined
local variable 'post_it_notes_after' referenced before assignment
name 'occupied_units' is not defined
local variable 'eggs_per_week' referenced before assignment
name 'car_tires_thursday' is not defined
local variable 'total_cost' referenced before assignment
local variable 'pension_after_40_percent' referenced before assignment
local variable 'miles_per_tank' referenced before assignment
local variable 'dance_classes_total_total' referenced before assignment
name 'top_level_level_square_footage' is not defined
invalid syntax (<string>, line 5)
invalid syntax (<string>, line 7)
name 'guests_per_guest' is not defined
local variable 'girls' referenced before assignment
name 'cars_driven_left' is not defined
name 'friend_4' is not defined
local variable 'glasses_per_weekend' referenced before assignment
invalid decimal literal (<string>, line 9)
local variable 'cookies_baked' referenced before assignment
local variable 'gas_price_after_cashback_after_cashback' referenced before assignment
invalid syntax (<string>, line 8)
name 'boards_price_sold_price' is not defined
local variable 'vehicles_added_day_3' referenced before assignment
local variable 'lylah_salary_after_increase' referenced before assignment
local variable 'julia_spoons_total' referenced before assignment
local variable 'bees_left_before_returning_3' referenced before assignment
name 'dave_before_stole_before' is not defined
name 'bananas_per_month' is not defined
name 'tadpoles_total_and_lily_pad_and_rock' is not defined
name 'money_spent_scanner_key' is not defined
invalid syntax (<string>, line 9)
local variable 'seconds_per_potato_per_second' referenced before assignment
name 'juan_gallons' is not defined
local variable 'expenses_donated' referenced before assignment
local variable 'team_1_size_per_leg_per_second' referenced before assignment
'[' was never closed (<string>, line 5)
local variable 'slices_used' referenced before assignment
local variable 'pens_per_bag' referenced before assignment
local variable 'customers_third_day' referenced before assignment
name 'small_pool_water_initial' is not defined
local variable 'months_after' referenced before assignment
local variable 'brianna_points' referenced before assignment
local variable 'total_cost' referenced before assignment
name 'cars_sell_price' is not defined
local variable 'penguins_jump_in' referenced before assignment
invalid syntax (<string>, line 10)
name 'pages_stopped' is not defined
invalid syntax (<string>, line 7)
name 'cows_in_total' is not defined
local variable 'section_weight_total_with_teeth' referenced before assignment
name 'cost_overdue' is not defined
local variable 'age_difference' referenced before assignment
name 'guests_per_cookie' is not defined
local variable 'total_price' referenced before assignment
local variable 'goal_minutes' referenced before assignment
local variable 'loaves_sold_afternoon' referenced before assignment
name 'days_added_extra_total_with_extra_leg' is not defined
local variable 'johanna_added' referenced before assignment
local variable 'old_records_left' referenced before assignment
local variable 'junior_programmers' referenced before assignment
local variable 'lollipops_eaten_afternoon' referenced before assignment
name 'job_a_net_payment' is not defined
name 'share_after_price_decrease' is not defined
invalid syntax (<string>, line 5)
local variable 'tyson_meters_per_month' referenced before assignment
invalid syntax (<string>, line 9)
division by zero
name 'treats_weeks_per_month' is not defined
invalid syntax (<string>, line 6)
name 'watts_per_hour' is not defined
name 'seashells_price_after_trinket' is not defined
name 'cookies_needed_per_dozen_needed' is not defined
name 'card_sale_cost' is not defined
local variable 'money_needed' referenced before assignment
local variable 'money_left' referenced before assignment
local variable 'onions_cost_per_box' referenced before assignment
name 'elizabeth_total_beads' is not defined
local variable 'temp_final' referenced before assignment
local variable 'total_cost' referenced before assignment
name 'eggs_loose' is not defined
name 'hours_difference' is not defined
local variable 'cans_earned' referenced before assignment
local variable 'leila_money_after' referenced before assignment
local variable 'baseball_cards_kept' referenced before assignment
name 'becky_price_discounted' is not defined
local variable 'pencils_left_after_four_months' referenced before assignment
invalid syntax (<string>, line 5)
local variable 'keegan_earnings_after' referenced before assignment
local variable 'oats_per_horse_per_day' referenced before assignment
name 'southlandia_hot_hot_hot_hot_hot_hot_hot_hot_hot_hot_hot_hot_hot_hot_hot_hot_hot_hot_hot_hot_hot_hot_hot_hot_hot_hot_hot_hot_hot_hot_hot_hot_hot_hot_hot_hot_hot_hot_hot_hot_hot_hot_hot_hot_hot_hot_hot_' is not defined
local variable 'total_potatoes' referenced before assignment
local variable 'calories_per_pound' referenced before assignment
name 'weeks' is not defined
name 'laps_per_lap' is not defined
local variable 'wool_total_with_socks' referenced before assignment
name 'kathy_strawberries_per_hour' is not defined
name 'total_red_tulips' is not defined
name 'kilowatts_initial' is not defined
local variable 'total_chairs' referenced before assignment
unmatched ')' (<string>, line 10)
name 'bottles_initial' is not defined
local variable 'buttons_four_holes' referenced before assignment
name 'liam_sold_price' is not defined
local variable 'roses_lost' referenced before assignment
name 'new_carpet_cost_after_removing' is not defined
local variable 'starting_value_plus_half' referenced before assignment
local variable 'temp_set_temp_target_percent' referenced before assignment
name 'jill_saturday_earnings' is not defined
name 'donuts_weight_lost' is not defined
local variable 'seats_needed' referenced before assignment
name 'croissants_needed' is not defined
local variable 'monica_street_cost_extra' referenced before assignment
name 'gallons_per_week' is not defined
name 'women' is not defined
invalid syntax (<string>, line 5)
local variable 'total_cost_per_orange' referenced before assignment
local variable 'dress_pants_cost' referenced before assignment
unmatched ')' (<string>, line 9)
name 'bags' is not defined
invalid syntax (<string>, line 12)
name 'bad_days_after' is not defined
local variable 'adam_points_missing' referenced before assignment
local variable 'fireworks_left' referenced before assignment
unmatched ')' (<string>, line 9)
name 'vanilla_ice_creams' is not defined
invalid syntax (<string>, line 9)
name 'computer_price_initial' is not defined
name 'cereal_boxes_this_week' is not defined
name 'chairs_sent' is not defined
name 'slices_per_pizza' is not defined
name 'dora_age_dora_age_twice_dora' is not defined
'[' was never closed (<string>, line 5)
name 'boris_apples_after' is not defined
name 'giant_cubes_used' is not defined
local variable 'jars_total' referenced before assignment
name 'basketball_players' is not defined
local variable 'card_value_per_card_more' referenced before assignment
name 'students_required' is not defined
name 'chairs_per_weekend' is not defined
local variable 'gunther_bananas_stolen' referenced before assignment
local variable 'glasses_total_returned' referenced before assignment
name 'playlists_per_playlist_hours' is not defined
name 'jack_total_cost' is not defined
local variable 'money_used' referenced before assignment
local variable 'hours_played_soccer' referenced before assignment
invalid syntax (<string>, line 7)
name 'discount_price' is not defined
local variable 'jeans_price_paid' referenced before assignment
name 'raise_per_hour' is not defined
name 'john_smss_after' is not defined
invalid syntax (<string>, line 8)
local variable 'oil_in_oil' referenced before assignment
name 'joe_cars_left' is not defined
local variable 'money_from_students' referenced before assignment
local variable 'tasks_per_day' referenced before assignment
local variable 'shipping_cost_after' referenced before assignment
name 'tiktok_minutes_per_month_with_4_weeks' is not defined
local variable 'savings_initial' referenced before assignment
name 'white_shirts_no_buttons' is not defined
name 'julieta_tip_per_customer' is not defined
name 'claire_badges_total' is not defined
local variable 'jello_cost' referenced before assignment
local variable 'selling_price' referenced before assignment
name 'micah_muffin' is not defined
local variable 'microphones_won_found' referenced before assignment
name 'whirligigig_speed_in_meters' is not defined
name 'child_meal_bowls' is not defined
name 'total_movies' is not defined
invalid syntax (<string>, line 7)
name 'ice_cream_cost' is not defined
local variable 'water_left_in_tank' referenced before assignment
local variable 'friday_saturday_cost_total' referenced before assignment
name 'normal_cinnamon_roll_calories_percent_times_blueberry_muffins' is not defined
name 'mom_balloons_total' is not defined
local variable 'people_total' referenced before assignment
local variable 'widgets_3000_more_per_month' referenced before assignment
local variable 'total_given_after_redeeming' referenced before assignment
local variable 'cds_sold_cost_discounted' referenced before assignment
name 'total_chips_per_person_with_3_people_with_2_people' is not defined
local variable 'num_episodes' referenced before assignment
local variable 'kids_price' referenced before assignment
name 'apple_pie_cost' is not defined
local variable 'bottles_needed_per_day' referenced before assignment
name 'flowers_cost' is not defined
local variable 'rose_needed_total' referenced before assignment
name 'num_minutes_saute' is not defined
local variable 'bill_age_comet_age_difference' referenced before assignment
local variable 'helene_age_total' referenced before assignment
name 'hours_initial_per_day_with_insurance' is not defined
local variable 'students_under_16_male' referenced before assignment
local variable 'quinn_laps_more' referenced before assignment
name 'tips_downpayment_percent' is not defined
local variable 'total_mowing_with_tax' referenced before assignment
local variable 'carrots_after_3_years' referenced before assignment
local variable 'difficult_questions_hard' referenced before assignment
name 'new_bedroom_total' is not defined
name 'green_balloons_burst' is not defined
local variable 'tomorrow_extension_count' referenced before assignment
local variable 'amor_price' referenced before assignment
local variable 'years_after' referenced before assignment
local variable 'distance_to_sunday' referenced before assignment
invalid decimal literal (<string>, line 6)
name 'emails_required' is not defined
local variable 'pounds_to_buy_on' referenced before assignment
local variable 'cost_saved' referenced before assignment
invalid syntax (<string>, line 6)
local variable 'weekly_minutes' referenced before assignment
name 'starting_height_initial' is not defined
name 'ellen_sodas' is not defined
local variable 'days_at_april_discount' referenced before assignment
name 'second_slide_distance' is not defined
local variable 'merchandise_returned_after' referenced before assignment
local variable 'salary_after_retirement' referenced before assignment
local variable 'coupon_amount' referenced before assignment
name 'female_fishery' is not defined
local variable 'toys_needed' referenced before assignment
name 'kory_dog_weight_total_in_pounds' is not defined
invalid syntax (<string>, line 9)
invalid syntax (<string>, line 6)
local variable 'total_saved_remaining' referenced before assignment
name 'eggs_added' is not defined
name 'women_on_bus' is not defined
name 'total_picture_scenes_per_day' is not defined
name 'avocado_tree_fruits_after_10th_year_more_than_10th_year_more_than_10th_year_more_than_10th_year_more_than_10th_year_more_than_10th_year_more_than_10th_year_more_than_10th_year_more_than_10th_year_more' is not defined
name 'pints_per_paint' is not defined
name 'bills_after_after_after_loss' is not defined
local variable 'team_a_goals_second_half' referenced before assignment
local variable 'milk_sold_refund' referenced before assignment
local variable 'apples_left' referenced before assignment
name 'pizza_slices_pizza' is not defined
local variable 'snowballs_needed' referenced before assignment
invalid decimal literal (<string>, line 7)
name 'bandages_ordered_day_2' is not defined
name 'hours_per_april' is not defined
name 'laundry_emptied_dishwasher' is not defined
local variable 'people_total' referenced before assignment
local variable 'total_pens_with_black_pens' referenced before assignment
invalid syntax (<string>, line 5)
local variable 'total_cost' referenced before assignment
name 'ali_classes' is not defined
name 'bus_first_stop_first_station_first_station_first_station_first_station_first_station_first_station_first_station_first_station_first_station_first_station_first_station_first_station_first_station_fir' is not defined
local variable 'visits_added' referenced before assignment
local variable 'call_cost_after_36' referenced before assignment
name 'kim_paintings' is not defined
division by zero
name 'candles_total_half_room_total' is not defined
local variable 'new_time' referenced before assignment
local variable 'plants_total_water' referenced before assignment
name 'people_second_day' is not defined
local variable 'lemons_added' referenced before assignment
local variable 'mia_age_average' referenced before assignment
name 'bowl_num' is not defined
name 'children_first_street' is not defined
invalid syntax (<string>, line 5)
local variable 'chores_added' referenced before assignment
name 'total_cost' is not defined
unindent does not match any outer indentation level (<string>, line 5)
invalid syntax (<string>, line 6)
name 'test_tubes_per_tube' is not defined
name 'sarah_raised' is not defined
[Eval Info] value_accuracy: 17.437%
[E=6/40, S=11034] {'wandb': 'ReFT_small|gsm8k_python_sdp_galactica_125m_08', 'lr': '1.8889e-05', 'T.loss': '0.068481', 'Eval.Gen.value_accuracy': '17.437', 'Eval.Gen.value_accuracy_best': '17.437'}
[E=7/40, S=11040] {'wandb': 'ReFT_small|gsm8k_python_sdp_galactica_125m_08', 'lr': '1.8887e-05', 'T.loss': '0.080353', 'Eval.Gen.value_accuracy_best': '17.437'}
[E=7/40, S=11050] {'wandb': 'ReFT_small|gsm8k_python_sdp_galactica_125m_08', 'lr': '1.8884e-05', 'T.loss': '0.097656', 'Eval.Gen.value_accuracy_best': '17.437'}
[E=7/40, S=11060] {'wandb': 'ReFT_small|gsm8k_python_sdp_galactica_125m_08', 'lr': '1.8881e-05', 'T.loss': '0.062958', 'Eval.Gen.value_accuracy_best': '17.437'}
[E=7/40, S=11070] {'wandb': 'ReFT_small|gsm8k_python_sdp_galactica_125m_08', 'lr': '1.8878e-05', 'T.loss': '0.060272', 'Eval.Gen.value_accuracy_best': '17.437'}
[E=7/40, S=11080] {'wandb': 'ReFT_small|gsm8k_python_sdp_galactica_125m_08', 'lr': '1.8875e-05', 'T.loss': '0.091095', 'Eval.Gen.value_accuracy_best': '17.437'}
[E=7/40, S=11090] {'wandb': 'ReFT_small|gsm8k_python_sdp_galactica_125m_08', 'lr': '1.8872e-05', 'T.loss': '0.086761', 'Eval.Gen.value_accuracy_best': '17.437'}
[E=7/40, S=11100] {'wandb': 'ReFT_small|gsm8k_python_sdp_galactica_125m_08', 'lr': '1.8869e-05', 'T.loss': '0.064957', 'Eval.Gen.value_accuracy_best': '17.437'}
[E=7/40, S=11110] {'wandb': 'ReFT_small|gsm8k_python_sdp_galactica_125m_08', 'lr': '1.8866e-05', 'T.loss': '0.085983', 'Eval.Gen.value_accuracy_best': '17.437'}
[E=7/40, S=11120] {'wandb': 'ReFT_small|gsm8k_python_sdp_galactica_125m_08', 'lr': '1.8863e-05', 'T.loss': '0.057541', 'Eval.Gen.value_accuracy_best': '17.437'}
[E=7/40, S=11130] {'wandb': 'ReFT_small|gsm8k_python_sdp_galactica_125m_08', 'lr': '1.886e-05', 'T.loss': '0.056213', 'Eval.Gen.value_accuracy_best': '17.437'}
[E=7/40, S=11140] {'wandb': 'ReFT_small|gsm8k_python_sdp_galactica_125m_08', 'lr': '1.8857e-05', 'T.loss': '0.091248', 'Eval.Gen.value_accuracy_best': '17.437'}
[E=7/40, S=11150] {'wandb': 'ReFT_small|gsm8k_python_sdp_galactica_125m_08', 'lr': '1.8854e-05', 'T.loss': '0.035202', 'Eval.Gen.value_accuracy_best': '17.437'}
[E=7/40, S=11160] {'wandb': 'ReFT_small|gsm8k_python_sdp_galactica_125m_08', 'lr': '1.8851e-05', 'T.loss': '0.094971', 'Eval.Gen.value_accuracy_best': '17.437'}
[E=7/40, S=11170] {'wandb': 'ReFT_small|gsm8k_python_sdp_galactica_125m_08', 'lr': '1.8848e-05', 'T.loss': '0.048645', 'Eval.Gen.value_accuracy_best': '17.437'}
[E=7/40, S=11180] {'wandb': 'ReFT_small|gsm8k_python_sdp_galactica_125m_08', 'lr': '1.8845e-05', 'T.loss': '0.075653', 'Eval.Gen.value_accuracy_best': '17.437'}
[E=7/40, S=11190] {'wandb': 'ReFT_small|gsm8k_python_sdp_galactica_125m_08', 'lr': '1.8842e-05', 'T.loss': '0.047195', 'Eval.Gen.value_accuracy_best': '17.437'}
[E=7/40, S=11200] {'wandb': 'ReFT_small|gsm8k_python_sdp_galactica_125m_08', 'lr': '1.8839e-05', 'T.loss': '0.060745', 'Eval.Gen.value_accuracy_best': '17.437'}
[E=7/40, S=11210] {'wandb': 'ReFT_small|gsm8k_python_sdp_galactica_125m_08', 'lr': '1.8836e-05', 'T.loss': '0.064697', 'Eval.Gen.value_accuracy_best': '17.437'}
[E=7/40, S=11220] {'wandb': 'ReFT_small|gsm8k_python_sdp_galactica_125m_08', 'lr': '1.8833e-05', 'T.loss': '0.058426', 'Eval.Gen.value_accuracy_best': '17.437'}
[E=7/40, S=11230] {'wandb': 'ReFT_small|gsm8k_python_sdp_galactica_125m_08', 'lr': '1.883e-05', 'T.loss': '0.06723', 'Eval.Gen.value_accuracy_best': '17.437'}
[E=7/40, S=11240] {'wandb': 'ReFT_small|gsm8k_python_sdp_galactica_125m_08', 'lr': '1.8827e-05', 'T.loss': '0.095032', 'Eval.Gen.value_accuracy_best': '17.437'}
[E=7/40, S=11250] {'wandb': 'ReFT_small|gsm8k_python_sdp_galactica_125m_08', 'lr': '1.8824e-05', 'T.loss': '0.065216', 'Eval.Gen.value_accuracy_best': '17.437'}
[E=7/40, S=11260] {'wandb': 'ReFT_small|gsm8k_python_sdp_galactica_125m_08', 'lr': '1.8821e-05', 'T.loss': '0.060379', 'Eval.Gen.value_accuracy_best': '17.437'}
[E=7/40, S=11270] {'wandb': 'ReFT_small|gsm8k_python_sdp_galactica_125m_08', 'lr': '1.8818e-05', 'T.loss': '0.083252', 'Eval.Gen.value_accuracy_best': '17.437'}
[E=7/40, S=11280] {'wandb': 'ReFT_small|gsm8k_python_sdp_galactica_125m_08', 'lr': '1.8815e-05', 'T.loss': '0.07132', 'Eval.Gen.value_accuracy_best': '17.437'}
[E=7/40, S=11290] {'wandb': 'ReFT_small|gsm8k_python_sdp_galactica_125m_08', 'lr': '1.8812e-05', 'T.loss': '0.056946', 'Eval.Gen.value_accuracy_best': '17.437'}
[E=7/40, S=11300] {'wandb': 'ReFT_small|gsm8k_python_sdp_galactica_125m_08', 'lr': '1.8809e-05', 'T.loss': '0.057922', 'Eval.Gen.value_accuracy_best': '17.437'}
[E=7/40, S=11310] {'wandb': 'ReFT_small|gsm8k_python_sdp_galactica_125m_08', 'lr': '1.8806e-05', 'T.loss': '0.076569', 'Eval.Gen.value_accuracy_best': '17.437'}
[E=7/40, S=11320] {'wandb': 'ReFT_small|gsm8k_python_sdp_galactica_125m_08', 'lr': '1.8802e-05', 'T.loss': '0.098083', 'Eval.Gen.value_accuracy_best': '17.437'}
[E=7/40, S=11330] {'wandb': 'ReFT_small|gsm8k_python_sdp_galactica_125m_08', 'lr': '1.8799e-05', 'T.loss': '0.080627', 'Eval.Gen.value_accuracy_best': '17.437'}
[E=7/40, S=11340] {'wandb': 'ReFT_small|gsm8k_python_sdp_galactica_125m_08', 'lr': '1.8796e-05', 'T.loss': '0.085632', 'Eval.Gen.value_accuracy_best': '17.437'}
[E=7/40, S=11350] {'wandb': 'ReFT_small|gsm8k_python_sdp_galactica_125m_08', 'lr': '1.8793e-05', 'T.loss': '0.081024', 'Eval.Gen.value_accuracy_best': '17.437'}
[E=7/40, S=11360] {'wandb': 'ReFT_small|gsm8k_python_sdp_galactica_125m_08', 'lr': '1.879e-05', 'T.loss': '0.09613', 'Eval.Gen.value_accuracy_best': '17.437'}
[E=7/40, S=11370] {'wandb': 'ReFT_small|gsm8k_python_sdp_galactica_125m_08', 'lr': '1.8787e-05', 'T.loss': '0.052856', 'Eval.Gen.value_accuracy_best': '17.437'}
[E=7/40, S=11380] {'wandb': 'ReFT_small|gsm8k_python_sdp_galactica_125m_08', 'lr': '1.8784e-05', 'T.loss': '0.10028', 'Eval.Gen.value_accuracy_best': '17.437'}
[E=7/40, S=11390] {'wandb': 'ReFT_small|gsm8k_python_sdp_galactica_125m_08', 'lr': '1.8781e-05', 'T.loss': '0.057388', 'Eval.Gen.value_accuracy_best': '17.437'}
[E=7/40, S=11400] {'wandb': 'ReFT_small|gsm8k_python_sdp_galactica_125m_08', 'lr': '1.8778e-05', 'T.loss': '0.075958', 'Eval.Gen.value_accuracy_best': '17.437'}
[E=7/40, S=11410] {'wandb': 'ReFT_small|gsm8k_python_sdp_galactica_125m_08', 'lr': '1.8775e-05', 'T.loss': '0.09565', 'Eval.Gen.value_accuracy_best': '17.437'}
[E=7/40, S=11420] {'wandb': 'ReFT_small|gsm8k_python_sdp_galactica_125m_08', 'lr': '1.8772e-05', 'T.loss': '0.073914', 'Eval.Gen.value_accuracy_best': '17.437'}
[E=7/40, S=11430] {'wandb': 'ReFT_small|gsm8k_python_sdp_galactica_125m_08', 'lr': '1.8769e-05', 'T.loss': '0.057114', 'Eval.Gen.value_accuracy_best': '17.437'}
[E=7/40, S=11440] {'wandb': 'ReFT_small|gsm8k_python_sdp_galactica_125m_08', 'lr': '1.8766e-05', 'T.loss': '0.083542', 'Eval.Gen.value_accuracy_best': '17.437'}
[E=7/40, S=11450] {'wandb': 'ReFT_small|gsm8k_python_sdp_galactica_125m_08', 'lr': '1.8763e-05', 'T.loss': '0.10156', 'Eval.Gen.value_accuracy_best': '17.437'}
[E=7/40, S=11460] {'wandb': 'ReFT_small|gsm8k_python_sdp_galactica_125m_08', 'lr': '1.876e-05', 'T.loss': '0.045189', 'Eval.Gen.value_accuracy_best': '17.437'}
[E=7/40, S=11470] {'wandb': 'ReFT_small|gsm8k_python_sdp_galactica_125m_08', 'lr': '1.8757e-05', 'T.loss': '0.083389', 'Eval.Gen.value_accuracy_best': '17.437'}
[E=7/40, S=11480] {'wandb': 'ReFT_small|gsm8k_python_sdp_galactica_125m_08', 'lr': '1.8754e-05', 'T.loss': '0.084351', 'Eval.Gen.value_accuracy_best': '17.437'}
[E=7/40, S=11490] {'wandb': 'ReFT_small|gsm8k_python_sdp_galactica_125m_08', 'lr': '1.8751e-05', 'T.loss': '0.061798', 'Eval.Gen.value_accuracy_best': '17.437'}
[E=7/40, S=11500] {'wandb': 'ReFT_small|gsm8k_python_sdp_galactica_125m_08', 'lr': '1.8748e-05', 'T.loss': '0.12363', 'Eval.Gen.value_accuracy_best': '17.437'}
[2025-06-05 19:35:03,859] [INFO] [loss_scaler.py:183:update_scale] [deepspeed] OVERFLOW! Rank 0 Skipping step. Attempted loss scale: 65536, reducing to 32768
[E=7/40, S=11510] {'wandb': 'ReFT_small|gsm8k_python_sdp_galactica_125m_08', 'lr': '1.8745e-05', 'T.loss': '0.080872', 'Eval.Gen.value_accuracy_best': '17.437'}
[E=7/40, S=11520] {'wandb': 'ReFT_small|gsm8k_python_sdp_galactica_125m_08', 'lr': '1.8742e-05', 'T.loss': '0.056046', 'Eval.Gen.value_accuracy_best': '17.437'}
[E=7/40, S=11530] {'wandb': 'ReFT_small|gsm8k_python_sdp_galactica_125m_08', 'lr': '1.8739e-05', 'T.loss': '0.091522', 'Eval.Gen.value_accuracy_best': '17.437'}
[E=7/40, S=11540] {'wandb': 'ReFT_small|gsm8k_python_sdp_galactica_125m_08', 'lr': '1.8736e-05', 'T.loss': '0.04129', 'Eval.Gen.value_accuracy_best': '17.437'}
[E=7/40, S=11550] {'wandb': 'ReFT_small|gsm8k_python_sdp_galactica_125m_08', 'lr': '1.8733e-05', 'T.loss': '0.10989', 'Eval.Gen.value_accuracy_best': '17.437'}
[E=7/40, S=11560] {'wandb': 'ReFT_small|gsm8k_python_sdp_galactica_125m_08', 'lr': '1.873e-05', 'T.loss': '0.064812', 'Eval.Gen.value_accuracy_best': '17.437'}
[E=7/40, S=11570] {'wandb': 'ReFT_small|gsm8k_python_sdp_galactica_125m_08', 'lr': '1.8727e-05', 'T.loss': '0.12445', 'Eval.Gen.value_accuracy_best': '17.437'}
[E=7/40, S=11580] {'wandb': 'ReFT_small|gsm8k_python_sdp_galactica_125m_08', 'lr': '1.8724e-05', 'T.loss': '0.0961', 'Eval.Gen.value_accuracy_best': '17.437'}
[E=7/40, S=11590] {'wandb': 'ReFT_small|gsm8k_python_sdp_galactica_125m_08', 'lr': '1.8721e-05', 'T.loss': '0.074554', 'Eval.Gen.value_accuracy_best': '17.437'}
[E=7/40, S=11600] {'wandb': 'ReFT_small|gsm8k_python_sdp_galactica_125m_08', 'lr': '1.8718e-05', 'T.loss': '0.071747', 'Eval.Gen.value_accuracy_best': '17.437'}
[E=7/40, S=11610] {'wandb': 'ReFT_small|gsm8k_python_sdp_galactica_125m_08', 'lr': '1.8715e-05', 'T.loss': '0.060059', 'Eval.Gen.value_accuracy_best': '17.437'}
[E=7/40, S=11620] {'wandb': 'ReFT_small|gsm8k_python_sdp_galactica_125m_08', 'lr': '1.8712e-05', 'T.loss': '0.080383', 'Eval.Gen.value_accuracy_best': '17.437'}
[E=7/40, S=11630] {'wandb': 'ReFT_small|gsm8k_python_sdp_galactica_125m_08', 'lr': '1.8709e-05', 'T.loss': '0.088501', 'Eval.Gen.value_accuracy_best': '17.437'}
[E=7/40, S=11640] {'wandb': 'ReFT_small|gsm8k_python_sdp_galactica_125m_08', 'lr': '1.8706e-05', 'T.loss': '0.082367', 'Eval.Gen.value_accuracy_best': '17.437'}
[E=7/40, S=11650] {'wandb': 'ReFT_small|gsm8k_python_sdp_galactica_125m_08', 'lr': '1.8703e-05', 'T.loss': '0.069641', 'Eval.Gen.value_accuracy_best': '17.437'}
[E=7/40, S=11660] {'wandb': 'ReFT_small|gsm8k_python_sdp_galactica_125m_08', 'lr': '1.87e-05', 'T.loss': '0.049133', 'Eval.Gen.value_accuracy_best': '17.437'}
[E=7/40, S=11670] {'wandb': 'ReFT_small|gsm8k_python_sdp_galactica_125m_08', 'lr': '1.8697e-05', 'T.loss': '0.073334', 'Eval.Gen.value_accuracy_best': '17.437'}
[E=7/40, S=11680] {'wandb': 'ReFT_small|gsm8k_python_sdp_galactica_125m_08', 'lr': '1.8694e-05', 'T.loss': '0.085388', 'Eval.Gen.value_accuracy_best': '17.437'}
[E=7/40, S=11690] {'wandb': 'ReFT_small|gsm8k_python_sdp_galactica_125m_08', 'lr': '1.8691e-05', 'T.loss': '0.092529', 'Eval.Gen.value_accuracy_best': '17.437'}
[E=7/40, S=11700] {'wandb': 'ReFT_small|gsm8k_python_sdp_galactica_125m_08', 'lr': '1.8688e-05', 'T.loss': '0.082886', 'Eval.Gen.value_accuracy_best': '17.437'}
[E=7/40, S=11710] {'wandb': 'ReFT_small|gsm8k_python_sdp_galactica_125m_08', 'lr': '1.8685e-05', 'T.loss': '0.093536', 'Eval.Gen.value_accuracy_best': '17.437'}
[E=7/40, S=11720] {'wandb': 'ReFT_small|gsm8k_python_sdp_galactica_125m_08', 'lr': '1.8682e-05', 'T.loss': '0.092285', 'Eval.Gen.value_accuracy_best': '17.437'}
[E=7/40, S=11730] {'wandb': 'ReFT_small|gsm8k_python_sdp_galactica_125m_08', 'lr': '1.8679e-05', 'T.loss': '0.050995', 'Eval.Gen.value_accuracy_best': '17.437'}
[E=7/40, S=11740] {'wandb': 'ReFT_small|gsm8k_python_sdp_galactica_125m_08', 'lr': '1.8676e-05', 'T.loss': '0.081055', 'Eval.Gen.value_accuracy_best': '17.437'}
[E=7/40, S=11750] {'wandb': 'ReFT_small|gsm8k_python_sdp_galactica_125m_08', 'lr': '1.8673e-05', 'T.loss': '0.095245', 'Eval.Gen.value_accuracy_best': '17.437'}
[E=7/40, S=11760] {'wandb': 'ReFT_small|gsm8k_python_sdp_galactica_125m_08', 'lr': '1.867e-05', 'T.loss': '0.098053', 'Eval.Gen.value_accuracy_best': '17.437'}
[E=7/40, S=11770] {'wandb': 'ReFT_small|gsm8k_python_sdp_galactica_125m_08', 'lr': '1.8667e-05', 'T.loss': '0.056274', 'Eval.Gen.value_accuracy_best': '17.437'}
[E=7/40, S=11780] {'wandb': 'ReFT_small|gsm8k_python_sdp_galactica_125m_08', 'lr': '1.8664e-05', 'T.loss': '0.072403', 'Eval.Gen.value_accuracy_best': '17.437'}
[E=7/40, S=11790] {'wandb': 'ReFT_small|gsm8k_python_sdp_galactica_125m_08', 'lr': '1.8661e-05', 'T.loss': '0.05191', 'Eval.Gen.value_accuracy_best': '17.437'}
[E=7/40, S=11800] {'wandb': 'ReFT_small|gsm8k_python_sdp_galactica_125m_08', 'lr': '1.8657e-05', 'T.loss': '0.093384', 'Eval.Gen.value_accuracy_best': '17.437'}
[E=7/40, S=11810] {'wandb': 'ReFT_small|gsm8k_python_sdp_galactica_125m_08', 'lr': '1.8654e-05', 'T.loss': '0.06311', 'Eval.Gen.value_accuracy_best': '17.437'}
[E=7/40, S=11820] {'wandb': 'ReFT_small|gsm8k_python_sdp_galactica_125m_08', 'lr': '1.8651e-05', 'T.loss': '0.14746', 'Eval.Gen.value_accuracy_best': '17.437'}
[E=7/40, S=11830] {'wandb': 'ReFT_small|gsm8k_python_sdp_galactica_125m_08', 'lr': '1.8648e-05', 'T.loss': '0.070847', 'Eval.Gen.value_accuracy_best': '17.437'}
[E=7/40, S=11840] {'wandb': 'ReFT_small|gsm8k_python_sdp_galactica_125m_08', 'lr': '1.8645e-05', 'T.loss': '0.077454', 'Eval.Gen.value_accuracy_best': '17.437'}
[E=7/40, S=11850] {'wandb': 'ReFT_small|gsm8k_python_sdp_galactica_125m_08', 'lr': '1.8642e-05', 'T.loss': '0.078049', 'Eval.Gen.value_accuracy_best': '17.437'}
[E=7/40, S=11860] {'wandb': 'ReFT_small|gsm8k_python_sdp_galactica_125m_08', 'lr': '1.8639e-05', 'T.loss': '0.067917', 'Eval.Gen.value_accuracy_best': '17.437'}
[E=7/40, S=11870] {'wandb': 'ReFT_small|gsm8k_python_sdp_galactica_125m_08', 'lr': '1.8636e-05', 'T.loss': '0.076019', 'Eval.Gen.value_accuracy_best': '17.437'}
[E=7/40, S=11880] {'wandb': 'ReFT_small|gsm8k_python_sdp_galactica_125m_08', 'lr': '1.8633e-05', 'T.loss': '0.04921', 'Eval.Gen.value_accuracy_best': '17.437'}
[E=7/40, S=11890] {'wandb': 'ReFT_small|gsm8k_python_sdp_galactica_125m_08', 'lr': '1.863e-05', 'T.loss': '0.10394', 'Eval.Gen.value_accuracy_best': '17.437'}
[E=7/40, S=11900] {'wandb': 'ReFT_small|gsm8k_python_sdp_galactica_125m_08', 'lr': '1.8627e-05', 'T.loss': '0.075226', 'Eval.Gen.value_accuracy_best': '17.437'}
[E=7/40, S=11910] {'wandb': 'ReFT_small|gsm8k_python_sdp_galactica_125m_08', 'lr': '1.8624e-05', 'T.loss': '0.087616', 'Eval.Gen.value_accuracy_best': '17.437'}
[E=7/40, S=11920] {'wandb': 'ReFT_small|gsm8k_python_sdp_galactica_125m_08', 'lr': '1.8621e-05', 'T.loss': '0.06691', 'Eval.Gen.value_accuracy_best': '17.437'}
[E=7/40, S=11930] {'wandb': 'ReFT_small|gsm8k_python_sdp_galactica_125m_08', 'lr': '1.8618e-05', 'T.loss': '0.052872', 'Eval.Gen.value_accuracy_best': '17.437'}
[E=7/40, S=11940] {'wandb': 'ReFT_small|gsm8k_python_sdp_galactica_125m_08', 'lr': '1.8615e-05', 'T.loss': '0.084808', 'Eval.Gen.value_accuracy_best': '17.437'}
[E=7/40, S=11950] {'wandb': 'ReFT_small|gsm8k_python_sdp_galactica_125m_08', 'lr': '1.8612e-05', 'T.loss': '0.061256', 'Eval.Gen.value_accuracy_best': '17.437'}
[E=7/40, S=11960] {'wandb': 'ReFT_small|gsm8k_python_sdp_galactica_125m_08', 'lr': '1.8609e-05', 'T.loss': '0.042175', 'Eval.Gen.value_accuracy_best': '17.437'}
[E=7/40, S=11970] {'wandb': 'ReFT_small|gsm8k_python_sdp_galactica_125m_08', 'lr': '1.8606e-05', 'T.loss': '0.061447', 'Eval.Gen.value_accuracy_best': '17.437'}
[E=7/40, S=11980] {'wandb': 'ReFT_small|gsm8k_python_sdp_galactica_125m_08', 'lr': '1.8603e-05', 'T.loss': '0.059494', 'Eval.Gen.value_accuracy_best': '17.437'}
[E=7/40, S=11990] {'wandb': 'ReFT_small|gsm8k_python_sdp_galactica_125m_08', 'lr': '1.86e-05', 'T.loss': '0.079071', 'Eval.Gen.value_accuracy_best': '17.437'}
[E=7/40, S=12000] {'wandb': 'ReFT_small|gsm8k_python_sdp_galactica_125m_08', 'lr': '1.8597e-05', 'T.loss': '0.054001', 'Eval.Gen.value_accuracy_best': '17.437'}
[E=7/40, S=12010] {'wandb': 'ReFT_small|gsm8k_python_sdp_galactica_125m_08', 'lr': '1.8594e-05', 'T.loss': '0.12155', 'Eval.Gen.value_accuracy_best': '17.437'}
[E=7/40, S=12020] {'wandb': 'ReFT_small|gsm8k_python_sdp_galactica_125m_08', 'lr': '1.8591e-05', 'T.loss': '0.068207', 'Eval.Gen.value_accuracy_best': '17.437'}
[E=7/40, S=12030] {'wandb': 'ReFT_small|gsm8k_python_sdp_galactica_125m_08', 'lr': '1.8588e-05', 'T.loss': '0.054352', 'Eval.Gen.value_accuracy_best': '17.437'}
[E=7/40, S=12040] {'wandb': 'ReFT_small|gsm8k_python_sdp_galactica_125m_08', 'lr': '1.8585e-05', 'T.loss': '0.10034', 'Eval.Gen.value_accuracy_best': '17.437'}
[E=7/40, S=12050] {'wandb': 'ReFT_small|gsm8k_python_sdp_galactica_125m_08', 'lr': '1.8582e-05', 'T.loss': '0.086487', 'Eval.Gen.value_accuracy_best': '17.437'}
[E=7/40, S=12060] {'wandb': 'ReFT_small|gsm8k_python_sdp_galactica_125m_08', 'lr': '1.8579e-05', 'T.loss': '0.072144', 'Eval.Gen.value_accuracy_best': '17.437'}
[E=7/40, S=12070] {'wandb': 'ReFT_small|gsm8k_python_sdp_galactica_125m_08', 'lr': '1.8576e-05', 'T.loss': '0.078064', 'Eval.Gen.value_accuracy_best': '17.437'}
[E=7/40, S=12080] {'wandb': 'ReFT_small|gsm8k_python_sdp_galactica_125m_08', 'lr': '1.8573e-05', 'T.loss': '0.067566', 'Eval.Gen.value_accuracy_best': '17.437'}
[E=7/40, S=12090] {'wandb': 'ReFT_small|gsm8k_python_sdp_galactica_125m_08', 'lr': '1.857e-05', 'T.loss': '0.084808', 'Eval.Gen.value_accuracy_best': '17.437'}
[E=7/40, S=12100] {'wandb': 'ReFT_small|gsm8k_python_sdp_galactica_125m_08', 'lr': '1.8567e-05', 'T.loss': '0.10709', 'Eval.Gen.value_accuracy_best': '17.437'}
[E=7/40, S=12110] {'wandb': 'ReFT_small|gsm8k_python_sdp_galactica_125m_08', 'lr': '1.8564e-05', 'T.loss': '0.088959', 'Eval.Gen.value_accuracy_best': '17.437'}
[E=7/40, S=12120] {'wandb': 'ReFT_small|gsm8k_python_sdp_galactica_125m_08', 'lr': '1.8561e-05', 'T.loss': '0.091766', 'Eval.Gen.value_accuracy_best': '17.437'}
[E=7/40, S=12130] {'wandb': 'ReFT_small|gsm8k_python_sdp_galactica_125m_08', 'lr': '1.8558e-05', 'T.loss': '0.080353', 'Eval.Gen.value_accuracy_best': '17.437'}
[E=7/40, S=12140] {'wandb': 'ReFT_small|gsm8k_python_sdp_galactica_125m_08', 'lr': '1.8555e-05', 'T.loss': '0.07814', 'Eval.Gen.value_accuracy_best': '17.437'}
[E=7/40, S=12150] {'wandb': 'ReFT_small|gsm8k_python_sdp_galactica_125m_08', 'lr': '1.8552e-05', 'T.loss': '0.095673', 'Eval.Gen.value_accuracy_best': '17.437'}
[E=7/40, S=12160] {'wandb': 'ReFT_small|gsm8k_python_sdp_galactica_125m_08', 'lr': '1.8549e-05', 'T.loss': '0.053513', 'Eval.Gen.value_accuracy_best': '17.437'}
[E=7/40, S=12170] {'wandb': 'ReFT_small|gsm8k_python_sdp_galactica_125m_08', 'lr': '1.8546e-05', 'T.loss': '0.096802', 'Eval.Gen.value_accuracy_best': '17.437'}
[E=7/40, S=12180] {'wandb': 'ReFT_small|gsm8k_python_sdp_galactica_125m_08', 'lr': '1.8543e-05', 'T.loss': '0.060455', 'Eval.Gen.value_accuracy_best': '17.437'}
[E=7/40, S=12190] {'wandb': 'ReFT_small|gsm8k_python_sdp_galactica_125m_08', 'lr': '1.854e-05', 'T.loss': '0.069763', 'Eval.Gen.value_accuracy_best': '17.437'}
[E=7/40, S=12200] {'wandb': 'ReFT_small|gsm8k_python_sdp_galactica_125m_08', 'lr': '1.8537e-05', 'T.loss': '0.081146', 'Eval.Gen.value_accuracy_best': '17.437'}
[E=7/40, S=12210] {'wandb': 'ReFT_small|gsm8k_python_sdp_galactica_125m_08', 'lr': '1.8534e-05', 'T.loss': '0.071579', 'Eval.Gen.value_accuracy_best': '17.437'}
[E=7/40, S=12220] {'wandb': 'ReFT_small|gsm8k_python_sdp_galactica_125m_08', 'lr': '1.8531e-05', 'T.loss': '0.079895', 'Eval.Gen.value_accuracy_best': '17.437'}
[E=7/40, S=12230] {'wandb': 'ReFT_small|gsm8k_python_sdp_galactica_125m_08', 'lr': '1.8528e-05', 'T.loss': '0.076477', 'Eval.Gen.value_accuracy_best': '17.437'}
[E=7/40, S=12240] {'wandb': 'ReFT_small|gsm8k_python_sdp_galactica_125m_08', 'lr': '1.8525e-05', 'T.loss': '0.12067', 'Eval.Gen.value_accuracy_best': '17.437'}
[E=7/40, S=12250] {'wandb': 'ReFT_small|gsm8k_python_sdp_galactica_125m_08', 'lr': '1.8522e-05', 'T.loss': '0.092773', 'Eval.Gen.value_accuracy_best': '17.437'}
[E=7/40, S=12260] {'wandb': 'ReFT_small|gsm8k_python_sdp_galactica_125m_08', 'lr': '1.8519e-05', 'T.loss': '0.086243', 'Eval.Gen.value_accuracy_best': '17.437'}
[E=7/40, S=12270] {'wandb': 'ReFT_small|gsm8k_python_sdp_galactica_125m_08', 'lr': '1.8515e-05', 'T.loss': '0.079086', 'Eval.Gen.value_accuracy_best': '17.437'}
[E=7/40, S=12280] {'wandb': 'ReFT_small|gsm8k_python_sdp_galactica_125m_08', 'lr': '1.8512e-05', 'T.loss': '0.085266', 'Eval.Gen.value_accuracy_best': '17.437'}
[E=7/40, S=12290] {'wandb': 'ReFT_small|gsm8k_python_sdp_galactica_125m_08', 'lr': '1.8509e-05', 'T.loss': '0.092834', 'Eval.Gen.value_accuracy_best': '17.437'}
[E=7/40, S=12300] {'wandb': 'ReFT_small|gsm8k_python_sdp_galactica_125m_08', 'lr': '1.8506e-05', 'T.loss': '0.095337', 'Eval.Gen.value_accuracy_best': '17.437'}
[E=7/40, S=12310] {'wandb': 'ReFT_small|gsm8k_python_sdp_galactica_125m_08', 'lr': '1.8503e-05', 'T.loss': '0.066742', 'Eval.Gen.value_accuracy_best': '17.437'}
[E=7/40, S=12320] {'wandb': 'ReFT_small|gsm8k_python_sdp_galactica_125m_08', 'lr': '1.85e-05', 'T.loss': '0.070679', 'Eval.Gen.value_accuracy_best': '17.437'}
[E=7/40, S=12330] {'wandb': 'ReFT_small|gsm8k_python_sdp_galactica_125m_08', 'lr': '1.8497e-05', 'T.loss': '0.12314', 'Eval.Gen.value_accuracy_best': '17.437'}
[E=7/40, S=12340] {'wandb': 'ReFT_small|gsm8k_python_sdp_galactica_125m_08', 'lr': '1.8494e-05', 'T.loss': '0.060501', 'Eval.Gen.value_accuracy_best': '17.437'}
[E=7/40, S=12350] {'wandb': 'ReFT_small|gsm8k_python_sdp_galactica_125m_08', 'lr': '1.8491e-05', 'T.loss': '0.11368', 'Eval.Gen.value_accuracy_best': '17.437'}
[E=7/40, S=12360] {'wandb': 'ReFT_small|gsm8k_python_sdp_galactica_125m_08', 'lr': '1.8488e-05', 'T.loss': '0.066376', 'Eval.Gen.value_accuracy_best': '17.437'}
[E=7/40, S=12370] {'wandb': 'ReFT_small|gsm8k_python_sdp_galactica_125m_08', 'lr': '1.8485e-05', 'T.loss': '0.082306', 'Eval.Gen.value_accuracy_best': '17.437'}
[E=7/40, S=12380] {'wandb': 'ReFT_small|gsm8k_python_sdp_galactica_125m_08', 'lr': '1.8482e-05', 'T.loss': '0.13397', 'Eval.Gen.value_accuracy_best': '17.437'}
[E=7/40, S=12390] {'wandb': 'ReFT_small|gsm8k_python_sdp_galactica_125m_08', 'lr': '1.8479e-05', 'T.loss': '0.0737', 'Eval.Gen.value_accuracy_best': '17.437'}
[E=7/40, S=12400] {'wandb': 'ReFT_small|gsm8k_python_sdp_galactica_125m_08', 'lr': '1.8476e-05', 'T.loss': '0.094421', 'Eval.Gen.value_accuracy_best': '17.437'}
[E=7/40, S=12410] {'wandb': 'ReFT_small|gsm8k_python_sdp_galactica_125m_08', 'lr': '1.8473e-05', 'T.loss': '0.1214', 'Eval.Gen.value_accuracy_best': '17.437'}
[E=7/40, S=12420] {'wandb': 'ReFT_small|gsm8k_python_sdp_galactica_125m_08', 'lr': '1.847e-05', 'T.loss': '0.052139', 'Eval.Gen.value_accuracy_best': '17.437'}
[E=7/40, S=12430] {'wandb': 'ReFT_small|gsm8k_python_sdp_galactica_125m_08', 'lr': '1.8467e-05', 'T.loss': '0.090454', 'Eval.Gen.value_accuracy_best': '17.437'}
[E=7/40, S=12440] {'wandb': 'ReFT_small|gsm8k_python_sdp_galactica_125m_08', 'lr': '1.8464e-05', 'T.loss': '0.10126', 'Eval.Gen.value_accuracy_best': '17.437'}
[E=7/40, S=12450] {'wandb': 'ReFT_small|gsm8k_python_sdp_galactica_125m_08', 'lr': '1.8461e-05', 'T.loss': '0.058594', 'Eval.Gen.value_accuracy_best': '17.437'}
[E=7/40, S=12460] {'wandb': 'ReFT_small|gsm8k_python_sdp_galactica_125m_08', 'lr': '1.8458e-05', 'T.loss': '0.04483', 'Eval.Gen.value_accuracy_best': '17.437'}
[E=7/40, S=12470] {'wandb': 'ReFT_small|gsm8k_python_sdp_galactica_125m_08', 'lr': '1.8455e-05', 'T.loss': '0.11017', 'Eval.Gen.value_accuracy_best': '17.437'}
[E=7/40, S=12480] {'wandb': 'ReFT_small|gsm8k_python_sdp_galactica_125m_08', 'lr': '1.8452e-05', 'T.loss': '0.074265', 'Eval.Gen.value_accuracy_best': '17.437'}
[E=7/40, S=12490] {'wandb': 'ReFT_small|gsm8k_python_sdp_galactica_125m_08', 'lr': '1.8449e-05', 'T.loss': '0.049706', 'Eval.Gen.value_accuracy_best': '17.437'}
[E=7/40, S=12500] {'wandb': 'ReFT_small|gsm8k_python_sdp_galactica_125m_08', 'lr': '1.8446e-05', 'T.loss': '0.060547', 'Eval.Gen.value_accuracy_best': '17.437'}
[2025-06-05 19:36:29,333] [INFO] [loss_scaler.py:183:update_scale] [deepspeed] OVERFLOW! Rank 0 Skipping step. Attempted loss scale: 65536, reducing to 32768
[E=7/40, S=12510] {'wandb': 'ReFT_small|gsm8k_python_sdp_galactica_125m_08', 'lr': '1.8443e-05', 'T.loss': '0.12646', 'Eval.Gen.value_accuracy_best': '17.437'}
[E=7/40, S=12520] {'wandb': 'ReFT_small|gsm8k_python_sdp_galactica_125m_08', 'lr': '1.844e-05', 'T.loss': '0.080017', 'Eval.Gen.value_accuracy_best': '17.437'}
[E=7/40, S=12530] {'wandb': 'ReFT_small|gsm8k_python_sdp_galactica_125m_08', 'lr': '1.8437e-05', 'T.loss': '0.11877', 'Eval.Gen.value_accuracy_best': '17.437'}
[E=7/40, S=12540] {'wandb': 'ReFT_small|gsm8k_python_sdp_galactica_125m_08', 'lr': '1.8434e-05', 'T.loss': '0.089142', 'Eval.Gen.value_accuracy_best': '17.437'}
[E=7/40, S=12550] {'wandb': 'ReFT_small|gsm8k_python_sdp_galactica_125m_08', 'lr': '1.8431e-05', 'T.loss': '0.073944', 'Eval.Gen.value_accuracy_best': '17.437'}
[E=7/40, S=12560] {'wandb': 'ReFT_small|gsm8k_python_sdp_galactica_125m_08', 'lr': '1.8428e-05', 'T.loss': '0.074509', 'Eval.Gen.value_accuracy_best': '17.437'}
[E=7/40, S=12570] {'wandb': 'ReFT_small|gsm8k_python_sdp_galactica_125m_08', 'lr': '1.8425e-05', 'T.loss': '0.05719', 'Eval.Gen.value_accuracy_best': '17.437'}
[E=7/40, S=12580] {'wandb': 'ReFT_small|gsm8k_python_sdp_galactica_125m_08', 'lr': '1.8422e-05', 'T.loss': '0.091263', 'Eval.Gen.value_accuracy_best': '17.437'}
[E=7/40, S=12590] {'wandb': 'ReFT_small|gsm8k_python_sdp_galactica_125m_08', 'lr': '1.8419e-05', 'T.loss': '0.056793', 'Eval.Gen.value_accuracy_best': '17.437'}
[E=7/40, S=12600] {'wandb': 'ReFT_small|gsm8k_python_sdp_galactica_125m_08', 'lr': '1.8416e-05', 'T.loss': '0.09314', 'Eval.Gen.value_accuracy_best': '17.437'}
[E=7/40, S=12610] {'wandb': 'ReFT_small|gsm8k_python_sdp_galactica_125m_08', 'lr': '1.8413e-05', 'T.loss': '0.16223', 'Eval.Gen.value_accuracy_best': '17.437'}
[E=7/40, S=12620] {'wandb': 'ReFT_small|gsm8k_python_sdp_galactica_125m_08', 'lr': '1.841e-05', 'T.loss': '0.14542', 'Eval.Gen.value_accuracy_best': '17.437'}
[E=7/40, S=12630] {'wandb': 'ReFT_small|gsm8k_python_sdp_galactica_125m_08', 'lr': '1.8407e-05', 'T.loss': '0.078522', 'Eval.Gen.value_accuracy_best': '17.437'}
[E=7/40, S=12640] {'wandb': 'ReFT_small|gsm8k_python_sdp_galactica_125m_08', 'lr': '1.8404e-05', 'T.loss': '0.076752', 'Eval.Gen.value_accuracy_best': '17.437'}
[E=7/40, S=12650] {'wandb': 'ReFT_small|gsm8k_python_sdp_galactica_125m_08', 'lr': '1.8401e-05', 'T.loss': '0.070038', 'Eval.Gen.value_accuracy_best': '17.437'}
[E=7/40, S=12660] {'wandb': 'ReFT_small|gsm8k_python_sdp_galactica_125m_08', 'lr': '1.8398e-05', 'T.loss': '0.096664', 'Eval.Gen.value_accuracy_best': '17.437'}
[E=7/40, S=12670] {'wandb': 'ReFT_small|gsm8k_python_sdp_galactica_125m_08', 'lr': '1.8395e-05', 'T.loss': '0.081879', 'Eval.Gen.value_accuracy_best': '17.437'}
[E=7/40, S=12680] {'wandb': 'ReFT_small|gsm8k_python_sdp_galactica_125m_08', 'lr': '1.8392e-05', 'T.loss': '0.099426', 'Eval.Gen.value_accuracy_best': '17.437'}
[E=7/40, S=12690] {'wandb': 'ReFT_small|gsm8k_python_sdp_galactica_125m_08', 'lr': '1.8389e-05', 'T.loss': '0.10492', 'Eval.Gen.value_accuracy_best': '17.437'}
[E=7/40, S=12700] {'wandb': 'ReFT_small|gsm8k_python_sdp_galactica_125m_08', 'lr': '1.8386e-05', 'T.loss': '0.063629', 'Eval.Gen.value_accuracy_best': '17.437'}
[E=7/40, S=12710] {'wandb': 'ReFT_small|gsm8k_python_sdp_galactica_125m_08', 'lr': '1.8383e-05', 'T.loss': '0.074722', 'Eval.Gen.value_accuracy_best': '17.437'}
[E=7/40, S=12720] {'wandb': 'ReFT_small|gsm8k_python_sdp_galactica_125m_08', 'lr': '1.838e-05', 'T.loss': '0.074799', 'Eval.Gen.value_accuracy_best': '17.437'}
[E=7/40, S=12730] {'wandb': 'ReFT_small|gsm8k_python_sdp_galactica_125m_08', 'lr': '1.8377e-05', 'T.loss': '0.10803', 'Eval.Gen.value_accuracy_best': '17.437'}
[E=7/40, S=12740] {'wandb': 'ReFT_small|gsm8k_python_sdp_galactica_125m_08', 'lr': '1.8374e-05', 'T.loss': '0.067825', 'Eval.Gen.value_accuracy_best': '17.437'}
[E=7/40, S=12750] {'wandb': 'ReFT_small|gsm8k_python_sdp_galactica_125m_08', 'lr': '1.837e-05', 'T.loss': '0.10242', 'Eval.Gen.value_accuracy_best': '17.437'}
[E=7/40, S=12760] {'wandb': 'ReFT_small|gsm8k_python_sdp_galactica_125m_08', 'lr': '1.8367e-05', 'T.loss': '0.10095', 'Eval.Gen.value_accuracy_best': '17.437'}
[E=7/40, S=12770] {'wandb': 'ReFT_small|gsm8k_python_sdp_galactica_125m_08', 'lr': '1.8364e-05', 'T.loss': '0.088074', 'Eval.Gen.value_accuracy_best': '17.437'}
[E=7/40, S=12780] {'wandb': 'ReFT_small|gsm8k_python_sdp_galactica_125m_08', 'lr': '1.8361e-05', 'T.loss': '0.075348', 'Eval.Gen.value_accuracy_best': '17.437'}
[E=7/40, S=12790] {'wandb': 'ReFT_small|gsm8k_python_sdp_galactica_125m_08', 'lr': '1.8358e-05', 'T.loss': '0.15466', 'Eval.Gen.value_accuracy_best': '17.437'}
[E=7/40, S=12800] {'wandb': 'ReFT_small|gsm8k_python_sdp_galactica_125m_08', 'lr': '1.8355e-05', 'T.loss': '0.10376', 'Eval.Gen.value_accuracy_best': '17.437'}
[E=7/40, S=12810] {'wandb': 'ReFT_small|gsm8k_python_sdp_galactica_125m_08', 'lr': '1.8352e-05', 'T.loss': '0.083923', 'Eval.Gen.value_accuracy_best': '17.437'}
[E=7/40, S=12820] {'wandb': 'ReFT_small|gsm8k_python_sdp_galactica_125m_08', 'lr': '1.8349e-05', 'T.loss': '0.061401', 'Eval.Gen.value_accuracy_best': '17.437'}
[E=7/40, S=12830] {'wandb': 'ReFT_small|gsm8k_python_sdp_galactica_125m_08', 'lr': '1.8346e-05', 'T.loss': '0.11047', 'Eval.Gen.value_accuracy_best': '17.437'}
[E=7/40, S=12840] {'wandb': 'ReFT_small|gsm8k_python_sdp_galactica_125m_08', 'lr': '1.8343e-05', 'T.loss': '0.067581', 'Eval.Gen.value_accuracy_best': '17.437'}
[E=7/40, S=12850] {'wandb': 'ReFT_small|gsm8k_python_sdp_galactica_125m_08', 'lr': '1.834e-05', 'T.loss': '0.076965', 'Eval.Gen.value_accuracy_best': '17.437'}
[E=7/40, S=12860] {'wandb': 'ReFT_small|gsm8k_python_sdp_galactica_125m_08', 'lr': '1.8337e-05', 'T.loss': '0.1232', 'Eval.Gen.value_accuracy_best': '17.437'}
[E=7/40, S=12870] {'wandb': 'ReFT_small|gsm8k_python_sdp_galactica_125m_08', 'lr': '1.8334e-05', 'T.loss': '0.11322', 'Eval.Gen.value_accuracy_best': '17.437'}
name 'eggs_baked_per_day' is not defined
name 'distance_after_to_home_to_home' is not defined
name 'years_to_earn' is not defined
name 'gadget_profit' is not defined
name 'hours_per_week_customer' is not defined
local variable 'dozens' referenced before assignment
name 'distance_second' is not defined
name 'rayman_age_now_diff_years_ago' is not defined
name 'video_game_sets_bought' is not defined
local variable 'miles_per_week_with_hours' referenced before assignment
local variable 'eggs_per_week_with_dozen_per_week' referenced before assignment
local variable 'comic_books_remaining' referenced before assignment
name 'liters_initial' is not defined
local variable 'stickers_gift_total' referenced before assignment
invalid syntax (<string>, line 7)
name 'james_sleep_now' is not defined
local variable 'friend_4' referenced before assignment
name 'minutes_per_mile_to_opposite_back' is not defined
name 'shore_liters' is not defined
invalid syntax (<string>, line 9)
invalid syntax (<string>, line 10)
name 'hours_per_visit' is not defined
name 'miles_walked_wednesday' is not defined
name 'hours_second_test' is not defined
name 'tire_first_day' is not defined
local variable 'packs_total' referenced before assignment
local variable 'classes_per_week' referenced before assignment
name 'marbles_price_initial' is not defined
name 'missed_pay' is not defined
name 'sally_four_age_diff_total' is not defined
local variable 'student_loans_pay' referenced before assignment
name 'potatoes_peeled_per_second_second' is not defined
name 'lemons_sold' is not defined
name 'salary_donated_to_daughter' is not defined
name 'white_carnations' is not defined
local variable 'team_time_difference' referenced before assignment
local variable 'percent_increase' referenced before assignment
local variable 'wheat_bags_sold' referenced before assignment
name 'insects_needed' is not defined
local variable 'total_payment_raise_percent' referenced before assignment
name 'cheese_days' is not defined
name 'total_pens_bought' is not defined
local variable 'customers_added_day2' referenced before assignment
name 'registration_amount' is not defined
name 'entrances_c' is not defined
name 'minutes_per_week_per_page' is not defined
local variable 'ginger_fries_taken' referenced before assignment
name 'apples' is not defined
local variable 'budget_left' referenced before assignment
local variable 'cards_with_letter_c' referenced before assignment
name 'guests_per_customer' is not defined
name 'months_per_year' is not defined
name 'weeks_per_month' is not defined
local variable 'gifts_cost' referenced before assignment
name 'marbles_weight' is not defined
name 'share_after_price_increase' is not defined
name 'num_students' is not defined
local variable 'cookies_eaten_in_week' referenced before assignment
name 'revenue_total' is not defined
local variable 'total_time_spent' referenced before assignment
local variable 'savings_needed_total_with_remaining_amount' referenced before assignment
name 'log_cost' is not defined
local variable 'equipment_total_cost' referenced before assignment
name 'puppies_total' is not defined
name 'axel_silver_total_pengos' is not defined
cannot assign to expression here. Maybe you meant '==' instead of '='? (<string>, line 9)
local variable 'milk_bags_needed' referenced before assignment
name 'increased_total' is not defined
local variable 'birds_attended' referenced before assignment
local variable 'total_cost_with_discount' referenced before assignment
local variable 'onions_sold' referenced before assignment
invalid syntax (<string>, line 5)
local variable 'window_heating_time' referenced before assignment
name 'sneakers_price' is not defined
name 'time_1_hours' is not defined
name 'fairies_initial' is not defined
name 'remaining_time' is not defined
name 'boxes' is not defined
name 'shark_remoras_total_length' is not defined
name 'goal_remaining_total' is not defined
name 'minutes_per_day' is not defined
name 'days_in_week2' is not defined
name 'oranges_per_pie' is not defined
local variable 'friends_with_gift_total' referenced before assignment
name 'grape_packs' is not defined
local variable 'ali_money_saved' referenced before assignment
name 'hours_per_week_with_hours' is not defined
local variable 'jenny_jenny_difference' referenced before assignment
local variable 'bottles_initial' referenced before assignment
local variable 'buttons_four_holes' referenced before assignment
invalid syntax (<string>, line 8)
name 'small_pieces_muffin' is not defined
name 'old_bedroom_area' is not defined
local variable 'starting_value_plus_half' referenced before assignment
name 'jill_earnings_total' is not defined
name 'total_price_after_discount' is not defined
name 'second_5_funding' is not defined
name 'rocks_num' is not defined
name 'intersection_num' is not defined
name 'hours_total_with_cost' is not defined
invalid syntax (<string>, line 11)
invalid syntax (<string>, line 5)
name 'class_cost_initial_after_remaining' is not defined
local variable 'num_cupcakes_per_student' referenced before assignment
invalid decimal literal (<string>, line 8)
name 'aurelia_money' is not defined
local variable 'potatoes_with_36_horns' referenced before assignment
name 'female_dumplings_per_female' is not defined
name 'days_per_week' is not defined
invalid syntax (<string>, line 5)
name 'scoops_free' is not defined
name 'blueberry_picked_cost' is not defined
division by zero
local variable 'num_taps_both_feet' referenced before assignment
name 'baby_chairs_babies' is not defined
name 'adults_smores_per_adult' is not defined
name 'total_value_with_50_with_50_with_50_value' is not defined
name 'adult_fee_difference_total' is not defined
name 'large_stickers_left' is not defined
name 'extra_medium' is not defined
local variable 'people_neither_with_12_wins' referenced before assignment
name 'vanilla_sold_for_whichever_scents' is not defined
name 'hours_playing_video_games' is not defined
name 'distance_to_museum_with_time_with_time_total_hours_hours_hours_hours_hours_hours_hours_hours_hours_hours_hours_hours_hours_hours_hours_hours_hours_hours_hours_hours_hours_hours_hours_hours_hours_hours' is not defined
name 'miles_per_hour_hike' is not defined
local variable 'log_temp_burned' referenced before assignment
local variable 'total_on' referenced before assignment
name 'candy_needed' is not defined
local variable 'num_branches_per_day' referenced before assignment
name 'jack_play_total_play_time_with_arcade' is not defined
name 'tasks_per_day' is not defined
local variable 'julie_points_second' referenced before assignment
name 'chocolate_bars_first_week' is not defined
name 'minutes' is not defined
name 'students_good_at_math_only' is not defined
name 'white_shirts_no_buttons' is not defined
local variable 'students_with_glue' referenced before assignment
local variable 'students_leftover' referenced before assignment
local variable 'total_small_jello_cups_needed' referenced before assignment
local variable 'pizza_pieces_eaten_third_day' referenced before assignment
name 'julie_Micah_glasses' is not defined
local variable 'apples_cost' referenced before assignment
name 'concerts_runtime' is not defined
name 'pay_per_month_without_payment_with_payment' is not defined
name 'sleeps_worked' is not defined
name 'marbles_initial' is not defined
name 'packages_completed_per_two_weeks_per_two_weeks_per_two_weeks_per_two_weeks' is not defined
invalid syntax (<string>, line 5)
local variable 'num_balloons_sold' referenced before assignment
name 'total_profit' is not defined
name 'slices_eaten_per_day' is not defined
local variable 'total_movies' referenced before assignment
local variable 'total_rings' referenced before assignment
name 'zooo_seeds' is not defined
local variable 'widgets_more_per_month' referenced before assignment
name 'pesos_per_hour' is not defined
local variable 'swimming_time_with_immers_with_immers_with_immers_with_immers_with_immers_with_immers' referenced before assignment
name 'spoons_initial_with_gifts' is not defined
name 'tickets_cost' is not defined
name 'north_speed' is not defined
invalid syntax (<string>, line 7)
local variable 'bottles_per_day_needed' referenced before assignment
name 'flower_bed_area_total' is not defined
local variable 'rose_weight' referenced before assignment
name 'check_check_payment' is not defined
local variable 'flights_other' referenced before assignment
local variable 'igneous_hours' referenced before assignment
name 'alanandro_age' is not defined
name 'hours_per_appointment' is not defined
local variable 'total_weeks' referenced before assignment
name 'apples_total' is not defined
name 'days_with_iron_pickaxe' is not defined
invalid syntax (<string>, line 6)
name 'amor_price' is not defined
name 'jobs_initial' is not defined
local variable 'people_attended' referenced before assignment
name 'race_2_won' is not defined
name 'pounds_of_butter_per_dozen' is not defined
name 'bike_price' is not defined
name 'apples_sold_per_bag' is not defined
local variable 'sodas_taken_after_shake' referenced before assignment
name 'days_in_april_1st_off' is not defined
invalid syntax (<string>, line 10)
name 'towels_returned' is not defined
local variable 'salary_needed_total' referenced before assignment
name 'total_miles_per_day_with_walking_total' is not defined
name 'female_fishes' is not defined
name 'sofie_miles_per_day' is not defined
invalid syntax (<string>, line 6)
name 'beach_walk_walk_distance' is not defined
local variable 'bottle_2_mug_angle' referenced before assignment
name 'total_picture_scenes_per_day' is not defined
name 'total_devices_price' is not defined
name 'bottles_needed_needed' is not defined
local variable 'total_dresses' referenced before assignment
name 'rissa_money_initial' is not defined
name 'living_rooms' is not defined
local variable 'bills_after' referenced before assignment
name 'team_b_second_half' is not defined
name 'pepperoni_pizza_slices_needed' is not defined
invalid syntax (<string>, line 5)
local variable 'remaining_gallons_drunk' referenced before assignment
local variable 'mugs_total' referenced before assignment
invalid syntax (<string>, line 8)
name 'jelly_beans_cubic_inches' is not defined
local variable 'brownies_per_cupcake' referenced before assignment
invalid syntax (<string>, line 6)
local variable 'num_quizzes_with_score' referenced before assignment
local variable 'distance_abyss' referenced before assignment
local variable 'classrooms_cleaned_per_day' referenced before assignment
name 'dozens_total_cost' is not defined
name 'games_played' is not defined
name 'flashlights_per_room_half' is not defined
name 'doughnuts_per_year_in_june_with_doughnuts_with_doughnuts_with_doughnuts_for_june_june_june_june_june_june_june_june_june_june_june_june_june_june_june_june_june_june_june_june_june_june_june_june_june' is not defined
name 'num_salad_plates' is not defined
local variable 'meditator_time_per_week_with_yoga' referenced before assignment
invalid syntax (<string>, line 5)
local variable 'weeks_with_ice_cream' referenced before assignment
invalid syntax (<string>, line 7)
local variable 'days_visited' referenced before assignment
name 'table_leg_screw' is not defined
name 'num_friends' is not defined
[Eval Info] value_accuracy: 18.802%
[E=7/40, S=12873] {'wandb': 'ReFT_small|gsm8k_python_sdp_galactica_125m_08', 'lr': '1.8333e-05', 'T.loss': '0.053864', 'Eval.Gen.value_accuracy': '18.802', 'Eval.Gen.value_accuracy_best': '18.802'}
[E=8/40, S=12880] {'wandb': 'ReFT_small|gsm8k_python_sdp_galactica_125m_08', 'lr': '1.8331e-05', 'T.loss': '0.061119', 'Eval.Gen.value_accuracy_best': '18.802'}
[E=8/40, S=12890] {'wandb': 'ReFT_small|gsm8k_python_sdp_galactica_125m_08', 'lr': '1.8328e-05', 'T.loss': '0.065918', 'Eval.Gen.value_accuracy_best': '18.802'}
[E=8/40, S=12900] {'wandb': 'ReFT_small|gsm8k_python_sdp_galactica_125m_08', 'lr': '1.8325e-05', 'T.loss': '0.081802', 'Eval.Gen.value_accuracy_best': '18.802'}
[E=8/40, S=12910] {'wandb': 'ReFT_small|gsm8k_python_sdp_galactica_125m_08', 'lr': '1.8322e-05', 'T.loss': '0.048798', 'Eval.Gen.value_accuracy_best': '18.802'}
[E=8/40, S=12920] {'wandb': 'ReFT_small|gsm8k_python_sdp_galactica_125m_08', 'lr': '1.8319e-05', 'T.loss': '0.06871', 'Eval.Gen.value_accuracy_best': '18.802'}
[E=8/40, S=12930] {'wandb': 'ReFT_small|gsm8k_python_sdp_galactica_125m_08', 'lr': '1.8316e-05', 'T.loss': '0.059402', 'Eval.Gen.value_accuracy_best': '18.802'}
[E=8/40, S=12940] {'wandb': 'ReFT_small|gsm8k_python_sdp_galactica_125m_08', 'lr': '1.8313e-05', 'T.loss': '0.048828', 'Eval.Gen.value_accuracy_best': '18.802'}
[E=8/40, S=12950] {'wandb': 'ReFT_small|gsm8k_python_sdp_galactica_125m_08', 'lr': '1.831e-05', 'T.loss': '0.067459', 'Eval.Gen.value_accuracy_best': '18.802'}
[E=8/40, S=12960] {'wandb': 'ReFT_small|gsm8k_python_sdp_galactica_125m_08', 'lr': '1.8307e-05', 'T.loss': '0.061066', 'Eval.Gen.value_accuracy_best': '18.802'}
[E=8/40, S=12970] {'wandb': 'ReFT_small|gsm8k_python_sdp_galactica_125m_08', 'lr': '1.8304e-05', 'T.loss': '0.065247', 'Eval.Gen.value_accuracy_best': '18.802'}
[E=8/40, S=12980] {'wandb': 'ReFT_small|gsm8k_python_sdp_galactica_125m_08', 'lr': '1.8301e-05', 'T.loss': '0.053925', 'Eval.Gen.value_accuracy_best': '18.802'}
[E=8/40, S=12990] {'wandb': 'ReFT_small|gsm8k_python_sdp_galactica_125m_08', 'lr': '1.8298e-05', 'T.loss': '0.049927', 'Eval.Gen.value_accuracy_best': '18.802'}
[E=8/40, S=13000] {'wandb': 'ReFT_small|gsm8k_python_sdp_galactica_125m_08', 'lr': '1.8295e-05', 'T.loss': '0.061913', 'Eval.Gen.value_accuracy_best': '18.802'}
[E=8/40, S=13010] {'wandb': 'ReFT_small|gsm8k_python_sdp_galactica_125m_08', 'lr': '1.8292e-05', 'T.loss': '0.050629', 'Eval.Gen.value_accuracy_best': '18.802'}
[E=8/40, S=13020] {'wandb': 'ReFT_small|gsm8k_python_sdp_galactica_125m_08', 'lr': '1.8289e-05', 'T.loss': '0.068161', 'Eval.Gen.value_accuracy_best': '18.802'}
[E=8/40, S=13030] {'wandb': 'ReFT_small|gsm8k_python_sdp_galactica_125m_08', 'lr': '1.8286e-05', 'T.loss': '0.059479', 'Eval.Gen.value_accuracy_best': '18.802'}
[E=8/40, S=13040] {'wandb': 'ReFT_small|gsm8k_python_sdp_galactica_125m_08', 'lr': '1.8283e-05', 'T.loss': '0.053238', 'Eval.Gen.value_accuracy_best': '18.802'}
[E=8/40, S=13050] {'wandb': 'ReFT_small|gsm8k_python_sdp_galactica_125m_08', 'lr': '1.828e-05', 'T.loss': '0.048859', 'Eval.Gen.value_accuracy_best': '18.802'}
[E=8/40, S=13060] {'wandb': 'ReFT_small|gsm8k_python_sdp_galactica_125m_08', 'lr': '1.8277e-05', 'T.loss': '0.10065', 'Eval.Gen.value_accuracy_best': '18.802'}
[E=8/40, S=13070] {'wandb': 'ReFT_small|gsm8k_python_sdp_galactica_125m_08', 'lr': '1.8274e-05', 'T.loss': '0.089722', 'Eval.Gen.value_accuracy_best': '18.802'}
[E=8/40, S=13080] {'wandb': 'ReFT_small|gsm8k_python_sdp_galactica_125m_08', 'lr': '1.8271e-05', 'T.loss': '0.074738', 'Eval.Gen.value_accuracy_best': '18.802'}
[E=8/40, S=13090] {'wandb': 'ReFT_small|gsm8k_python_sdp_galactica_125m_08', 'lr': '1.8268e-05', 'T.loss': '0.058136', 'Eval.Gen.value_accuracy_best': '18.802'}
[E=8/40, S=13100] {'wandb': 'ReFT_small|gsm8k_python_sdp_galactica_125m_08', 'lr': '1.8265e-05', 'T.loss': '0.045944', 'Eval.Gen.value_accuracy_best': '18.802'}
[E=8/40, S=13110] {'wandb': 'ReFT_small|gsm8k_python_sdp_galactica_125m_08', 'lr': '1.8262e-05', 'T.loss': '0.058456', 'Eval.Gen.value_accuracy_best': '18.802'}
[E=8/40, S=13120] {'wandb': 'ReFT_small|gsm8k_python_sdp_galactica_125m_08', 'lr': '1.8259e-05', 'T.loss': '0.041412', 'Eval.Gen.value_accuracy_best': '18.802'}
[E=8/40, S=13130] {'wandb': 'ReFT_small|gsm8k_python_sdp_galactica_125m_08', 'lr': '1.8256e-05', 'T.loss': '0.064087', 'Eval.Gen.value_accuracy_best': '18.802'}
[E=8/40, S=13140] {'wandb': 'ReFT_small|gsm8k_python_sdp_galactica_125m_08', 'lr': '1.8253e-05', 'T.loss': '0.06427', 'Eval.Gen.value_accuracy_best': '18.802'}
[E=8/40, S=13150] {'wandb': 'ReFT_small|gsm8k_python_sdp_galactica_125m_08', 'lr': '1.825e-05', 'T.loss': '0.04335', 'Eval.Gen.value_accuracy_best': '18.802'}
[E=8/40, S=13160] {'wandb': 'ReFT_small|gsm8k_python_sdp_galactica_125m_08', 'lr': '1.8247e-05', 'T.loss': '0.07312', 'Eval.Gen.value_accuracy_best': '18.802'}
[E=8/40, S=13170] {'wandb': 'ReFT_small|gsm8k_python_sdp_galactica_125m_08', 'lr': '1.8244e-05', 'T.loss': '0.085327', 'Eval.Gen.value_accuracy_best': '18.802'}
[E=8/40, S=13180] {'wandb': 'ReFT_small|gsm8k_python_sdp_galactica_125m_08', 'lr': '1.8241e-05', 'T.loss': '0.050323', 'Eval.Gen.value_accuracy_best': '18.802'}
[E=8/40, S=13190] {'wandb': 'ReFT_small|gsm8k_python_sdp_galactica_125m_08', 'lr': '1.8238e-05', 'T.loss': '0.040359', 'Eval.Gen.value_accuracy_best': '18.802'}
[E=8/40, S=13200] {'wandb': 'ReFT_small|gsm8k_python_sdp_galactica_125m_08', 'lr': '1.8235e-05', 'T.loss': '0.082825', 'Eval.Gen.value_accuracy_best': '18.802'}
[E=8/40, S=13210] {'wandb': 'ReFT_small|gsm8k_python_sdp_galactica_125m_08', 'lr': '1.8232e-05', 'T.loss': '0.069626', 'Eval.Gen.value_accuracy_best': '18.802'}
[E=8/40, S=13220] {'wandb': 'ReFT_small|gsm8k_python_sdp_galactica_125m_08', 'lr': '1.8229e-05', 'T.loss': '0.07637', 'Eval.Gen.value_accuracy_best': '18.802'}
[E=8/40, S=13230] {'wandb': 'ReFT_small|gsm8k_python_sdp_galactica_125m_08', 'lr': '1.8225e-05', 'T.loss': '0.035187', 'Eval.Gen.value_accuracy_best': '18.802'}
[E=8/40, S=13240] {'wandb': 'ReFT_small|gsm8k_python_sdp_galactica_125m_08', 'lr': '1.8222e-05', 'T.loss': '0.050072', 'Eval.Gen.value_accuracy_best': '18.802'}
[E=8/40, S=13250] {'wandb': 'ReFT_small|gsm8k_python_sdp_galactica_125m_08', 'lr': '1.8219e-05', 'T.loss': '0.056229', 'Eval.Gen.value_accuracy_best': '18.802'}
[E=8/40, S=13260] {'wandb': 'ReFT_small|gsm8k_python_sdp_galactica_125m_08', 'lr': '1.8216e-05', 'T.loss': '0.062729', 'Eval.Gen.value_accuracy_best': '18.802'}
[E=8/40, S=13270] {'wandb': 'ReFT_small|gsm8k_python_sdp_galactica_125m_08', 'lr': '1.8213e-05', 'T.loss': '0.05928', 'Eval.Gen.value_accuracy_best': '18.802'}
[E=8/40, S=13280] {'wandb': 'ReFT_small|gsm8k_python_sdp_galactica_125m_08', 'lr': '1.821e-05', 'T.loss': '0.069489', 'Eval.Gen.value_accuracy_best': '18.802'}
[E=8/40, S=13290] {'wandb': 'ReFT_small|gsm8k_python_sdp_galactica_125m_08', 'lr': '1.8207e-05', 'T.loss': '0.065918', 'Eval.Gen.value_accuracy_best': '18.802'}
[E=8/40, S=13300] {'wandb': 'ReFT_small|gsm8k_python_sdp_galactica_125m_08', 'lr': '1.8204e-05', 'T.loss': '0.051498', 'Eval.Gen.value_accuracy_best': '18.802'}
[E=8/40, S=13310] {'wandb': 'ReFT_small|gsm8k_python_sdp_galactica_125m_08', 'lr': '1.8201e-05', 'T.loss': '0.054459', 'Eval.Gen.value_accuracy_best': '18.802'}
[E=8/40, S=13320] {'wandb': 'ReFT_small|gsm8k_python_sdp_galactica_125m_08', 'lr': '1.8198e-05', 'T.loss': '0.044678', 'Eval.Gen.value_accuracy_best': '18.802'}
[E=8/40, S=13330] {'wandb': 'ReFT_small|gsm8k_python_sdp_galactica_125m_08', 'lr': '1.8195e-05', 'T.loss': '0.051605', 'Eval.Gen.value_accuracy_best': '18.802'}
[2025-06-05 19:44:47,390] [INFO] [loss_scaler.py:183:update_scale] [deepspeed] OVERFLOW! Rank 0 Skipping step. Attempted loss scale: 32768, reducing to 16384
[E=8/40, S=13340] {'wandb': 'ReFT_small|gsm8k_python_sdp_galactica_125m_08', 'lr': '1.8192e-05', 'T.loss': '0.07312', 'Eval.Gen.value_accuracy_best': '18.802'}
[E=8/40, S=13350] {'wandb': 'ReFT_small|gsm8k_python_sdp_galactica_125m_08', 'lr': '1.8189e-05', 'T.loss': '0.060699', 'Eval.Gen.value_accuracy_best': '18.802'}
[E=8/40, S=13360] {'wandb': 'ReFT_small|gsm8k_python_sdp_galactica_125m_08', 'lr': '1.8186e-05', 'T.loss': '0.062088', 'Eval.Gen.value_accuracy_best': '18.802'}
[E=8/40, S=13370] {'wandb': 'ReFT_small|gsm8k_python_sdp_galactica_125m_08', 'lr': '1.8183e-05', 'T.loss': '0.051178', 'Eval.Gen.value_accuracy_best': '18.802'}
[E=8/40, S=13380] {'wandb': 'ReFT_small|gsm8k_python_sdp_galactica_125m_08', 'lr': '1.818e-05', 'T.loss': '0.051743', 'Eval.Gen.value_accuracy_best': '18.802'}
[E=8/40, S=13390] {'wandb': 'ReFT_small|gsm8k_python_sdp_galactica_125m_08', 'lr': '1.8177e-05', 'T.loss': '0.041893', 'Eval.Gen.value_accuracy_best': '18.802'}
[E=8/40, S=13400] {'wandb': 'ReFT_small|gsm8k_python_sdp_galactica_125m_08', 'lr': '1.8174e-05', 'T.loss': '0.044228', 'Eval.Gen.value_accuracy_best': '18.802'}
[E=8/40, S=13410] {'wandb': 'ReFT_small|gsm8k_python_sdp_galactica_125m_08', 'lr': '1.8171e-05', 'T.loss': '0.073883', 'Eval.Gen.value_accuracy_best': '18.802'}
[E=8/40, S=13420] {'wandb': 'ReFT_small|gsm8k_python_sdp_galactica_125m_08', 'lr': '1.8168e-05', 'T.loss': '0.076141', 'Eval.Gen.value_accuracy_best': '18.802'}
[E=8/40, S=13430] {'wandb': 'ReFT_small|gsm8k_python_sdp_galactica_125m_08', 'lr': '1.8165e-05', 'T.loss': '0.077972', 'Eval.Gen.value_accuracy_best': '18.802'}
[E=8/40, S=13440] {'wandb': 'ReFT_small|gsm8k_python_sdp_galactica_125m_08', 'lr': '1.8162e-05', 'T.loss': '0.03064', 'Eval.Gen.value_accuracy_best': '18.802'}
[E=8/40, S=13450] {'wandb': 'ReFT_small|gsm8k_python_sdp_galactica_125m_08', 'lr': '1.8159e-05', 'T.loss': '0.073914', 'Eval.Gen.value_accuracy_best': '18.802'}
[E=8/40, S=13460] {'wandb': 'ReFT_small|gsm8k_python_sdp_galactica_125m_08', 'lr': '1.8156e-05', 'T.loss': '0.087494', 'Eval.Gen.value_accuracy_best': '18.802'}
[E=8/40, S=13470] {'wandb': 'ReFT_small|gsm8k_python_sdp_galactica_125m_08', 'lr': '1.8153e-05', 'T.loss': '0.082031', 'Eval.Gen.value_accuracy_best': '18.802'}
[E=8/40, S=13480] {'wandb': 'ReFT_small|gsm8k_python_sdp_galactica_125m_08', 'lr': '1.815e-05', 'T.loss': '0.041218', 'Eval.Gen.value_accuracy_best': '18.802'}
[E=8/40, S=13490] {'wandb': 'ReFT_small|gsm8k_python_sdp_galactica_125m_08', 'lr': '1.8147e-05', 'T.loss': '0.058609', 'Eval.Gen.value_accuracy_best': '18.802'}
[E=8/40, S=13500] {'wandb': 'ReFT_small|gsm8k_python_sdp_galactica_125m_08', 'lr': '1.8144e-05', 'T.loss': '0.057251', 'Eval.Gen.value_accuracy_best': '18.802'}
[E=8/40, S=13510] {'wandb': 'ReFT_small|gsm8k_python_sdp_galactica_125m_08', 'lr': '1.8141e-05', 'T.loss': '0.050537', 'Eval.Gen.value_accuracy_best': '18.802'}
[E=8/40, S=13520] {'wandb': 'ReFT_small|gsm8k_python_sdp_galactica_125m_08', 'lr': '1.8138e-05', 'T.loss': '0.049255', 'Eval.Gen.value_accuracy_best': '18.802'}
[E=8/40, S=13530] {'wandb': 'ReFT_small|gsm8k_python_sdp_galactica_125m_08', 'lr': '1.8135e-05', 'T.loss': '0.055679', 'Eval.Gen.value_accuracy_best': '18.802'}
[E=8/40, S=13540] {'wandb': 'ReFT_small|gsm8k_python_sdp_galactica_125m_08', 'lr': '1.8132e-05', 'T.loss': '0.077118', 'Eval.Gen.value_accuracy_best': '18.802'}
[E=8/40, S=13550] {'wandb': 'ReFT_small|gsm8k_python_sdp_galactica_125m_08', 'lr': '1.8129e-05', 'T.loss': '0.089905', 'Eval.Gen.value_accuracy_best': '18.802'}
[E=8/40, S=13560] {'wandb': 'ReFT_small|gsm8k_python_sdp_galactica_125m_08', 'lr': '1.8126e-05', 'T.loss': '0.094086', 'Eval.Gen.value_accuracy_best': '18.802'}
[E=8/40, S=13570] {'wandb': 'ReFT_small|gsm8k_python_sdp_galactica_125m_08', 'lr': '1.8123e-05', 'T.loss': '0.10889', 'Eval.Gen.value_accuracy_best': '18.802'}
[E=8/40, S=13580] {'wandb': 'ReFT_small|gsm8k_python_sdp_galactica_125m_08', 'lr': '1.812e-05', 'T.loss': '0.068207', 'Eval.Gen.value_accuracy_best': '18.802'}
[E=8/40, S=13590] {'wandb': 'ReFT_small|gsm8k_python_sdp_galactica_125m_08', 'lr': '1.8117e-05', 'T.loss': '0.045074', 'Eval.Gen.value_accuracy_best': '18.802'}
[E=8/40, S=13600] {'wandb': 'ReFT_small|gsm8k_python_sdp_galactica_125m_08', 'lr': '1.8114e-05', 'T.loss': '0.1011', 'Eval.Gen.value_accuracy_best': '18.802'}
[E=8/40, S=13610] {'wandb': 'ReFT_small|gsm8k_python_sdp_galactica_125m_08', 'lr': '1.8111e-05', 'T.loss': '0.082214', 'Eval.Gen.value_accuracy_best': '18.802'}
[E=8/40, S=13620] {'wandb': 'ReFT_small|gsm8k_python_sdp_galactica_125m_08', 'lr': '1.8108e-05', 'T.loss': '0.054947', 'Eval.Gen.value_accuracy_best': '18.802'}
[E=8/40, S=13630] {'wandb': 'ReFT_small|gsm8k_python_sdp_galactica_125m_08', 'lr': '1.8105e-05', 'T.loss': '0.089996', 'Eval.Gen.value_accuracy_best': '18.802'}
[E=8/40, S=13640] {'wandb': 'ReFT_small|gsm8k_python_sdp_galactica_125m_08', 'lr': '1.8102e-05', 'T.loss': '0.11606', 'Eval.Gen.value_accuracy_best': '18.802'}
[E=8/40, S=13650] {'wandb': 'ReFT_small|gsm8k_python_sdp_galactica_125m_08', 'lr': '1.8099e-05', 'T.loss': '0.070007', 'Eval.Gen.value_accuracy_best': '18.802'}
[E=8/40, S=13660] {'wandb': 'ReFT_small|gsm8k_python_sdp_galactica_125m_08', 'lr': '1.8096e-05', 'T.loss': '0.075439', 'Eval.Gen.value_accuracy_best': '18.802'}
[E=8/40, S=13670] {'wandb': 'ReFT_small|gsm8k_python_sdp_galactica_125m_08', 'lr': '1.8093e-05', 'T.loss': '0.052872', 'Eval.Gen.value_accuracy_best': '18.802'}
[E=8/40, S=13680] {'wandb': 'ReFT_small|gsm8k_python_sdp_galactica_125m_08', 'lr': '1.809e-05', 'T.loss': '0.047546', 'Eval.Gen.value_accuracy_best': '18.802'}
[E=8/40, S=13690] {'wandb': 'ReFT_small|gsm8k_python_sdp_galactica_125m_08', 'lr': '1.8087e-05', 'T.loss': '0.072784', 'Eval.Gen.value_accuracy_best': '18.802'}
[E=8/40, S=13700] {'wandb': 'ReFT_small|gsm8k_python_sdp_galactica_125m_08', 'lr': '1.8083e-05', 'T.loss': '0.049835', 'Eval.Gen.value_accuracy_best': '18.802'}
[E=8/40, S=13710] {'wandb': 'ReFT_small|gsm8k_python_sdp_galactica_125m_08', 'lr': '1.808e-05', 'T.loss': '0.036148', 'Eval.Gen.value_accuracy_best': '18.802'}
[E=8/40, S=13720] {'wandb': 'ReFT_small|gsm8k_python_sdp_galactica_125m_08', 'lr': '1.8077e-05', 'T.loss': '0.057343', 'Eval.Gen.value_accuracy_best': '18.802'}
[E=8/40, S=13730] {'wandb': 'ReFT_small|gsm8k_python_sdp_galactica_125m_08', 'lr': '1.8074e-05', 'T.loss': '0.10306', 'Eval.Gen.value_accuracy_best': '18.802'}
[E=8/40, S=13740] {'wandb': 'ReFT_small|gsm8k_python_sdp_galactica_125m_08', 'lr': '1.8071e-05', 'T.loss': '0.065887', 'Eval.Gen.value_accuracy_best': '18.802'}
[E=8/40, S=13750] {'wandb': 'ReFT_small|gsm8k_python_sdp_galactica_125m_08', 'lr': '1.8068e-05', 'T.loss': '0.065125', 'Eval.Gen.value_accuracy_best': '18.802'}
[E=8/40, S=13760] {'wandb': 'ReFT_small|gsm8k_python_sdp_galactica_125m_08', 'lr': '1.8065e-05', 'T.loss': '0.053215', 'Eval.Gen.value_accuracy_best': '18.802'}
[E=8/40, S=13770] {'wandb': 'ReFT_small|gsm8k_python_sdp_galactica_125m_08', 'lr': '1.8062e-05', 'T.loss': '0.03524', 'Eval.Gen.value_accuracy_best': '18.802'}
[E=8/40, S=13780] {'wandb': 'ReFT_small|gsm8k_python_sdp_galactica_125m_08', 'lr': '1.8059e-05', 'T.loss': '0.059464', 'Eval.Gen.value_accuracy_best': '18.802'}
[E=8/40, S=13790] {'wandb': 'ReFT_small|gsm8k_python_sdp_galactica_125m_08', 'lr': '1.8056e-05', 'T.loss': '0.10837', 'Eval.Gen.value_accuracy_best': '18.802'}
[E=8/40, S=13800] {'wandb': 'ReFT_small|gsm8k_python_sdp_galactica_125m_08', 'lr': '1.8053e-05', 'T.loss': '0.050003', 'Eval.Gen.value_accuracy_best': '18.802'}
[E=8/40, S=13810] {'wandb': 'ReFT_small|gsm8k_python_sdp_galactica_125m_08', 'lr': '1.805e-05', 'T.loss': '0.079773', 'Eval.Gen.value_accuracy_best': '18.802'}
[E=8/40, S=13820] {'wandb': 'ReFT_small|gsm8k_python_sdp_galactica_125m_08', 'lr': '1.8047e-05', 'T.loss': '0.043915', 'Eval.Gen.value_accuracy_best': '18.802'}
[E=8/40, S=13830] {'wandb': 'ReFT_small|gsm8k_python_sdp_galactica_125m_08', 'lr': '1.8044e-05', 'T.loss': '0.049118', 'Eval.Gen.value_accuracy_best': '18.802'}
[E=8/40, S=13840] {'wandb': 'ReFT_small|gsm8k_python_sdp_galactica_125m_08', 'lr': '1.8041e-05', 'T.loss': '0.067169', 'Eval.Gen.value_accuracy_best': '18.802'}
[E=8/40, S=13850] {'wandb': 'ReFT_small|gsm8k_python_sdp_galactica_125m_08', 'lr': '1.8038e-05', 'T.loss': '0.065613', 'Eval.Gen.value_accuracy_best': '18.802'}
[E=8/40, S=13860] {'wandb': 'ReFT_small|gsm8k_python_sdp_galactica_125m_08', 'lr': '1.8035e-05', 'T.loss': '0.066147', 'Eval.Gen.value_accuracy_best': '18.802'}
[E=8/40, S=13870] {'wandb': 'ReFT_small|gsm8k_python_sdp_galactica_125m_08', 'lr': '1.8032e-05', 'T.loss': '0.03363', 'Eval.Gen.value_accuracy_best': '18.802'}
[E=8/40, S=13880] {'wandb': 'ReFT_small|gsm8k_python_sdp_galactica_125m_08', 'lr': '1.8029e-05', 'T.loss': '0.093842', 'Eval.Gen.value_accuracy_best': '18.802'}
[E=8/40, S=13890] {'wandb': 'ReFT_small|gsm8k_python_sdp_galactica_125m_08', 'lr': '1.8026e-05', 'T.loss': '0.051865', 'Eval.Gen.value_accuracy_best': '18.802'}
[E=8/40, S=13900] {'wandb': 'ReFT_small|gsm8k_python_sdp_galactica_125m_08', 'lr': '1.8023e-05', 'T.loss': '0.078491', 'Eval.Gen.value_accuracy_best': '18.802'}
[E=8/40, S=13910] {'wandb': 'ReFT_small|gsm8k_python_sdp_galactica_125m_08', 'lr': '1.802e-05', 'T.loss': '0.030098', 'Eval.Gen.value_accuracy_best': '18.802'}
[E=8/40, S=13920] {'wandb': 'ReFT_small|gsm8k_python_sdp_galactica_125m_08', 'lr': '1.8017e-05', 'T.loss': '0.076141', 'Eval.Gen.value_accuracy_best': '18.802'}
[E=8/40, S=13930] {'wandb': 'ReFT_small|gsm8k_python_sdp_galactica_125m_08', 'lr': '1.8014e-05', 'T.loss': '0.065216', 'Eval.Gen.value_accuracy_best': '18.802'}
[E=8/40, S=13940] {'wandb': 'ReFT_small|gsm8k_python_sdp_galactica_125m_08', 'lr': '1.8011e-05', 'T.loss': '0.10123', 'Eval.Gen.value_accuracy_best': '18.802'}
[E=8/40, S=13950] {'wandb': 'ReFT_small|gsm8k_python_sdp_galactica_125m_08', 'lr': '1.8008e-05', 'T.loss': '0.056198', 'Eval.Gen.value_accuracy_best': '18.802'}
[E=8/40, S=13960] {'wandb': 'ReFT_small|gsm8k_python_sdp_galactica_125m_08', 'lr': '1.8005e-05', 'T.loss': '0.046402', 'Eval.Gen.value_accuracy_best': '18.802'}
[E=8/40, S=13970] {'wandb': 'ReFT_small|gsm8k_python_sdp_galactica_125m_08', 'lr': '1.8002e-05', 'T.loss': '0.060165', 'Eval.Gen.value_accuracy_best': '18.802'}
[E=8/40, S=13980] {'wandb': 'ReFT_small|gsm8k_python_sdp_galactica_125m_08', 'lr': '1.7999e-05', 'T.loss': '0.062668', 'Eval.Gen.value_accuracy_best': '18.802'}
[E=8/40, S=13990] {'wandb': 'ReFT_small|gsm8k_python_sdp_galactica_125m_08', 'lr': '1.7996e-05', 'T.loss': '0.076447', 'Eval.Gen.value_accuracy_best': '18.802'}
[E=8/40, S=14000] {'wandb': 'ReFT_small|gsm8k_python_sdp_galactica_125m_08', 'lr': '1.7993e-05', 'T.loss': '0.065674', 'Eval.Gen.value_accuracy_best': '18.802'}
[E=8/40, S=14010] {'wandb': 'ReFT_small|gsm8k_python_sdp_galactica_125m_08', 'lr': '1.799e-05', 'T.loss': '0.044098', 'Eval.Gen.value_accuracy_best': '18.802'}
[E=8/40, S=14020] {'wandb': 'ReFT_small|gsm8k_python_sdp_galactica_125m_08', 'lr': '1.7987e-05', 'T.loss': '0.075455', 'Eval.Gen.value_accuracy_best': '18.802'}
[E=8/40, S=14030] {'wandb': 'ReFT_small|gsm8k_python_sdp_galactica_125m_08', 'lr': '1.7984e-05', 'T.loss': '0.073853', 'Eval.Gen.value_accuracy_best': '18.802'}
[E=8/40, S=14040] {'wandb': 'ReFT_small|gsm8k_python_sdp_galactica_125m_08', 'lr': '1.7981e-05', 'T.loss': '0.054871', 'Eval.Gen.value_accuracy_best': '18.802'}
[E=8/40, S=14050] {'wandb': 'ReFT_small|gsm8k_python_sdp_galactica_125m_08', 'lr': '1.7978e-05', 'T.loss': '0.053787', 'Eval.Gen.value_accuracy_best': '18.802'}
[E=8/40, S=14060] {'wandb': 'ReFT_small|gsm8k_python_sdp_galactica_125m_08', 'lr': '1.7975e-05', 'T.loss': '0.056259', 'Eval.Gen.value_accuracy_best': '18.802'}
[E=8/40, S=14070] {'wandb': 'ReFT_small|gsm8k_python_sdp_galactica_125m_08', 'lr': '1.7972e-05', 'T.loss': '0.049515', 'Eval.Gen.value_accuracy_best': '18.802'}
[E=8/40, S=14080] {'wandb': 'ReFT_small|gsm8k_python_sdp_galactica_125m_08', 'lr': '1.7969e-05', 'T.loss': '0.074005', 'Eval.Gen.value_accuracy_best': '18.802'}
[E=8/40, S=14090] {'wandb': 'ReFT_small|gsm8k_python_sdp_galactica_125m_08', 'lr': '1.7966e-05', 'T.loss': '0.03952', 'Eval.Gen.value_accuracy_best': '18.802'}
[E=8/40, S=14100] {'wandb': 'ReFT_small|gsm8k_python_sdp_galactica_125m_08', 'lr': '1.7963e-05', 'T.loss': '0.12299', 'Eval.Gen.value_accuracy_best': '18.802'}
[E=8/40, S=14110] {'wandb': 'ReFT_small|gsm8k_python_sdp_galactica_125m_08', 'lr': '1.796e-05', 'T.loss': '0.036331', 'Eval.Gen.value_accuracy_best': '18.802'}
[E=8/40, S=14120] {'wandb': 'ReFT_small|gsm8k_python_sdp_galactica_125m_08', 'lr': '1.7957e-05', 'T.loss': '0.038132', 'Eval.Gen.value_accuracy_best': '18.802'}
[E=8/40, S=14130] {'wandb': 'ReFT_small|gsm8k_python_sdp_galactica_125m_08', 'lr': '1.7954e-05', 'T.loss': '0.081238', 'Eval.Gen.value_accuracy_best': '18.802'}
[E=8/40, S=14140] {'wandb': 'ReFT_small|gsm8k_python_sdp_galactica_125m_08', 'lr': '1.7951e-05', 'T.loss': '0.074646', 'Eval.Gen.value_accuracy_best': '18.802'}
[E=8/40, S=14150] {'wandb': 'ReFT_small|gsm8k_python_sdp_galactica_125m_08', 'lr': '1.7948e-05', 'T.loss': '0.053627', 'Eval.Gen.value_accuracy_best': '18.802'}
[E=8/40, S=14160] {'wandb': 'ReFT_small|gsm8k_python_sdp_galactica_125m_08', 'lr': '1.7945e-05', 'T.loss': '0.047104', 'Eval.Gen.value_accuracy_best': '18.802'}
[E=8/40, S=14170] {'wandb': 'ReFT_small|gsm8k_python_sdp_galactica_125m_08', 'lr': '1.7942e-05', 'T.loss': '0.091827', 'Eval.Gen.value_accuracy_best': '18.802'}
[E=8/40, S=14180] {'wandb': 'ReFT_small|gsm8k_python_sdp_galactica_125m_08', 'lr': '1.7938e-05', 'T.loss': '0.079163', 'Eval.Gen.value_accuracy_best': '18.802'}
[E=8/40, S=14190] {'wandb': 'ReFT_small|gsm8k_python_sdp_galactica_125m_08', 'lr': '1.7935e-05', 'T.loss': '0.078308', 'Eval.Gen.value_accuracy_best': '18.802'}
[E=8/40, S=14200] {'wandb': 'ReFT_small|gsm8k_python_sdp_galactica_125m_08', 'lr': '1.7932e-05', 'T.loss': '0.086136', 'Eval.Gen.value_accuracy_best': '18.802'}
[E=8/40, S=14210] {'wandb': 'ReFT_small|gsm8k_python_sdp_galactica_125m_08', 'lr': '1.7929e-05', 'T.loss': '0.10156', 'Eval.Gen.value_accuracy_best': '18.802'}
[E=8/40, S=14220] {'wandb': 'ReFT_small|gsm8k_python_sdp_galactica_125m_08', 'lr': '1.7926e-05', 'T.loss': '0.042358', 'Eval.Gen.value_accuracy_best': '18.802'}
[E=8/40, S=14230] {'wandb': 'ReFT_small|gsm8k_python_sdp_galactica_125m_08', 'lr': '1.7923e-05', 'T.loss': '0.040848', 'Eval.Gen.value_accuracy_best': '18.802'}
[E=8/40, S=14240] {'wandb': 'ReFT_small|gsm8k_python_sdp_galactica_125m_08', 'lr': '1.792e-05', 'T.loss': '0.062073', 'Eval.Gen.value_accuracy_best': '18.802'}
[E=8/40, S=14250] {'wandb': 'ReFT_small|gsm8k_python_sdp_galactica_125m_08', 'lr': '1.7917e-05', 'T.loss': '0.088943', 'Eval.Gen.value_accuracy_best': '18.802'}
[E=8/40, S=14260] {'wandb': 'ReFT_small|gsm8k_python_sdp_galactica_125m_08', 'lr': '1.7914e-05', 'T.loss': '0.047531', 'Eval.Gen.value_accuracy_best': '18.802'}
[E=8/40, S=14270] {'wandb': 'ReFT_small|gsm8k_python_sdp_galactica_125m_08', 'lr': '1.7911e-05', 'T.loss': '0.13843', 'Eval.Gen.value_accuracy_best': '18.802'}
[E=8/40, S=14280] {'wandb': 'ReFT_small|gsm8k_python_sdp_galactica_125m_08', 'lr': '1.7908e-05', 'T.loss': '0.04155', 'Eval.Gen.value_accuracy_best': '18.802'}
[E=8/40, S=14290] {'wandb': 'ReFT_small|gsm8k_python_sdp_galactica_125m_08', 'lr': '1.7905e-05', 'T.loss': '0.027901', 'Eval.Gen.value_accuracy_best': '18.802'}
[E=8/40, S=14300] {'wandb': 'ReFT_small|gsm8k_python_sdp_galactica_125m_08', 'lr': '1.7902e-05', 'T.loss': '0.06192', 'Eval.Gen.value_accuracy_best': '18.802'}
[E=8/40, S=14310] {'wandb': 'ReFT_small|gsm8k_python_sdp_galactica_125m_08', 'lr': '1.7899e-05', 'T.loss': '0.043671', 'Eval.Gen.value_accuracy_best': '18.802'}
[E=8/40, S=14320] {'wandb': 'ReFT_small|gsm8k_python_sdp_galactica_125m_08', 'lr': '1.7896e-05', 'T.loss': '0.037888', 'Eval.Gen.value_accuracy_best': '18.802'}
[E=8/40, S=14330] {'wandb': 'ReFT_small|gsm8k_python_sdp_galactica_125m_08', 'lr': '1.7893e-05', 'T.loss': '0.068466', 'Eval.Gen.value_accuracy_best': '18.802'}
[E=8/40, S=14340] {'wandb': 'ReFT_small|gsm8k_python_sdp_galactica_125m_08', 'lr': '1.789e-05', 'T.loss': '0.05574', 'Eval.Gen.value_accuracy_best': '18.802'}
[E=8/40, S=14350] {'wandb': 'ReFT_small|gsm8k_python_sdp_galactica_125m_08', 'lr': '1.7887e-05', 'T.loss': '0.076843', 'Eval.Gen.value_accuracy_best': '18.802'}
[E=8/40, S=14360] {'wandb': 'ReFT_small|gsm8k_python_sdp_galactica_125m_08', 'lr': '1.7884e-05', 'T.loss': '0.048172', 'Eval.Gen.value_accuracy_best': '18.802'}
[E=8/40, S=14370] {'wandb': 'ReFT_small|gsm8k_python_sdp_galactica_125m_08', 'lr': '1.7881e-05', 'T.loss': '0.095306', 'Eval.Gen.value_accuracy_best': '18.802'}
[E=8/40, S=14380] {'wandb': 'ReFT_small|gsm8k_python_sdp_galactica_125m_08', 'lr': '1.7878e-05', 'T.loss': '0.058792', 'Eval.Gen.value_accuracy_best': '18.802'}
[E=8/40, S=14390] {'wandb': 'ReFT_small|gsm8k_python_sdp_galactica_125m_08', 'lr': '1.7875e-05', 'T.loss': '0.054062', 'Eval.Gen.value_accuracy_best': '18.802'}
[E=8/40, S=14400] {'wandb': 'ReFT_small|gsm8k_python_sdp_galactica_125m_08', 'lr': '1.7872e-05', 'T.loss': '0.047989', 'Eval.Gen.value_accuracy_best': '18.802'}
[E=8/40, S=14410] {'wandb': 'ReFT_small|gsm8k_python_sdp_galactica_125m_08', 'lr': '1.7869e-05', 'T.loss': '0.048157', 'Eval.Gen.value_accuracy_best': '18.802'}
[E=8/40, S=14420] {'wandb': 'ReFT_small|gsm8k_python_sdp_galactica_125m_08', 'lr': '1.7866e-05', 'T.loss': '0.043457', 'Eval.Gen.value_accuracy_best': '18.802'}
[E=8/40, S=14430] {'wandb': 'ReFT_small|gsm8k_python_sdp_galactica_125m_08', 'lr': '1.7863e-05', 'T.loss': '0.051987', 'Eval.Gen.value_accuracy_best': '18.802'}
[E=8/40, S=14440] {'wandb': 'ReFT_small|gsm8k_python_sdp_galactica_125m_08', 'lr': '1.786e-05', 'T.loss': '0.027878', 'Eval.Gen.value_accuracy_best': '18.802'}
[E=8/40, S=14450] {'wandb': 'ReFT_small|gsm8k_python_sdp_galactica_125m_08', 'lr': '1.7857e-05', 'T.loss': '0.057083', 'Eval.Gen.value_accuracy_best': '18.802'}
[E=8/40, S=14460] {'wandb': 'ReFT_small|gsm8k_python_sdp_galactica_125m_08', 'lr': '1.7854e-05', 'T.loss': '0.087814', 'Eval.Gen.value_accuracy_best': '18.802'}
[E=8/40, S=14470] {'wandb': 'ReFT_small|gsm8k_python_sdp_galactica_125m_08', 'lr': '1.7851e-05', 'T.loss': '0.071442', 'Eval.Gen.value_accuracy_best': '18.802'}
[E=8/40, S=14480] {'wandb': 'ReFT_small|gsm8k_python_sdp_galactica_125m_08', 'lr': '1.7848e-05', 'T.loss': '0.045151', 'Eval.Gen.value_accuracy_best': '18.802'}
[E=8/40, S=14490] {'wandb': 'ReFT_small|gsm8k_python_sdp_galactica_125m_08', 'lr': '1.7845e-05', 'T.loss': '0.10046', 'Eval.Gen.value_accuracy_best': '18.802'}
[E=8/40, S=14500] {'wandb': 'ReFT_small|gsm8k_python_sdp_galactica_125m_08', 'lr': '1.7842e-05', 'T.loss': '0.060837', 'Eval.Gen.value_accuracy_best': '18.802'}
[E=8/40, S=14510] {'wandb': 'ReFT_small|gsm8k_python_sdp_galactica_125m_08', 'lr': '1.7839e-05', 'T.loss': '0.072327', 'Eval.Gen.value_accuracy_best': '18.802'}
[E=8/40, S=14520] {'wandb': 'ReFT_small|gsm8k_python_sdp_galactica_125m_08', 'lr': '1.7836e-05', 'T.loss': '0.089355', 'Eval.Gen.value_accuracy_best': '18.802'}
[E=8/40, S=14530] {'wandb': 'ReFT_small|gsm8k_python_sdp_galactica_125m_08', 'lr': '1.7833e-05', 'T.loss': '0.069229', 'Eval.Gen.value_accuracy_best': '18.802'}
[E=8/40, S=14540] {'wandb': 'ReFT_small|gsm8k_python_sdp_galactica_125m_08', 'lr': '1.783e-05', 'T.loss': '0.09082', 'Eval.Gen.value_accuracy_best': '18.802'}
[E=8/40, S=14550] {'wandb': 'ReFT_small|gsm8k_python_sdp_galactica_125m_08', 'lr': '1.7827e-05', 'T.loss': '0.080322', 'Eval.Gen.value_accuracy_best': '18.802'}
[E=8/40, S=14560] {'wandb': 'ReFT_small|gsm8k_python_sdp_galactica_125m_08', 'lr': '1.7824e-05', 'T.loss': '0.035538', 'Eval.Gen.value_accuracy_best': '18.802'}
[E=8/40, S=14570] {'wandb': 'ReFT_small|gsm8k_python_sdp_galactica_125m_08', 'lr': '1.7821e-05', 'T.loss': '0.055695', 'Eval.Gen.value_accuracy_best': '18.802'}
[E=8/40, S=14580] {'wandb': 'ReFT_small|gsm8k_python_sdp_galactica_125m_08', 'lr': '1.7818e-05', 'T.loss': '0.077076', 'Eval.Gen.value_accuracy_best': '18.802'}
[E=8/40, S=14590] {'wandb': 'ReFT_small|gsm8k_python_sdp_galactica_125m_08', 'lr': '1.7815e-05', 'T.loss': '0.038307', 'Eval.Gen.value_accuracy_best': '18.802'}
[E=8/40, S=14600] {'wandb': 'ReFT_small|gsm8k_python_sdp_galactica_125m_08', 'lr': '1.7812e-05', 'T.loss': '0.085541', 'Eval.Gen.value_accuracy_best': '18.802'}
[E=8/40, S=14610] {'wandb': 'ReFT_small|gsm8k_python_sdp_galactica_125m_08', 'lr': '1.7809e-05', 'T.loss': '0.083527', 'Eval.Gen.value_accuracy_best': '18.802'}
[E=8/40, S=14620] {'wandb': 'ReFT_small|gsm8k_python_sdp_galactica_125m_08', 'lr': '1.7806e-05', 'T.loss': '0.092468', 'Eval.Gen.value_accuracy_best': '18.802'}
[E=8/40, S=14630] {'wandb': 'ReFT_small|gsm8k_python_sdp_galactica_125m_08', 'lr': '1.7803e-05', 'T.loss': '0.123', 'Eval.Gen.value_accuracy_best': '18.802'}
[E=8/40, S=14640] {'wandb': 'ReFT_small|gsm8k_python_sdp_galactica_125m_08', 'lr': '1.78e-05', 'T.loss': '0.068344', 'Eval.Gen.value_accuracy_best': '18.802'}
[E=8/40, S=14650] {'wandb': 'ReFT_small|gsm8k_python_sdp_galactica_125m_08', 'lr': '1.7797e-05', 'T.loss': '0.049744', 'Eval.Gen.value_accuracy_best': '18.802'}
[E=8/40, S=14660] {'wandb': 'ReFT_small|gsm8k_python_sdp_galactica_125m_08', 'lr': '1.7793e-05', 'T.loss': '0.069611', 'Eval.Gen.value_accuracy_best': '18.802'}
[E=8/40, S=14670] {'wandb': 'ReFT_small|gsm8k_python_sdp_galactica_125m_08', 'lr': '1.779e-05', 'T.loss': '0.071213', 'Eval.Gen.value_accuracy_best': '18.802'}
[E=8/40, S=14680] {'wandb': 'ReFT_small|gsm8k_python_sdp_galactica_125m_08', 'lr': '1.7787e-05', 'T.loss': '0.034073', 'Eval.Gen.value_accuracy_best': '18.802'}
[E=8/40, S=14690] {'wandb': 'ReFT_small|gsm8k_python_sdp_galactica_125m_08', 'lr': '1.7784e-05', 'T.loss': '0.067657', 'Eval.Gen.value_accuracy_best': '18.802'}
[E=8/40, S=14700] {'wandb': 'ReFT_small|gsm8k_python_sdp_galactica_125m_08', 'lr': '1.7781e-05', 'T.loss': '0.053772', 'Eval.Gen.value_accuracy_best': '18.802'}
[E=8/40, S=14710] {'wandb': 'ReFT_small|gsm8k_python_sdp_galactica_125m_08', 'lr': '1.7778e-05', 'T.loss': '0.063858', 'Eval.Gen.value_accuracy_best': '18.802'}
name 'glass_price_percent_percent' is not defined
local variable 'time3' referenced before assignment
invalid syntax (<string>, line 7)
name 'hours_per_week_per_month' is not defined
name 'lego_money_initial' is not defined
local variable 'pounds_of_pounds' referenced before assignment
local variable 'gas_total_gallons' referenced before assignment
invalid syntax (<string>, line 5)
local variable 'total_liters_after_boys' referenced before assignment
name 'games_won' is not defined
local variable 'gerald_time' referenced before assignment
local variable 'glasses_per_week_per_weekend' referenced before assignment
invalid syntax (<string>, line 7)
local variable 'days_after' referenced before assignment
local variable 'vehicles_added_day2' referenced before assignment
local variable 'spoons_bought' referenced before assignment
name 'watermelon' is not defined
name 'scottles_highlands' is not defined
name 'queen_bees_initial' is not defined
local variable 'part_time_job_price' referenced before assignment
name 'client_2_bottles_bottles' is not defined
invalid decimal literal (<string>, line 8)
name 'child_admission_money' is not defined
local variable 'raccoons_left' referenced before assignment
invalid syntax (<string>, line 6)
name 'action_figure_cost' is not defined
name 'total_income' is not defined
local variable 'time_cutting' referenced before assignment
local variable 'Chinese' referenced before assignment
local variable 'red_roses_initial' referenced before assignment
name 'total_straw_per_hamster_cages' is not defined
local variable 'total_bags' referenced before assignment
name 'sentence_length' is not defined
name 'slices_per_omelet' is not defined
name 'mom_total' is not defined
local variable 'registration_amount' referenced before assignment
local variable 'steve_tomatoes_per_week' referenced before assignment
local variable 'sue_calories_eaten_total' referenced before assignment
name 'fast_lane_distance' is not defined
name 'a' is not defined
local variable 'miles_per_week' referenced before assignment
name 'days_added_arm' is not defined
name 'pool_volume_cost_total_cost' is not defined
local variable 'people_left_after_an_hour_more' referenced before assignment
local variable 'ice_coffee_after_ice_cube_cooling' referenced before assignment
name 'charge_charge_amount' is not defined
invalid syntax (<string>, line 7)
name 'job_a_total_yearly_net_pay' is not defined
invalid syntax (<string>, line 5)
name 'silo_price' is not defined
name 'money_after' is not defined
local variable 'boys_initial' referenced before assignment
name 'cups_per_pitcher_capacity' is not defined
name 'sam_popsicles_more' is not defined
invalid syntax (<string>, line 7)
local variable 'cannolis_more_than_cannolis_more_than_cannolis' referenced before assignment
name 'words_read_at_airport_left' is not defined
name 'humps_total' is not defined
name 'ivans_capacity' is not defined
local variable 'money_left_after_money_spending' referenced before assignment
name 'cake_pieces_per_person' is not defined
name 'oven_temp_initial' is not defined
local variable 'popcorn_soda_price_difference' referenced before assignment
name 'aluminum_cans_water' is not defined
name 'becky_total_price' is not defined
name 'normal_price' is not defined
invalid decimal literal (<string>, line 5)
local variable 'keegan_earnings_after' referenced before assignment
name 'southlandia_hot_hot_hot_hot_hot_hot_hot_hot_hot_hot_hot_hot_hot_hot_hot_hot_hot_hot_hot_hot_hot_hot_hot_hot_hot_hot_hot_hot_hot_hot_hot_hot_hot_hot_hot_hot_hot_hot_hot_hot_hot_hot_hot_hot_hot_hot_hot_' is not defined
invalid syntax (<string>, line 6)
name 'days_afternoon' is not defined
name 'guests_attended_attended' is not defined
local variable 'total_chairs' referenced before assignment
name 'weeks_after' is not defined
local variable 'seashells_after' referenced before assignment
local variable 'buttons_with_four_holes' referenced before assignment
invalid syntax (<string>, line 7)
name 'sharon_money_lost_1' is not defined
name 'miami_money_price' is not defined
name 'sandwich_cost_per_sandwich' is not defined
local variable 'birds_day_one_two' referenced before assignment
local variable 'half_value' referenced before assignment
name 'friend_total_utensils_bought' is not defined
name 'jsaturday_hours' is not defined
name 'words_initial' is not defined
local variable 'friends_invited' referenced before assignment
invalid syntax (<string>, line 8)
local variable 'pounds_per_dozen_after' referenced before assignment
invalid syntax (<string>, line 9)
local variable 'tom_miles_to_bob' referenced before assignment
name 'salary_after_price' is not defined
name 'shirts_cost' is not defined
name 'pomegranates_after_discount_after_discount' is not defined
name 'grandchildren_initial_total' is not defined
name 'ratio_initial' is not defined
invalid syntax (<string>, line 7)
invalid syntax (<string>, line 7)
name 'normal_chairs_left' is not defined
invalid syntax (<string>, line 8)
name 'boris_apples_after' is not defined
name 'packs_bought' is not defined
name 'students_needed' is not defined
name 'chairs_per_weekday' is not defined
name 'jack_cucumber_cost' is not defined
name 'juice_cost_per_kg' is not defined
local variable 'corn_price' referenced before assignment
name 'hours_total' is not defined
local variable 'timer_points_collected' referenced before assignment
local variable 'days_per_week_other_total' referenced before assignment
invalid syntax (<string>, line 5)
name 'bread_cost_total' is not defined
name 'total_chips_total' is not defined
local variable 'flowers_remaining' referenced before assignment
name 'salt_size_in_ounce' is not defined
name 'shelves_hung' is not defined
name 'glue_stick_initial' is not defined
name 'water_added_day_1_3' is not defined
name 'Rafaela_money' is not defined
name 'sie_books_more_than_anne_fawn' is not defined
name 'bacon_cost' is not defined
name 'total_large_masks' is not defined
name 'popcorn_movies' is not defined
local variable 'blueberry_muffins_total' referenced before assignment
name 'widerget_eer_3000_sold' is not defined
name 'stay_24_hours_added' is not defined
name 'apples' is not defined
name 'part_hours' is not defined
local variable 'utensils_after' referenced before assignment
name 'hybrid_sets_rate' is not defined
name 'shrimp_peel_minutes' is not defined
local variable 'trips_other' referenced before assignment
name 'downpayment_percent' is not defined
name 'pears_cost' is not defined
local variable 'total_portraits' referenced before assignment
local variable 'package_3_price' referenced before assignment
name 'old_bedroom_cost' is not defined
local variable 'marcus_extension_percent' referenced before assignment
name 'gardners' is not defined
name 'parmesan_pounds' is not defined
name 'loan' is not defined
invalid decimal literal (<string>, line 6)
name 'total_twice_days' is not defined
name 'becky_slices' is not defined
name 'guests_unable' is not defined
name 'spring_spring_hours' is not defined
name 'bikes_tsb_tsb_tsb_tsb' is not defined
name 'weeks_per_month' is not defined
local variable 'starting_height' referenced before assignment
name 'towels_returned_after_sale' is not defined
local variable 'jellyfish_total' referenced before assignment
local variable 'salary_percent_remaining' referenced before assignment
name 'peter_apples_initial' is not defined
('Task timeout', 10)
local variable 'lisa_stickers_after' referenced before assignment
invalid syntax (<string>, line 6)
name 'planks_price' is not defined
name 'mug_1_ounces' is not defined
local variable 'days_eaten_total' referenced before assignment
local variable 'women_after' referenced before assignment
name 'days_after' is not defined
name 'team_a_second_half' is not defined
local variable 'chalk_left_after_day_more' referenced before assignment
local variable 'students_on_other_varsity_more' referenced before assignment
local variable 'apples_left_after_thinking_of_pie' referenced before assignment
name 'coal_bags' is not defined
invalid syntax (<string>, line 5)
invalid syntax (<string>, line 6)
local variable 'balloons_thrown' referenced before assignment
local variable 'jelly_beans_height' referenced before assignment
local variable 'visits_initial' referenced before assignment
local variable 'groups_of_students' referenced before assignment
name 'longer_piece_length' is not defined
name 'minutes_after_16_minutes' is not defined
local variable 'brownies_per_cupcake' referenced before assignment
invalid syntax (<string>, line 7)
local variable 'teachers_remaining' referenced before assignment
name 'flashlights_per_room_total' is not defined
local variable 'calls_per_day' referenced before assignment
invalid syntax (<string>, line 8)
name 'popcorns_num_popcorns' is not defined
name 'jar_cost' is not defined
invalid syntax (<string>, line 6)
local variable 'sarah_raised' referenced before assignment
name 'normal_meals_per_night' is not defined
name 'ana_oranges' is not defined
[Eval Info] value_accuracy: 20.167%
[E=8/40, S=14712] {'wandb': 'ReFT_small|gsm8k_python_sdp_galactica_125m_08', 'lr': '1.7778e-05', 'T.loss': '0.083374', 'Eval.Gen.value_accuracy': '20.167', 'Eval.Gen.value_accuracy_best': '20.167'}
[E=9/40, S=14720] {'wandb': 'ReFT_small|gsm8k_python_sdp_galactica_125m_08', 'lr': '1.7775e-05', 'T.loss': '0.039711', 'Eval.Gen.value_accuracy_best': '20.167'}
[E=9/40, S=14730] {'wandb': 'ReFT_small|gsm8k_python_sdp_galactica_125m_08', 'lr': '1.7772e-05', 'T.loss': '0.033371', 'Eval.Gen.value_accuracy_best': '20.167'}
[E=9/40, S=14740] {'wandb': 'ReFT_small|gsm8k_python_sdp_galactica_125m_08', 'lr': '1.7769e-05', 'T.loss': '0.071472', 'Eval.Gen.value_accuracy_best': '20.167'}
[E=9/40, S=14750] {'wandb': 'ReFT_small|gsm8k_python_sdp_galactica_125m_08', 'lr': '1.7766e-05', 'T.loss': '0.020782', 'Eval.Gen.value_accuracy_best': '20.167'}
[E=9/40, S=14760] {'wandb': 'ReFT_small|gsm8k_python_sdp_galactica_125m_08', 'lr': '1.7763e-05', 'T.loss': '0.05423', 'Eval.Gen.value_accuracy_best': '20.167'}
[E=9/40, S=14770] {'wandb': 'ReFT_small|gsm8k_python_sdp_galactica_125m_08', 'lr': '1.776e-05', 'T.loss': '0.066956', 'Eval.Gen.value_accuracy_best': '20.167'}
[E=9/40, S=14780] {'wandb': 'ReFT_small|gsm8k_python_sdp_galactica_125m_08', 'lr': '1.7757e-05', 'T.loss': '0.03949', 'Eval.Gen.value_accuracy_best': '20.167'}
[E=9/40, S=14790] {'wandb': 'ReFT_small|gsm8k_python_sdp_galactica_125m_08', 'lr': '1.7754e-05', 'T.loss': '0.065826', 'Eval.Gen.value_accuracy_best': '20.167'}
[E=9/40, S=14800] {'wandb': 'ReFT_small|gsm8k_python_sdp_galactica_125m_08', 'lr': '1.7751e-05', 'T.loss': '0.032463', 'Eval.Gen.value_accuracy_best': '20.167'}
[E=9/40, S=14810] {'wandb': 'ReFT_small|gsm8k_python_sdp_galactica_125m_08', 'lr': '1.7748e-05', 'T.loss': '0.052246', 'Eval.Gen.value_accuracy_best': '20.167'}
[E=9/40, S=14820] {'wandb': 'ReFT_small|gsm8k_python_sdp_galactica_125m_08', 'lr': '1.7745e-05', 'T.loss': '0.044968', 'Eval.Gen.value_accuracy_best': '20.167'}
[E=9/40, S=14830] {'wandb': 'ReFT_small|gsm8k_python_sdp_galactica_125m_08', 'lr': '1.7742e-05', 'T.loss': '0.042542', 'Eval.Gen.value_accuracy_best': '20.167'}
[E=9/40, S=14840] {'wandb': 'ReFT_small|gsm8k_python_sdp_galactica_125m_08', 'lr': '1.7739e-05', 'T.loss': '0.026382', 'Eval.Gen.value_accuracy_best': '20.167'}
[E=9/40, S=14850] {'wandb': 'ReFT_small|gsm8k_python_sdp_galactica_125m_08', 'lr': '1.7736e-05', 'T.loss': '0.041595', 'Eval.Gen.value_accuracy_best': '20.167'}
[E=9/40, S=14860] {'wandb': 'ReFT_small|gsm8k_python_sdp_galactica_125m_08', 'lr': '1.7733e-05', 'T.loss': '0.1123', 'Eval.Gen.value_accuracy_best': '20.167'}
[E=9/40, S=14870] {'wandb': 'ReFT_small|gsm8k_python_sdp_galactica_125m_08', 'lr': '1.773e-05', 'T.loss': '0.081207', 'Eval.Gen.value_accuracy_best': '20.167'}
[E=9/40, S=14880] {'wandb': 'ReFT_small|gsm8k_python_sdp_galactica_125m_08', 'lr': '1.7727e-05', 'T.loss': '0.033646', 'Eval.Gen.value_accuracy_best': '20.167'}
[E=9/40, S=14890] {'wandb': 'ReFT_small|gsm8k_python_sdp_galactica_125m_08', 'lr': '1.7724e-05', 'T.loss': '0.047012', 'Eval.Gen.value_accuracy_best': '20.167'}
[E=9/40, S=14900] {'wandb': 'ReFT_small|gsm8k_python_sdp_galactica_125m_08', 'lr': '1.7721e-05', 'T.loss': '0.10046', 'Eval.Gen.value_accuracy_best': '20.167'}
[E=9/40, S=14910] {'wandb': 'ReFT_small|gsm8k_python_sdp_galactica_125m_08', 'lr': '1.7718e-05', 'T.loss': '0.03315', 'Eval.Gen.value_accuracy_best': '20.167'}
[E=9/40, S=14920] {'wandb': 'ReFT_small|gsm8k_python_sdp_galactica_125m_08', 'lr': '1.7715e-05', 'T.loss': '0.05481', 'Eval.Gen.value_accuracy_best': '20.167'}
[E=9/40, S=14930] {'wandb': 'ReFT_small|gsm8k_python_sdp_galactica_125m_08', 'lr': '1.7712e-05', 'T.loss': '0.062317', 'Eval.Gen.value_accuracy_best': '20.167'}
[E=9/40, S=14940] {'wandb': 'ReFT_small|gsm8k_python_sdp_galactica_125m_08', 'lr': '1.7709e-05', 'T.loss': '0.053101', 'Eval.Gen.value_accuracy_best': '20.167'}
[E=9/40, S=14950] {'wandb': 'ReFT_small|gsm8k_python_sdp_galactica_125m_08', 'lr': '1.7706e-05', 'T.loss': '0.036156', 'Eval.Gen.value_accuracy_best': '20.167'}
[E=9/40, S=14960] {'wandb': 'ReFT_small|gsm8k_python_sdp_galactica_125m_08', 'lr': '1.7703e-05', 'T.loss': '0.07811', 'Eval.Gen.value_accuracy_best': '20.167'}
[E=9/40, S=14970] {'wandb': 'ReFT_small|gsm8k_python_sdp_galactica_125m_08', 'lr': '1.77e-05', 'T.loss': '0.044159', 'Eval.Gen.value_accuracy_best': '20.167'}
[E=9/40, S=14980] {'wandb': 'ReFT_small|gsm8k_python_sdp_galactica_125m_08', 'lr': '1.7697e-05', 'T.loss': '0.044205', 'Eval.Gen.value_accuracy_best': '20.167'}
[E=9/40, S=14990] {'wandb': 'ReFT_small|gsm8k_python_sdp_galactica_125m_08', 'lr': '1.7694e-05', 'T.loss': '0.049332', 'Eval.Gen.value_accuracy_best': '20.167'}
[E=9/40, S=15000] {'wandb': 'ReFT_small|gsm8k_python_sdp_galactica_125m_08', 'lr': '1.7691e-05', 'T.loss': '0.088959', 'Eval.Gen.value_accuracy_best': '20.167'}
[E=9/40, S=15010] {'wandb': 'ReFT_small|gsm8k_python_sdp_galactica_125m_08', 'lr': '1.7688e-05', 'T.loss': '0.047493', 'Eval.Gen.value_accuracy_best': '20.167'}
[E=9/40, S=15020] {'wandb': 'ReFT_small|gsm8k_python_sdp_galactica_125m_08', 'lr': '1.7685e-05', 'T.loss': '0.030716', 'Eval.Gen.value_accuracy_best': '20.167'}
[E=9/40, S=15030] {'wandb': 'ReFT_small|gsm8k_python_sdp_galactica_125m_08', 'lr': '1.7682e-05', 'T.loss': '0.03569', 'Eval.Gen.value_accuracy_best': '20.167'}
[E=9/40, S=15040] {'wandb': 'ReFT_small|gsm8k_python_sdp_galactica_125m_08', 'lr': '1.7679e-05', 'T.loss': '0.046783', 'Eval.Gen.value_accuracy_best': '20.167'}
[E=9/40, S=15050] {'wandb': 'ReFT_small|gsm8k_python_sdp_galactica_125m_08', 'lr': '1.7676e-05', 'T.loss': '0.073608', 'Eval.Gen.value_accuracy_best': '20.167'}
[E=9/40, S=15060] {'wandb': 'ReFT_small|gsm8k_python_sdp_galactica_125m_08', 'lr': '1.7673e-05', 'T.loss': '0.03064', 'Eval.Gen.value_accuracy_best': '20.167'}
[E=9/40, S=15070] {'wandb': 'ReFT_small|gsm8k_python_sdp_galactica_125m_08', 'lr': '1.767e-05', 'T.loss': '0.024124', 'Eval.Gen.value_accuracy_best': '20.167'}
[E=9/40, S=15080] {'wandb': 'ReFT_small|gsm8k_python_sdp_galactica_125m_08', 'lr': '1.7667e-05', 'T.loss': '0.069153', 'Eval.Gen.value_accuracy_best': '20.167'}
[E=9/40, S=15090] {'wandb': 'ReFT_small|gsm8k_python_sdp_galactica_125m_08', 'lr': '1.7664e-05', 'T.loss': '0.047546', 'Eval.Gen.value_accuracy_best': '20.167'}
[E=9/40, S=15100] {'wandb': 'ReFT_small|gsm8k_python_sdp_galactica_125m_08', 'lr': '1.7661e-05', 'T.loss': '0.028625', 'Eval.Gen.value_accuracy_best': '20.167'}
[E=9/40, S=15110] {'wandb': 'ReFT_small|gsm8k_python_sdp_galactica_125m_08', 'lr': '1.7658e-05', 'T.loss': '0.064163', 'Eval.Gen.value_accuracy_best': '20.167'}
[E=9/40, S=15120] {'wandb': 'ReFT_small|gsm8k_python_sdp_galactica_125m_08', 'lr': '1.7655e-05', 'T.loss': '0.042603', 'Eval.Gen.value_accuracy_best': '20.167'}
[E=9/40, S=15130] {'wandb': 'ReFT_small|gsm8k_python_sdp_galactica_125m_08', 'lr': '1.7652e-05', 'T.loss': '0.018669', 'Eval.Gen.value_accuracy_best': '20.167'}
[E=9/40, S=15140] {'wandb': 'ReFT_small|gsm8k_python_sdp_galactica_125m_08', 'lr': '1.7648e-05', 'T.loss': '0.063248', 'Eval.Gen.value_accuracy_best': '20.167'}
[E=9/40, S=15150] {'wandb': 'ReFT_small|gsm8k_python_sdp_galactica_125m_08', 'lr': '1.7645e-05', 'T.loss': '0.050034', 'Eval.Gen.value_accuracy_best': '20.167'}
[E=9/40, S=15160] {'wandb': 'ReFT_small|gsm8k_python_sdp_galactica_125m_08', 'lr': '1.7642e-05', 'T.loss': '0.035397', 'Eval.Gen.value_accuracy_best': '20.167'}
[E=9/40, S=15170] {'wandb': 'ReFT_small|gsm8k_python_sdp_galactica_125m_08', 'lr': '1.7639e-05', 'T.loss': '0.04628', 'Eval.Gen.value_accuracy_best': '20.167'}
[E=9/40, S=15180] {'wandb': 'ReFT_small|gsm8k_python_sdp_galactica_125m_08', 'lr': '1.7636e-05', 'T.loss': '0.063889', 'Eval.Gen.value_accuracy_best': '20.167'}
[E=9/40, S=15190] {'wandb': 'ReFT_small|gsm8k_python_sdp_galactica_125m_08', 'lr': '1.7633e-05', 'T.loss': '0.049866', 'Eval.Gen.value_accuracy_best': '20.167'}
[E=9/40, S=15200] {'wandb': 'ReFT_small|gsm8k_python_sdp_galactica_125m_08', 'lr': '1.763e-05', 'T.loss': '0.055664', 'Eval.Gen.value_accuracy_best': '20.167'}
[E=9/40, S=15210] {'wandb': 'ReFT_small|gsm8k_python_sdp_galactica_125m_08', 'lr': '1.7627e-05', 'T.loss': '0.057922', 'Eval.Gen.value_accuracy_best': '20.167'}
[E=9/40, S=15220] {'wandb': 'ReFT_small|gsm8k_python_sdp_galactica_125m_08', 'lr': '1.7624e-05', 'T.loss': '0.086639', 'Eval.Gen.value_accuracy_best': '20.167'}
[E=9/40, S=15230] {'wandb': 'ReFT_small|gsm8k_python_sdp_galactica_125m_08', 'lr': '1.7621e-05', 'T.loss': '0.044014', 'Eval.Gen.value_accuracy_best': '20.167'}
[E=9/40, S=15240] {'wandb': 'ReFT_small|gsm8k_python_sdp_galactica_125m_08', 'lr': '1.7618e-05', 'T.loss': '0.045197', 'Eval.Gen.value_accuracy_best': '20.167'}
[E=9/40, S=15250] {'wandb': 'ReFT_small|gsm8k_python_sdp_galactica_125m_08', 'lr': '1.7615e-05', 'T.loss': '0.062729', 'Eval.Gen.value_accuracy_best': '20.167'}
[E=9/40, S=15260] {'wandb': 'ReFT_small|gsm8k_python_sdp_galactica_125m_08', 'lr': '1.7612e-05', 'T.loss': '0.036049', 'Eval.Gen.value_accuracy_best': '20.167'}
[E=9/40, S=15270] {'wandb': 'ReFT_small|gsm8k_python_sdp_galactica_125m_08', 'lr': '1.7609e-05', 'T.loss': '0.070602', 'Eval.Gen.value_accuracy_best': '20.167'}
[E=9/40, S=15280] {'wandb': 'ReFT_small|gsm8k_python_sdp_galactica_125m_08', 'lr': '1.7606e-05', 'T.loss': '0.042938', 'Eval.Gen.value_accuracy_best': '20.167'}
[E=9/40, S=15290] {'wandb': 'ReFT_small|gsm8k_python_sdp_galactica_125m_08', 'lr': '1.7603e-05', 'T.loss': '0.049469', 'Eval.Gen.value_accuracy_best': '20.167'}
[E=9/40, S=15300] {'wandb': 'ReFT_small|gsm8k_python_sdp_galactica_125m_08', 'lr': '1.76e-05', 'T.loss': '0.062958', 'Eval.Gen.value_accuracy_best': '20.167'}
[E=9/40, S=15310] {'wandb': 'ReFT_small|gsm8k_python_sdp_galactica_125m_08', 'lr': '1.7597e-05', 'T.loss': '0.068512', 'Eval.Gen.value_accuracy_best': '20.167'}
[E=9/40, S=15320] {'wandb': 'ReFT_small|gsm8k_python_sdp_galactica_125m_08', 'lr': '1.7594e-05', 'T.loss': '0.066345', 'Eval.Gen.value_accuracy_best': '20.167'}
[E=9/40, S=15330] {'wandb': 'ReFT_small|gsm8k_python_sdp_galactica_125m_08', 'lr': '1.7591e-05', 'T.loss': '0.05365', 'Eval.Gen.value_accuracy_best': '20.167'}
[2025-06-05 19:53:52,976] [INFO] [loss_scaler.py:183:update_scale] [deepspeed] OVERFLOW! Rank 0 Skipping step. Attempted loss scale: 65536, reducing to 32768
[E=9/40, S=15340] {'wandb': 'ReFT_small|gsm8k_python_sdp_galactica_125m_08', 'lr': '1.7588e-05', 'T.loss': '0.082336', 'Eval.Gen.value_accuracy_best': '20.167'}
[E=9/40, S=15350] {'wandb': 'ReFT_small|gsm8k_python_sdp_galactica_125m_08', 'lr': '1.7585e-05', 'T.loss': '0.045547', 'Eval.Gen.value_accuracy_best': '20.167'}
[E=9/40, S=15360] {'wandb': 'ReFT_small|gsm8k_python_sdp_galactica_125m_08', 'lr': '1.7582e-05', 'T.loss': '0.068329', 'Eval.Gen.value_accuracy_best': '20.167'}
[E=9/40, S=15370] {'wandb': 'ReFT_small|gsm8k_python_sdp_galactica_125m_08', 'lr': '1.7579e-05', 'T.loss': '0.045876', 'Eval.Gen.value_accuracy_best': '20.167'}
[E=9/40, S=15380] {'wandb': 'ReFT_small|gsm8k_python_sdp_galactica_125m_08', 'lr': '1.7576e-05', 'T.loss': '0.049622', 'Eval.Gen.value_accuracy_best': '20.167'}
[E=9/40, S=15390] {'wandb': 'ReFT_small|gsm8k_python_sdp_galactica_125m_08', 'lr': '1.7573e-05', 'T.loss': '0.035721', 'Eval.Gen.value_accuracy_best': '20.167'}
[E=9/40, S=15400] {'wandb': 'ReFT_small|gsm8k_python_sdp_galactica_125m_08', 'lr': '1.757e-05', 'T.loss': '0.03569', 'Eval.Gen.value_accuracy_best': '20.167'}
[E=9/40, S=15410] {'wandb': 'ReFT_small|gsm8k_python_sdp_galactica_125m_08', 'lr': '1.7567e-05', 'T.loss': '0.039444', 'Eval.Gen.value_accuracy_best': '20.167'}
[E=9/40, S=15420] {'wandb': 'ReFT_small|gsm8k_python_sdp_galactica_125m_08', 'lr': '1.7564e-05', 'T.loss': '0.075745', 'Eval.Gen.value_accuracy_best': '20.167'}
[E=9/40, S=15430] {'wandb': 'ReFT_small|gsm8k_python_sdp_galactica_125m_08', 'lr': '1.7561e-05', 'T.loss': '0.077499', 'Eval.Gen.value_accuracy_best': '20.167'}
[E=9/40, S=15440] {'wandb': 'ReFT_small|gsm8k_python_sdp_galactica_125m_08', 'lr': '1.7558e-05', 'T.loss': '0.027481', 'Eval.Gen.value_accuracy_best': '20.167'}
[E=9/40, S=15450] {'wandb': 'ReFT_small|gsm8k_python_sdp_galactica_125m_08', 'lr': '1.7555e-05', 'T.loss': '0.041458', 'Eval.Gen.value_accuracy_best': '20.167'}
[E=9/40, S=15460] {'wandb': 'ReFT_small|gsm8k_python_sdp_galactica_125m_08', 'lr': '1.7552e-05', 'T.loss': '0.042152', 'Eval.Gen.value_accuracy_best': '20.167'}
[E=9/40, S=15470] {'wandb': 'ReFT_small|gsm8k_python_sdp_galactica_125m_08', 'lr': '1.7549e-05', 'T.loss': '0.067566', 'Eval.Gen.value_accuracy_best': '20.167'}
[E=9/40, S=15480] {'wandb': 'ReFT_small|gsm8k_python_sdp_galactica_125m_08', 'lr': '1.7546e-05', 'T.loss': '0.0411', 'Eval.Gen.value_accuracy_best': '20.167'}
[E=9/40, S=15490] {'wandb': 'ReFT_small|gsm8k_python_sdp_galactica_125m_08', 'lr': '1.7543e-05', 'T.loss': '0.026516', 'Eval.Gen.value_accuracy_best': '20.167'}
[E=9/40, S=15500] {'wandb': 'ReFT_small|gsm8k_python_sdp_galactica_125m_08', 'lr': '1.754e-05', 'T.loss': '0.051018', 'Eval.Gen.value_accuracy_best': '20.167'}
[E=9/40, S=15510] {'wandb': 'ReFT_small|gsm8k_python_sdp_galactica_125m_08', 'lr': '1.7537e-05', 'T.loss': '0.043686', 'Eval.Gen.value_accuracy_best': '20.167'}
[E=9/40, S=15520] {'wandb': 'ReFT_small|gsm8k_python_sdp_galactica_125m_08', 'lr': '1.7534e-05', 'T.loss': '0.043945', 'Eval.Gen.value_accuracy_best': '20.167'}
[E=9/40, S=15530] {'wandb': 'ReFT_small|gsm8k_python_sdp_galactica_125m_08', 'lr': '1.7531e-05', 'T.loss': '0.09491', 'Eval.Gen.value_accuracy_best': '20.167'}
[E=9/40, S=15540] {'wandb': 'ReFT_small|gsm8k_python_sdp_galactica_125m_08', 'lr': '1.7528e-05', 'T.loss': '0.07132', 'Eval.Gen.value_accuracy_best': '20.167'}
[E=9/40, S=15550] {'wandb': 'ReFT_small|gsm8k_python_sdp_galactica_125m_08', 'lr': '1.7525e-05', 'T.loss': '0.053368', 'Eval.Gen.value_accuracy_best': '20.167'}
[E=9/40, S=15560] {'wandb': 'ReFT_small|gsm8k_python_sdp_galactica_125m_08', 'lr': '1.7522e-05', 'T.loss': '0.045425', 'Eval.Gen.value_accuracy_best': '20.167'}
[E=9/40, S=15570] {'wandb': 'ReFT_small|gsm8k_python_sdp_galactica_125m_08', 'lr': '1.7519e-05', 'T.loss': '0.030262', 'Eval.Gen.value_accuracy_best': '20.167'}
[E=9/40, S=15580] {'wandb': 'ReFT_small|gsm8k_python_sdp_galactica_125m_08', 'lr': '1.7516e-05', 'T.loss': '0.071747', 'Eval.Gen.value_accuracy_best': '20.167'}
[E=9/40, S=15590] {'wandb': 'ReFT_small|gsm8k_python_sdp_galactica_125m_08', 'lr': '1.7513e-05', 'T.loss': '0.06987', 'Eval.Gen.value_accuracy_best': '20.167'}
[E=9/40, S=15600] {'wandb': 'ReFT_small|gsm8k_python_sdp_galactica_125m_08', 'lr': '1.751e-05', 'T.loss': '0.047432', 'Eval.Gen.value_accuracy_best': '20.167'}
[E=9/40, S=15610] {'wandb': 'ReFT_small|gsm8k_python_sdp_galactica_125m_08', 'lr': '1.7506e-05', 'T.loss': '0.055817', 'Eval.Gen.value_accuracy_best': '20.167'}
[E=9/40, S=15620] {'wandb': 'ReFT_small|gsm8k_python_sdp_galactica_125m_08', 'lr': '1.7503e-05', 'T.loss': '0.053391', 'Eval.Gen.value_accuracy_best': '20.167'}
[E=9/40, S=15630] {'wandb': 'ReFT_small|gsm8k_python_sdp_galactica_125m_08', 'lr': '1.75e-05', 'T.loss': '0.029995', 'Eval.Gen.value_accuracy_best': '20.167'}
[E=9/40, S=15640] {'wandb': 'ReFT_small|gsm8k_python_sdp_galactica_125m_08', 'lr': '1.7497e-05', 'T.loss': '0.074738', 'Eval.Gen.value_accuracy_best': '20.167'}
[E=9/40, S=15650] {'wandb': 'ReFT_small|gsm8k_python_sdp_galactica_125m_08', 'lr': '1.7494e-05', 'T.loss': '0.048676', 'Eval.Gen.value_accuracy_best': '20.167'}
[E=9/40, S=15660] {'wandb': 'ReFT_small|gsm8k_python_sdp_galactica_125m_08', 'lr': '1.7491e-05', 'T.loss': '0.052521', 'Eval.Gen.value_accuracy_best': '20.167'}
[E=9/40, S=15670] {'wandb': 'ReFT_small|gsm8k_python_sdp_galactica_125m_08', 'lr': '1.7488e-05', 'T.loss': '0.075836', 'Eval.Gen.value_accuracy_best': '20.167'}
[E=9/40, S=15680] {'wandb': 'ReFT_small|gsm8k_python_sdp_galactica_125m_08', 'lr': '1.7485e-05', 'T.loss': '0.05394', 'Eval.Gen.value_accuracy_best': '20.167'}
[E=9/40, S=15690] {'wandb': 'ReFT_small|gsm8k_python_sdp_galactica_125m_08', 'lr': '1.7482e-05', 'T.loss': '0.053482', 'Eval.Gen.value_accuracy_best': '20.167'}
[E=9/40, S=15700] {'wandb': 'ReFT_small|gsm8k_python_sdp_galactica_125m_08', 'lr': '1.7479e-05', 'T.loss': '0.029915', 'Eval.Gen.value_accuracy_best': '20.167'}
[E=9/40, S=15710] {'wandb': 'ReFT_small|gsm8k_python_sdp_galactica_125m_08', 'lr': '1.7476e-05', 'T.loss': '0.037514', 'Eval.Gen.value_accuracy_best': '20.167'}
[E=9/40, S=15720] {'wandb': 'ReFT_small|gsm8k_python_sdp_galactica_125m_08', 'lr': '1.7473e-05', 'T.loss': '0.057755', 'Eval.Gen.value_accuracy_best': '20.167'}
[E=9/40, S=15730] {'wandb': 'ReFT_small|gsm8k_python_sdp_galactica_125m_08', 'lr': '1.747e-05', 'T.loss': '0.064224', 'Eval.Gen.value_accuracy_best': '20.167'}
[E=9/40, S=15740] {'wandb': 'ReFT_small|gsm8k_python_sdp_galactica_125m_08', 'lr': '1.7467e-05', 'T.loss': '0.050674', 'Eval.Gen.value_accuracy_best': '20.167'}
[E=9/40, S=15750] {'wandb': 'ReFT_small|gsm8k_python_sdp_galactica_125m_08', 'lr': '1.7464e-05', 'T.loss': '0.047379', 'Eval.Gen.value_accuracy_best': '20.167'}
[E=9/40, S=15760] {'wandb': 'ReFT_small|gsm8k_python_sdp_galactica_125m_08', 'lr': '1.7461e-05', 'T.loss': '0.062225', 'Eval.Gen.value_accuracy_best': '20.167'}
[E=9/40, S=15770] {'wandb': 'ReFT_small|gsm8k_python_sdp_galactica_125m_08', 'lr': '1.7458e-05', 'T.loss': '0.04039', 'Eval.Gen.value_accuracy_best': '20.167'}
[E=9/40, S=15780] {'wandb': 'ReFT_small|gsm8k_python_sdp_galactica_125m_08', 'lr': '1.7455e-05', 'T.loss': '0.098999', 'Eval.Gen.value_accuracy_best': '20.167'}
[E=9/40, S=15790] {'wandb': 'ReFT_small|gsm8k_python_sdp_galactica_125m_08', 'lr': '1.7452e-05', 'T.loss': '0.054077', 'Eval.Gen.value_accuracy_best': '20.167'}
[E=9/40, S=15800] {'wandb': 'ReFT_small|gsm8k_python_sdp_galactica_125m_08', 'lr': '1.7449e-05', 'T.loss': '0.061279', 'Eval.Gen.value_accuracy_best': '20.167'}
[E=9/40, S=15810] {'wandb': 'ReFT_small|gsm8k_python_sdp_galactica_125m_08', 'lr': '1.7446e-05', 'T.loss': '0.03109', 'Eval.Gen.value_accuracy_best': '20.167'}
[E=9/40, S=15820] {'wandb': 'ReFT_small|gsm8k_python_sdp_galactica_125m_08', 'lr': '1.7443e-05', 'T.loss': '0.096558', 'Eval.Gen.value_accuracy_best': '20.167'}
[E=9/40, S=15830] {'wandb': 'ReFT_small|gsm8k_python_sdp_galactica_125m_08', 'lr': '1.744e-05', 'T.loss': '0.036293', 'Eval.Gen.value_accuracy_best': '20.167'}
[E=9/40, S=15840] {'wandb': 'ReFT_small|gsm8k_python_sdp_galactica_125m_08', 'lr': '1.7437e-05', 'T.loss': '0.049927', 'Eval.Gen.value_accuracy_best': '20.167'}
[E=9/40, S=15850] {'wandb': 'ReFT_small|gsm8k_python_sdp_galactica_125m_08', 'lr': '1.7434e-05', 'T.loss': '0.072784', 'Eval.Gen.value_accuracy_best': '20.167'}
[E=9/40, S=15860] {'wandb': 'ReFT_small|gsm8k_python_sdp_galactica_125m_08', 'lr': '1.7431e-05', 'T.loss': '0.062378', 'Eval.Gen.value_accuracy_best': '20.167'}
[E=9/40, S=15870] {'wandb': 'ReFT_small|gsm8k_python_sdp_galactica_125m_08', 'lr': '1.7428e-05', 'T.loss': '0.047226', 'Eval.Gen.value_accuracy_best': '20.167'}
[E=9/40, S=15880] {'wandb': 'ReFT_small|gsm8k_python_sdp_galactica_125m_08', 'lr': '1.7425e-05', 'T.loss': '0.04126', 'Eval.Gen.value_accuracy_best': '20.167'}
[E=9/40, S=15890] {'wandb': 'ReFT_small|gsm8k_python_sdp_galactica_125m_08', 'lr': '1.7422e-05', 'T.loss': '0.049103', 'Eval.Gen.value_accuracy_best': '20.167'}
[E=9/40, S=15900] {'wandb': 'ReFT_small|gsm8k_python_sdp_galactica_125m_08', 'lr': '1.7419e-05', 'T.loss': '0.053619', 'Eval.Gen.value_accuracy_best': '20.167'}
[E=9/40, S=15910] {'wandb': 'ReFT_small|gsm8k_python_sdp_galactica_125m_08', 'lr': '1.7416e-05', 'T.loss': '0.047623', 'Eval.Gen.value_accuracy_best': '20.167'}
[E=9/40, S=15920] {'wandb': 'ReFT_small|gsm8k_python_sdp_galactica_125m_08', 'lr': '1.7413e-05', 'T.loss': '0.069351', 'Eval.Gen.value_accuracy_best': '20.167'}
[E=9/40, S=15930] {'wandb': 'ReFT_small|gsm8k_python_sdp_galactica_125m_08', 'lr': '1.741e-05', 'T.loss': '0.054428', 'Eval.Gen.value_accuracy_best': '20.167'}
[E=9/40, S=15940] {'wandb': 'ReFT_small|gsm8k_python_sdp_galactica_125m_08', 'lr': '1.7407e-05', 'T.loss': '0.04631', 'Eval.Gen.value_accuracy_best': '20.167'}
[E=9/40, S=15950] {'wandb': 'ReFT_small|gsm8k_python_sdp_galactica_125m_08', 'lr': '1.7404e-05', 'T.loss': '0.054199', 'Eval.Gen.value_accuracy_best': '20.167'}
[E=9/40, S=15960] {'wandb': 'ReFT_small|gsm8k_python_sdp_galactica_125m_08', 'lr': '1.7401e-05', 'T.loss': '0.041031', 'Eval.Gen.value_accuracy_best': '20.167'}
[E=9/40, S=15970] {'wandb': 'ReFT_small|gsm8k_python_sdp_galactica_125m_08', 'lr': '1.7398e-05', 'T.loss': '0.070343', 'Eval.Gen.value_accuracy_best': '20.167'}
[E=9/40, S=15980] {'wandb': 'ReFT_small|gsm8k_python_sdp_galactica_125m_08', 'lr': '1.7395e-05', 'T.loss': '0.039673', 'Eval.Gen.value_accuracy_best': '20.167'}
[E=9/40, S=15990] {'wandb': 'ReFT_small|gsm8k_python_sdp_galactica_125m_08', 'lr': '1.7392e-05', 'T.loss': '0.06369', 'Eval.Gen.value_accuracy_best': '20.167'}
[E=9/40, S=16000] {'wandb': 'ReFT_small|gsm8k_python_sdp_galactica_125m_08', 'lr': '1.7389e-05', 'T.loss': '0.04673', 'Eval.Gen.value_accuracy_best': '20.167'}
[E=9/40, S=16010] {'wandb': 'ReFT_small|gsm8k_python_sdp_galactica_125m_08', 'lr': '1.7386e-05', 'T.loss': '0.090668', 'Eval.Gen.value_accuracy_best': '20.167'}
[E=9/40, S=16020] {'wandb': 'ReFT_small|gsm8k_python_sdp_galactica_125m_08', 'lr': '1.7383e-05', 'T.loss': '0.064865', 'Eval.Gen.value_accuracy_best': '20.167'}
[E=9/40, S=16030] {'wandb': 'ReFT_small|gsm8k_python_sdp_galactica_125m_08', 'lr': '1.738e-05', 'T.loss': '0.063629', 'Eval.Gen.value_accuracy_best': '20.167'}
[E=9/40, S=16040] {'wandb': 'ReFT_small|gsm8k_python_sdp_galactica_125m_08', 'lr': '1.7377e-05', 'T.loss': '0.072525', 'Eval.Gen.value_accuracy_best': '20.167'}
[E=9/40, S=16050] {'wandb': 'ReFT_small|gsm8k_python_sdp_galactica_125m_08', 'lr': '1.7374e-05', 'T.loss': '0.07373', 'Eval.Gen.value_accuracy_best': '20.167'}
[E=9/40, S=16060] {'wandb': 'ReFT_small|gsm8k_python_sdp_galactica_125m_08', 'lr': '1.7371e-05', 'T.loss': '0.093307', 'Eval.Gen.value_accuracy_best': '20.167'}
[E=9/40, S=16070] {'wandb': 'ReFT_small|gsm8k_python_sdp_galactica_125m_08', 'lr': '1.7368e-05', 'T.loss': '0.033157', 'Eval.Gen.value_accuracy_best': '20.167'}
[E=9/40, S=16080] {'wandb': 'ReFT_small|gsm8k_python_sdp_galactica_125m_08', 'lr': '1.7365e-05', 'T.loss': '0.049332', 'Eval.Gen.value_accuracy_best': '20.167'}
[E=9/40, S=16090] {'wandb': 'ReFT_small|gsm8k_python_sdp_galactica_125m_08', 'lr': '1.7361e-05', 'T.loss': '0.095215', 'Eval.Gen.value_accuracy_best': '20.167'}
[E=9/40, S=16100] {'wandb': 'ReFT_small|gsm8k_python_sdp_galactica_125m_08', 'lr': '1.7358e-05', 'T.loss': '0.063385', 'Eval.Gen.value_accuracy_best': '20.167'}
[E=9/40, S=16110] {'wandb': 'ReFT_small|gsm8k_python_sdp_galactica_125m_08', 'lr': '1.7355e-05', 'T.loss': '0.086853', 'Eval.Gen.value_accuracy_best': '20.167'}
[E=9/40, S=16120] {'wandb': 'ReFT_small|gsm8k_python_sdp_galactica_125m_08', 'lr': '1.7352e-05', 'T.loss': '0.072662', 'Eval.Gen.value_accuracy_best': '20.167'}
[E=9/40, S=16130] {'wandb': 'ReFT_small|gsm8k_python_sdp_galactica_125m_08', 'lr': '1.7349e-05', 'T.loss': '0.033241', 'Eval.Gen.value_accuracy_best': '20.167'}
[E=9/40, S=16140] {'wandb': 'ReFT_small|gsm8k_python_sdp_galactica_125m_08', 'lr': '1.7346e-05', 'T.loss': '0.053772', 'Eval.Gen.value_accuracy_best': '20.167'}
[E=9/40, S=16150] {'wandb': 'ReFT_small|gsm8k_python_sdp_galactica_125m_08', 'lr': '1.7343e-05', 'T.loss': '0.073242', 'Eval.Gen.value_accuracy_best': '20.167'}
[E=9/40, S=16160] {'wandb': 'ReFT_small|gsm8k_python_sdp_galactica_125m_08', 'lr': '1.734e-05', 'T.loss': '0.0457', 'Eval.Gen.value_accuracy_best': '20.167'}
[E=9/40, S=16170] {'wandb': 'ReFT_small|gsm8k_python_sdp_galactica_125m_08', 'lr': '1.7337e-05', 'T.loss': '0.044235', 'Eval.Gen.value_accuracy_best': '20.167'}
[E=9/40, S=16180] {'wandb': 'ReFT_small|gsm8k_python_sdp_galactica_125m_08', 'lr': '1.7334e-05', 'T.loss': '0.10187', 'Eval.Gen.value_accuracy_best': '20.167'}
[E=9/40, S=16190] {'wandb': 'ReFT_small|gsm8k_python_sdp_galactica_125m_08', 'lr': '1.7331e-05', 'T.loss': '0.085724', 'Eval.Gen.value_accuracy_best': '20.167'}
[E=9/40, S=16200] {'wandb': 'ReFT_small|gsm8k_python_sdp_galactica_125m_08', 'lr': '1.7328e-05', 'T.loss': '0.039886', 'Eval.Gen.value_accuracy_best': '20.167'}
[E=9/40, S=16210] {'wandb': 'ReFT_small|gsm8k_python_sdp_galactica_125m_08', 'lr': '1.7325e-05', 'T.loss': '0.036636', 'Eval.Gen.value_accuracy_best': '20.167'}
[E=9/40, S=16220] {'wandb': 'ReFT_small|gsm8k_python_sdp_galactica_125m_08', 'lr': '1.7322e-05', 'T.loss': '0.079712', 'Eval.Gen.value_accuracy_best': '20.167'}
[E=9/40, S=16230] {'wandb': 'ReFT_small|gsm8k_python_sdp_galactica_125m_08', 'lr': '1.7319e-05', 'T.loss': '0.091949', 'Eval.Gen.value_accuracy_best': '20.167'}
[E=9/40, S=16240] {'wandb': 'ReFT_small|gsm8k_python_sdp_galactica_125m_08', 'lr': '1.7316e-05', 'T.loss': '0.042519', 'Eval.Gen.value_accuracy_best': '20.167'}
[E=9/40, S=16250] {'wandb': 'ReFT_small|gsm8k_python_sdp_galactica_125m_08', 'lr': '1.7313e-05', 'T.loss': '0.049561', 'Eval.Gen.value_accuracy_best': '20.167'}
[E=9/40, S=16260] {'wandb': 'ReFT_small|gsm8k_python_sdp_galactica_125m_08', 'lr': '1.731e-05', 'T.loss': '0.060837', 'Eval.Gen.value_accuracy_best': '20.167'}
[E=9/40, S=16270] {'wandb': 'ReFT_small|gsm8k_python_sdp_galactica_125m_08', 'lr': '1.7307e-05', 'T.loss': '0.055664', 'Eval.Gen.value_accuracy_best': '20.167'}
[E=9/40, S=16280] {'wandb': 'ReFT_small|gsm8k_python_sdp_galactica_125m_08', 'lr': '1.7304e-05', 'T.loss': '0.058273', 'Eval.Gen.value_accuracy_best': '20.167'}
[E=9/40, S=16290] {'wandb': 'ReFT_small|gsm8k_python_sdp_galactica_125m_08', 'lr': '1.7301e-05', 'T.loss': '0.015976', 'Eval.Gen.value_accuracy_best': '20.167'}
[E=9/40, S=16300] {'wandb': 'ReFT_small|gsm8k_python_sdp_galactica_125m_08', 'lr': '1.7298e-05', 'T.loss': '0.042686', 'Eval.Gen.value_accuracy_best': '20.167'}
[E=9/40, S=16310] {'wandb': 'ReFT_small|gsm8k_python_sdp_galactica_125m_08', 'lr': '1.7295e-05', 'T.loss': '0.048996', 'Eval.Gen.value_accuracy_best': '20.167'}
[E=9/40, S=16320] {'wandb': 'ReFT_small|gsm8k_python_sdp_galactica_125m_08', 'lr': '1.7292e-05', 'T.loss': '0.056564', 'Eval.Gen.value_accuracy_best': '20.167'}
[E=9/40, S=16330] {'wandb': 'ReFT_small|gsm8k_python_sdp_galactica_125m_08', 'lr': '1.7289e-05', 'T.loss': '0.026909', 'Eval.Gen.value_accuracy_best': '20.167'}
[2025-06-05 19:55:17,762] [INFO] [loss_scaler.py:183:update_scale] [deepspeed] OVERFLOW! Rank 0 Skipping step. Attempted loss scale: 65536, reducing to 32768
[E=9/40, S=16340] {'wandb': 'ReFT_small|gsm8k_python_sdp_galactica_125m_08', 'lr': '1.7286e-05', 'T.loss': '0.069717', 'Eval.Gen.value_accuracy_best': '20.167'}
[E=9/40, S=16350] {'wandb': 'ReFT_small|gsm8k_python_sdp_galactica_125m_08', 'lr': '1.7283e-05', 'T.loss': '0.047653', 'Eval.Gen.value_accuracy_best': '20.167'}
[E=9/40, S=16360] {'wandb': 'ReFT_small|gsm8k_python_sdp_galactica_125m_08', 'lr': '1.728e-05', 'T.loss': '0.04599', 'Eval.Gen.value_accuracy_best': '20.167'}
[E=9/40, S=16370] {'wandb': 'ReFT_small|gsm8k_python_sdp_galactica_125m_08', 'lr': '1.7277e-05', 'T.loss': '0.074936', 'Eval.Gen.value_accuracy_best': '20.167'}
[E=9/40, S=16380] {'wandb': 'ReFT_small|gsm8k_python_sdp_galactica_125m_08', 'lr': '1.7274e-05', 'T.loss': '0.03627', 'Eval.Gen.value_accuracy_best': '20.167'}
[E=9/40, S=16390] {'wandb': 'ReFT_small|gsm8k_python_sdp_galactica_125m_08', 'lr': '1.7271e-05', 'T.loss': '0.074326', 'Eval.Gen.value_accuracy_best': '20.167'}
[E=9/40, S=16400] {'wandb': 'ReFT_small|gsm8k_python_sdp_galactica_125m_08', 'lr': '1.7268e-05', 'T.loss': '0.058517', 'Eval.Gen.value_accuracy_best': '20.167'}
[E=9/40, S=16410] {'wandb': 'ReFT_small|gsm8k_python_sdp_galactica_125m_08', 'lr': '1.7265e-05', 'T.loss': '0.049255', 'Eval.Gen.value_accuracy_best': '20.167'}
[E=9/40, S=16420] {'wandb': 'ReFT_small|gsm8k_python_sdp_galactica_125m_08', 'lr': '1.7262e-05', 'T.loss': '0.061783', 'Eval.Gen.value_accuracy_best': '20.167'}
[E=9/40, S=16430] {'wandb': 'ReFT_small|gsm8k_python_sdp_galactica_125m_08', 'lr': '1.7259e-05', 'T.loss': '0.044601', 'Eval.Gen.value_accuracy_best': '20.167'}
[E=9/40, S=16440] {'wandb': 'ReFT_small|gsm8k_python_sdp_galactica_125m_08', 'lr': '1.7256e-05', 'T.loss': '0.040298', 'Eval.Gen.value_accuracy_best': '20.167'}
[E=9/40, S=16450] {'wandb': 'ReFT_small|gsm8k_python_sdp_galactica_125m_08', 'lr': '1.7253e-05', 'T.loss': '0.037628', 'Eval.Gen.value_accuracy_best': '20.167'}
[E=9/40, S=16460] {'wandb': 'ReFT_small|gsm8k_python_sdp_galactica_125m_08', 'lr': '1.725e-05', 'T.loss': '0.058304', 'Eval.Gen.value_accuracy_best': '20.167'}
[E=9/40, S=16470] {'wandb': 'ReFT_small|gsm8k_python_sdp_galactica_125m_08', 'lr': '1.7247e-05', 'T.loss': '0.057831', 'Eval.Gen.value_accuracy_best': '20.167'}
[E=9/40, S=16480] {'wandb': 'ReFT_small|gsm8k_python_sdp_galactica_125m_08', 'lr': '1.7244e-05', 'T.loss': '0.072571', 'Eval.Gen.value_accuracy_best': '20.167'}
[E=9/40, S=16490] {'wandb': 'ReFT_small|gsm8k_python_sdp_galactica_125m_08', 'lr': '1.7241e-05', 'T.loss': '0.067703', 'Eval.Gen.value_accuracy_best': '20.167'}
[E=9/40, S=16500] {'wandb': 'ReFT_small|gsm8k_python_sdp_galactica_125m_08', 'lr': '1.7238e-05', 'T.loss': '0.071716', 'Eval.Gen.value_accuracy_best': '20.167'}
[E=9/40, S=16510] {'wandb': 'ReFT_small|gsm8k_python_sdp_galactica_125m_08', 'lr': '1.7235e-05', 'T.loss': '0.079071', 'Eval.Gen.value_accuracy_best': '20.167'}
[E=9/40, S=16520] {'wandb': 'ReFT_small|gsm8k_python_sdp_galactica_125m_08', 'lr': '1.7232e-05', 'T.loss': '0.068817', 'Eval.Gen.value_accuracy_best': '20.167'}
[E=9/40, S=16530] {'wandb': 'ReFT_small|gsm8k_python_sdp_galactica_125m_08', 'lr': '1.7229e-05', 'T.loss': '0.065338', 'Eval.Gen.value_accuracy_best': '20.167'}
[E=9/40, S=16540] {'wandb': 'ReFT_small|gsm8k_python_sdp_galactica_125m_08', 'lr': '1.7226e-05', 'T.loss': '0.041351', 'Eval.Gen.value_accuracy_best': '20.167'}
[E=9/40, S=16550] {'wandb': 'ReFT_small|gsm8k_python_sdp_galactica_125m_08', 'lr': '1.7223e-05', 'T.loss': '0.071259', 'Eval.Gen.value_accuracy_best': '20.167'}
name 'downloads_first_month' is not defined
('Task timeout', 10)
invalid syntax (<string>, line 7)
unterminated triple-quoted string literal (detected at line 18) (<string>, line 10)
name 'skip_time' is not defined
name 'occupied_units' is not defined
local variable 'truck_tire_cost' referenced before assignment
name 'slices_price' is not defined
invalid syntax (<string>, line 6)
name 'shirts_per_row' is not defined
local variable 'time_difference_with_increase' referenced before assignment
local variable 'glasses_per_week' referenced before assignment
local variable 'beatrice_rolls_short' referenced before assignment
invalid syntax (<string>, line 7)
local variable 'spoons_bought' referenced before assignment
name 'watermelon' is not defined
name 'semis_automatic_cars' is not defined
name 'pigeons_initial' is not defined
name 'thursday_hours' is not defined
name 'potatoes_per_potato' is not defined
local variable 'red_roses_white_carnations' referenced before assignment
name 'num_tickets' is not defined
name 'white_plastic_flamingos' is not defined
name 'cars_per_person' is not defined
name 'kids_men' is not defined
invalid syntax (<string>, line 5)
('Task timeout', 10)
local variable 'students_left' referenced before assignment
local variable 'minutes_left' referenced before assignment
invalid syntax (<string>, line 6)
name 'redwood_weight' is not defined
invalid syntax (<string>, line 5)
name 'left_back' is not defined
name 'books_price' is not defined
name 'pencils_total' is not defined
name 'rewards_spending_trip' is not defined
local variable 'job_b_total_total_pay' referenced before assignment
invalid syntax (<string>, line 5)
name 'Juice_box_b_cost' is not defined
name 'pin_count' is not defined
invalid syntax (<string>, line 6)
name 'puppers_total' is not defined
name 'ride_cost' is not defined
name 'words_per_minute' is not defined
name 'candles_with_no_defective_more_more_more' is not defined
name 'indras_letters' is not defined
invalid syntax (<string>, line 5)
name 'eggs_per_glass' is not defined
invalid syntax (<string>, line 7)
local variable 'shoes_sunday' referenced before assignment
name 'pairs_of_hat' is not defined
local variable 'bottles_needed_additional' referenced before assignment
name 'cost_per_loaf_per_sandwich_per_loaf' is not defined
local variable 'starting_value_plus_half' referenced before assignment
('Task timeout', 10)
name 'implant_needed' is not defined
local variable 'hours_additional' referenced before assignment
name 'miles_per_tire' is not defined
('Task timeout', 10)
name 'mbs_goal' is not defined
invalid syntax (<string>, line 6)
name 'hours_per_recipe' is not defined
local variable 'days_good_in_month' referenced before assignment
invalid syntax (<string>, line 5)
name 'apple_cost' is not defined
local variable 'heartworm_check' referenced before assignment
local variable 'banana_price' referenced before assignment
name 'boxes_backyard' is not defined
local variable 'leftover_dumplings' referenced before assignment
invalid syntax (<string>, line 6)
name 'computer_price' is not defined
invalid syntax (<string>, line 7)
local variable 'total_taps' referenced before assignment
name 'boris_apples_after' is not defined
name 'one_half_jar_cost' is not defined
name 'students_to_form' is not defined
name 'jayden_camera_money' is not defined
invalid syntax (<string>, line 7)
name 'no_series_cost' is not defined
invalid syntax (<string>, line 49)
name 'mirror' is not defined
name 'milk_needed_per_cow_needed' is not defined
name 'white_shirts_no_buttons' is not defined
name 'claire_badge_per_year' is not defined
name 'concerts' is not defined
invalid syntax (<string>, line 7)
name 'pay_per_month' is not defined
name 'notebooks_initial' is not defined
invalid syntax (<string>, line 7)
name 'joseph_books_lost' is not defined
invalid syntax (<string>, line 7)
name 'slices_per_day' is not defined
local variable 'water_left_after_days' referenced before assignment
name 'ticket_cost' is not defined
local variable 'widgets_per_hour_widgetmer_new' referenced before assignment
name 'total_commission_rate' is not defined
invalid syntax (<string>, line 6)
name 'sleepwalker_wake_up_time' is not defined
invalid syntax (<string>, line 7)
name 'phone_price_after_second_2' is not defined
invalid syntax (<string>, line 5)
invalid syntax (<string>, line 5)
name 'packs_per_pack' is not defined
name 'carrots_price_initial' is not defined
name 'difficult_questions' is not defined
name 'driveway_bottle_time' is not defined
name 'parmesan_pounds' is not defined
name 'big_coupon_count' is not defined
local variable 'walk_time' referenced before assignment
name 'bike_price' is not defined
local variable 'extra_minutes_per_class' referenced before assignment
local variable 'starting_height' referenced before assignment
name 'towels_bought' is not defined
local variable 'total_fishes_not_bought' referenced before assignment
invalid syntax (<string>, line 6)
name 'tree_cost' is not defined
local variable 'apartments_last_one' referenced before assignment
name 'bills_after_after_after_conversion' is not defined
name 'chalk_left_per_day' is not defined
name 'total_hour' is not defined
local variable 'bandages_ordered_day2' referenced before assignment
invalid syntax (<string>, line 5)
name 'founders' is not defined
local variable 'visits_total' referenced before assignment
invalid syntax (<string>, line 7)
local variable 'brownies' referenced before assignment
invalid syntax (<string>, line 6)
local variable 'total_medium_candles' referenced before assignment
name 'plants_half_total' is not defined
invalid syntax (<string>, line 10)
name 'adults_ticket_cost' is not defined
name 'brothers' is not defined
invalid syntax (<string>, line 5)
local variable 'shoes_price_after_discount' referenced before assignment
invalid syntax (<string>, line 7)
invalid syntax (<string>, line 8)
invalid syntax (<string>, line 5)
unindent does not match any outer indentation level (<string>, line 5)
invalid syntax (<string>, line 6)
invalid syntax (<string>, line 7)
local variable 'total_meals' referenced before assignment
local variable 'john_after' referenced before assignment
[Eval Info] value_accuracy: 20.318%
[E=9/40, S=16551] {'wandb': 'ReFT_small|gsm8k_python_sdp_galactica_125m_08', 'lr': '1.7222e-05', 'T.loss': '0.038239', 'Eval.Gen.value_accuracy': '20.318', 'Eval.Gen.value_accuracy_best': '20.318'}
[E=10/40, S=16560] {'wandb': 'ReFT_small|gsm8k_python_sdp_galactica_125m_08', 'lr': '1.722e-05', 'T.loss': '0.042923', 'Eval.Gen.value_accuracy_best': '20.318'}
[E=10/40, S=16570] {'wandb': 'ReFT_small|gsm8k_python_sdp_galactica_125m_08', 'lr': '1.7216e-05', 'T.loss': '0.032406', 'Eval.Gen.value_accuracy_best': '20.318'}
[E=10/40, S=16580] {'wandb': 'ReFT_small|gsm8k_python_sdp_galactica_125m_08', 'lr': '1.7213e-05', 'T.loss': '0.023315', 'Eval.Gen.value_accuracy_best': '20.318'}
[E=10/40, S=16590] {'wandb': 'ReFT_small|gsm8k_python_sdp_galactica_125m_08', 'lr': '1.721e-05', 'T.loss': '0.049698', 'Eval.Gen.value_accuracy_best': '20.318'}
[E=10/40, S=16600] {'wandb': 'ReFT_small|gsm8k_python_sdp_galactica_125m_08', 'lr': '1.7207e-05', 'T.loss': '0.041656', 'Eval.Gen.value_accuracy_best': '20.318'}
[E=10/40, S=16610] {'wandb': 'ReFT_small|gsm8k_python_sdp_galactica_125m_08', 'lr': '1.7204e-05', 'T.loss': '0.038834', 'Eval.Gen.value_accuracy_best': '20.318'}
[E=10/40, S=16620] {'wandb': 'ReFT_small|gsm8k_python_sdp_galactica_125m_08', 'lr': '1.7201e-05', 'T.loss': '0.026268', 'Eval.Gen.value_accuracy_best': '20.318'}
[E=10/40, S=16630] {'wandb': 'ReFT_small|gsm8k_python_sdp_galactica_125m_08', 'lr': '1.7198e-05', 'T.loss': '0.019264', 'Eval.Gen.value_accuracy_best': '20.318'}
[E=10/40, S=16640] {'wandb': 'ReFT_small|gsm8k_python_sdp_galactica_125m_08', 'lr': '1.7195e-05', 'T.loss': '0.019604', 'Eval.Gen.value_accuracy_best': '20.318'}
[E=10/40, S=16650] {'wandb': 'ReFT_small|gsm8k_python_sdp_galactica_125m_08', 'lr': '1.7192e-05', 'T.loss': '0.036201', 'Eval.Gen.value_accuracy_best': '20.318'}
[E=10/40, S=16660] {'wandb': 'ReFT_small|gsm8k_python_sdp_galactica_125m_08', 'lr': '1.7189e-05', 'T.loss': '0.04393', 'Eval.Gen.value_accuracy_best': '20.318'}
[E=10/40, S=16670] {'wandb': 'ReFT_small|gsm8k_python_sdp_galactica_125m_08', 'lr': '1.7186e-05', 'T.loss': '0.03875', 'Eval.Gen.value_accuracy_best': '20.318'}
[E=10/40, S=16680] {'wandb': 'ReFT_small|gsm8k_python_sdp_galactica_125m_08', 'lr': '1.7183e-05', 'T.loss': '0.026703', 'Eval.Gen.value_accuracy_best': '20.318'}
[E=10/40, S=16690] {'wandb': 'ReFT_small|gsm8k_python_sdp_galactica_125m_08', 'lr': '1.718e-05', 'T.loss': '0.015968', 'Eval.Gen.value_accuracy_best': '20.318'}
[E=10/40, S=16700] {'wandb': 'ReFT_small|gsm8k_python_sdp_galactica_125m_08', 'lr': '1.7177e-05', 'T.loss': '0.050781', 'Eval.Gen.value_accuracy_best': '20.318'}
[E=10/40, S=16710] {'wandb': 'ReFT_small|gsm8k_python_sdp_galactica_125m_08', 'lr': '1.7174e-05', 'T.loss': '0.030121', 'Eval.Gen.value_accuracy_best': '20.318'}
[E=10/40, S=16720] {'wandb': 'ReFT_small|gsm8k_python_sdp_galactica_125m_08', 'lr': '1.7171e-05', 'T.loss': '0.048355', 'Eval.Gen.value_accuracy_best': '20.318'}
[E=10/40, S=16730] {'wandb': 'ReFT_small|gsm8k_python_sdp_galactica_125m_08', 'lr': '1.7168e-05', 'T.loss': '0.044083', 'Eval.Gen.value_accuracy_best': '20.318'}
[E=10/40, S=16740] {'wandb': 'ReFT_small|gsm8k_python_sdp_galactica_125m_08', 'lr': '1.7165e-05', 'T.loss': '0.036491', 'Eval.Gen.value_accuracy_best': '20.318'}
[E=10/40, S=16750] {'wandb': 'ReFT_small|gsm8k_python_sdp_galactica_125m_08', 'lr': '1.7162e-05', 'T.loss': '0.055847', 'Eval.Gen.value_accuracy_best': '20.318'}
[E=10/40, S=16760] {'wandb': 'ReFT_small|gsm8k_python_sdp_galactica_125m_08', 'lr': '1.7159e-05', 'T.loss': '0.029121', 'Eval.Gen.value_accuracy_best': '20.318'}
[E=10/40, S=16770] {'wandb': 'ReFT_small|gsm8k_python_sdp_galactica_125m_08', 'lr': '1.7156e-05', 'T.loss': '0.026932', 'Eval.Gen.value_accuracy_best': '20.318'}
[E=10/40, S=16780] {'wandb': 'ReFT_small|gsm8k_python_sdp_galactica_125m_08', 'lr': '1.7153e-05', 'T.loss': '0.018486', 'Eval.Gen.value_accuracy_best': '20.318'}
[E=10/40, S=16790] {'wandb': 'ReFT_small|gsm8k_python_sdp_galactica_125m_08', 'lr': '1.715e-05', 'T.loss': '0.016445', 'Eval.Gen.value_accuracy_best': '20.318'}
[E=10/40, S=16800] {'wandb': 'ReFT_small|gsm8k_python_sdp_galactica_125m_08', 'lr': '1.7147e-05', 'T.loss': '0.029732', 'Eval.Gen.value_accuracy_best': '20.318'}
[E=10/40, S=16810] {'wandb': 'ReFT_small|gsm8k_python_sdp_galactica_125m_08', 'lr': '1.7144e-05', 'T.loss': '0.028198', 'Eval.Gen.value_accuracy_best': '20.318'}
[E=10/40, S=16820] {'wandb': 'ReFT_small|gsm8k_python_sdp_galactica_125m_08', 'lr': '1.7141e-05', 'T.loss': '0.066772', 'Eval.Gen.value_accuracy_best': '20.318'}
[E=10/40, S=16830] {'wandb': 'ReFT_small|gsm8k_python_sdp_galactica_125m_08', 'lr': '1.7138e-05', 'T.loss': '0.032112', 'Eval.Gen.value_accuracy_best': '20.318'}
[E=10/40, S=16840] {'wandb': 'ReFT_small|gsm8k_python_sdp_galactica_125m_08', 'lr': '1.7135e-05', 'T.loss': '0.052193', 'Eval.Gen.value_accuracy_best': '20.318'}
[E=10/40, S=16850] {'wandb': 'ReFT_small|gsm8k_python_sdp_galactica_125m_08', 'lr': '1.7132e-05', 'T.loss': '0.026024', 'Eval.Gen.value_accuracy_best': '20.318'}
[E=10/40, S=16860] {'wandb': 'ReFT_small|gsm8k_python_sdp_galactica_125m_08', 'lr': '1.7129e-05', 'T.loss': '0.04129', 'Eval.Gen.value_accuracy_best': '20.318'}
[E=10/40, S=16870] {'wandb': 'ReFT_small|gsm8k_python_sdp_galactica_125m_08', 'lr': '1.7126e-05', 'T.loss': '0.02993', 'Eval.Gen.value_accuracy_best': '20.318'}
[E=10/40, S=16880] {'wandb': 'ReFT_small|gsm8k_python_sdp_galactica_125m_08', 'lr': '1.7123e-05', 'T.loss': '0.032478', 'Eval.Gen.value_accuracy_best': '20.318'}
[E=10/40, S=16890] {'wandb': 'ReFT_small|gsm8k_python_sdp_galactica_125m_08', 'lr': '1.712e-05', 'T.loss': '0.059845', 'Eval.Gen.value_accuracy_best': '20.318'}
[E=10/40, S=16900] {'wandb': 'ReFT_small|gsm8k_python_sdp_galactica_125m_08', 'lr': '1.7117e-05', 'T.loss': '0.033653', 'Eval.Gen.value_accuracy_best': '20.318'}
[E=10/40, S=16910] {'wandb': 'ReFT_small|gsm8k_python_sdp_galactica_125m_08', 'lr': '1.7114e-05', 'T.loss': '0.044113', 'Eval.Gen.value_accuracy_best': '20.318'}
[E=10/40, S=16920] {'wandb': 'ReFT_small|gsm8k_python_sdp_galactica_125m_08', 'lr': '1.7111e-05', 'T.loss': '0.026688', 'Eval.Gen.value_accuracy_best': '20.318'}
[E=10/40, S=16930] {'wandb': 'ReFT_small|gsm8k_python_sdp_galactica_125m_08', 'lr': '1.7108e-05', 'T.loss': '0.029007', 'Eval.Gen.value_accuracy_best': '20.318'}
[E=10/40, S=16940] {'wandb': 'ReFT_small|gsm8k_python_sdp_galactica_125m_08', 'lr': '1.7105e-05', 'T.loss': '0.04393', 'Eval.Gen.value_accuracy_best': '20.318'}
[E=10/40, S=16950] {'wandb': 'ReFT_small|gsm8k_python_sdp_galactica_125m_08', 'lr': '1.7102e-05', 'T.loss': '0.029472', 'Eval.Gen.value_accuracy_best': '20.318'}
[E=10/40, S=16960] {'wandb': 'ReFT_small|gsm8k_python_sdp_galactica_125m_08', 'lr': '1.7099e-05', 'T.loss': '0.041069', 'Eval.Gen.value_accuracy_best': '20.318'}
[E=10/40, S=16970] {'wandb': 'ReFT_small|gsm8k_python_sdp_galactica_125m_08', 'lr': '1.7096e-05', 'T.loss': '0.030685', 'Eval.Gen.value_accuracy_best': '20.318'}
[E=10/40, S=16980] {'wandb': 'ReFT_small|gsm8k_python_sdp_galactica_125m_08', 'lr': '1.7093e-05', 'T.loss': '0.046768', 'Eval.Gen.value_accuracy_best': '20.318'}
[E=10/40, S=16990] {'wandb': 'ReFT_small|gsm8k_python_sdp_galactica_125m_08', 'lr': '1.709e-05', 'T.loss': '0.037827', 'Eval.Gen.value_accuracy_best': '20.318'}
[E=10/40, S=17000] {'wandb': 'ReFT_small|gsm8k_python_sdp_galactica_125m_08', 'lr': '1.7087e-05', 'T.loss': '0.037704', 'Eval.Gen.value_accuracy_best': '20.318'}
[E=10/40, S=17010] {'wandb': 'ReFT_small|gsm8k_python_sdp_galactica_125m_08', 'lr': '1.7084e-05', 'T.loss': '0.025894', 'Eval.Gen.value_accuracy_best': '20.318'}
[E=10/40, S=17020] {'wandb': 'ReFT_small|gsm8k_python_sdp_galactica_125m_08', 'lr': '1.7081e-05', 'T.loss': '0.047844', 'Eval.Gen.value_accuracy_best': '20.318'}
[E=10/40, S=17030] {'wandb': 'ReFT_small|gsm8k_python_sdp_galactica_125m_08', 'lr': '1.7078e-05', 'T.loss': '0.042488', 'Eval.Gen.value_accuracy_best': '20.318'}
[E=10/40, S=17040] {'wandb': 'ReFT_small|gsm8k_python_sdp_galactica_125m_08', 'lr': '1.7074e-05', 'T.loss': '0.054886', 'Eval.Gen.value_accuracy_best': '20.318'}
[E=10/40, S=17050] {'wandb': 'ReFT_small|gsm8k_python_sdp_galactica_125m_08', 'lr': '1.7071e-05', 'T.loss': '0.044952', 'Eval.Gen.value_accuracy_best': '20.318'}
[E=10/40, S=17060] {'wandb': 'ReFT_small|gsm8k_python_sdp_galactica_125m_08', 'lr': '1.7068e-05', 'T.loss': '0.048096', 'Eval.Gen.value_accuracy_best': '20.318'}
[E=10/40, S=17070] {'wandb': 'ReFT_small|gsm8k_python_sdp_galactica_125m_08', 'lr': '1.7065e-05', 'T.loss': '0.033691', 'Eval.Gen.value_accuracy_best': '20.318'}
[E=10/40, S=17080] {'wandb': 'ReFT_small|gsm8k_python_sdp_galactica_125m_08', 'lr': '1.7062e-05', 'T.loss': '0.04982', 'Eval.Gen.value_accuracy_best': '20.318'}
[E=10/40, S=17090] {'wandb': 'ReFT_small|gsm8k_python_sdp_galactica_125m_08', 'lr': '1.7059e-05', 'T.loss': '0.035156', 'Eval.Gen.value_accuracy_best': '20.318'}
[E=10/40, S=17100] {'wandb': 'ReFT_small|gsm8k_python_sdp_galactica_125m_08', 'lr': '1.7056e-05', 'T.loss': '0.049744', 'Eval.Gen.value_accuracy_best': '20.318'}
[E=10/40, S=17110] {'wandb': 'ReFT_small|gsm8k_python_sdp_galactica_125m_08', 'lr': '1.7053e-05', 'T.loss': '0.024071', 'Eval.Gen.value_accuracy_best': '20.318'}
[E=10/40, S=17120] {'wandb': 'ReFT_small|gsm8k_python_sdp_galactica_125m_08', 'lr': '1.705e-05', 'T.loss': '0.043427', 'Eval.Gen.value_accuracy_best': '20.318'}
[E=10/40, S=17130] {'wandb': 'ReFT_small|gsm8k_python_sdp_galactica_125m_08', 'lr': '1.7047e-05', 'T.loss': '0.056702', 'Eval.Gen.value_accuracy_best': '20.318'}
[E=10/40, S=17140] {'wandb': 'ReFT_small|gsm8k_python_sdp_galactica_125m_08', 'lr': '1.7044e-05', 'T.loss': '0.015846', 'Eval.Gen.value_accuracy_best': '20.318'}
[E=10/40, S=17150] {'wandb': 'ReFT_small|gsm8k_python_sdp_galactica_125m_08', 'lr': '1.7041e-05', 'T.loss': '0.045631', 'Eval.Gen.value_accuracy_best': '20.318'}
[E=10/40, S=17160] {'wandb': 'ReFT_small|gsm8k_python_sdp_galactica_125m_08', 'lr': '1.7038e-05', 'T.loss': '0.038113', 'Eval.Gen.value_accuracy_best': '20.318'}
[E=10/40, S=17170] {'wandb': 'ReFT_small|gsm8k_python_sdp_galactica_125m_08', 'lr': '1.7035e-05', 'T.loss': '0.03546', 'Eval.Gen.value_accuracy_best': '20.318'}
[E=10/40, S=17180] {'wandb': 'ReFT_small|gsm8k_python_sdp_galactica_125m_08', 'lr': '1.7032e-05', 'T.loss': '0.026642', 'Eval.Gen.value_accuracy_best': '20.318'}
[E=10/40, S=17190] {'wandb': 'ReFT_small|gsm8k_python_sdp_galactica_125m_08', 'lr': '1.7029e-05', 'T.loss': '0.056259', 'Eval.Gen.value_accuracy_best': '20.318'}
[E=10/40, S=17200] {'wandb': 'ReFT_small|gsm8k_python_sdp_galactica_125m_08', 'lr': '1.7026e-05', 'T.loss': '0.037643', 'Eval.Gen.value_accuracy_best': '20.318'}
[E=10/40, S=17210] {'wandb': 'ReFT_small|gsm8k_python_sdp_galactica_125m_08', 'lr': '1.7023e-05', 'T.loss': '0.035828', 'Eval.Gen.value_accuracy_best': '20.318'}
[E=10/40, S=17220] {'wandb': 'ReFT_small|gsm8k_python_sdp_galactica_125m_08', 'lr': '1.702e-05', 'T.loss': '0.075195', 'Eval.Gen.value_accuracy_best': '20.318'}
[E=10/40, S=17230] {'wandb': 'ReFT_small|gsm8k_python_sdp_galactica_125m_08', 'lr': '1.7017e-05', 'T.loss': '0.04628', 'Eval.Gen.value_accuracy_best': '20.318'}
[E=10/40, S=17240] {'wandb': 'ReFT_small|gsm8k_python_sdp_galactica_125m_08', 'lr': '1.7014e-05', 'T.loss': '0.031105', 'Eval.Gen.value_accuracy_best': '20.318'}
[E=10/40, S=17250] {'wandb': 'ReFT_small|gsm8k_python_sdp_galactica_125m_08', 'lr': '1.7011e-05', 'T.loss': '0.034904', 'Eval.Gen.value_accuracy_best': '20.318'}
[E=10/40, S=17260] {'wandb': 'ReFT_small|gsm8k_python_sdp_galactica_125m_08', 'lr': '1.7008e-05', 'T.loss': '0.031693', 'Eval.Gen.value_accuracy_best': '20.318'}
[E=10/40, S=17270] {'wandb': 'ReFT_small|gsm8k_python_sdp_galactica_125m_08', 'lr': '1.7005e-05', 'T.loss': '0.026283', 'Eval.Gen.value_accuracy_best': '20.318'}
[E=10/40, S=17280] {'wandb': 'ReFT_small|gsm8k_python_sdp_galactica_125m_08', 'lr': '1.7002e-05', 'T.loss': '0.060043', 'Eval.Gen.value_accuracy_best': '20.318'}
[E=10/40, S=17290] {'wandb': 'ReFT_small|gsm8k_python_sdp_galactica_125m_08', 'lr': '1.6999e-05', 'T.loss': '0.041397', 'Eval.Gen.value_accuracy_best': '20.318'}
[E=10/40, S=17300] {'wandb': 'ReFT_small|gsm8k_python_sdp_galactica_125m_08', 'lr': '1.6996e-05', 'T.loss': '0.024731', 'Eval.Gen.value_accuracy_best': '20.318'}
[E=10/40, S=17310] {'wandb': 'ReFT_small|gsm8k_python_sdp_galactica_125m_08', 'lr': '1.6993e-05', 'T.loss': '0.032181', 'Eval.Gen.value_accuracy_best': '20.318'}
[E=10/40, S=17320] {'wandb': 'ReFT_small|gsm8k_python_sdp_galactica_125m_08', 'lr': '1.699e-05', 'T.loss': '0.046631', 'Eval.Gen.value_accuracy_best': '20.318'}
[E=10/40, S=17330] {'wandb': 'ReFT_small|gsm8k_python_sdp_galactica_125m_08', 'lr': '1.6987e-05', 'T.loss': '0.052948', 'Eval.Gen.value_accuracy_best': '20.318'}
[2025-06-05 20:02:38,337] [INFO] [loss_scaler.py:183:update_scale] [deepspeed] OVERFLOW! Rank 0 Skipping step. Attempted loss scale: 65536, reducing to 32768
[E=10/40, S=17340] {'wandb': 'ReFT_small|gsm8k_python_sdp_galactica_125m_08', 'lr': '1.6984e-05', 'T.loss': '0.036514', 'Eval.Gen.value_accuracy_best': '20.318'}
[E=10/40, S=17350] {'wandb': 'ReFT_small|gsm8k_python_sdp_galactica_125m_08', 'lr': '1.6981e-05', 'T.loss': '0.028488', 'Eval.Gen.value_accuracy_best': '20.318'}
[E=10/40, S=17360] {'wandb': 'ReFT_small|gsm8k_python_sdp_galactica_125m_08', 'lr': '1.6978e-05', 'T.loss': '0.04921', 'Eval.Gen.value_accuracy_best': '20.318'}
[E=10/40, S=17370] {'wandb': 'ReFT_small|gsm8k_python_sdp_galactica_125m_08', 'lr': '1.6975e-05', 'T.loss': '0.02935', 'Eval.Gen.value_accuracy_best': '20.318'}
[E=10/40, S=17380] {'wandb': 'ReFT_small|gsm8k_python_sdp_galactica_125m_08', 'lr': '1.6972e-05', 'T.loss': '0.032433', 'Eval.Gen.value_accuracy_best': '20.318'}
[E=10/40, S=17390] {'wandb': 'ReFT_small|gsm8k_python_sdp_galactica_125m_08', 'lr': '1.6969e-05', 'T.loss': '0.052437', 'Eval.Gen.value_accuracy_best': '20.318'}
[E=10/40, S=17400] {'wandb': 'ReFT_small|gsm8k_python_sdp_galactica_125m_08', 'lr': '1.6966e-05', 'T.loss': '0.040359', 'Eval.Gen.value_accuracy_best': '20.318'}
[E=10/40, S=17410] {'wandb': 'ReFT_small|gsm8k_python_sdp_galactica_125m_08', 'lr': '1.6963e-05', 'T.loss': '0.049675', 'Eval.Gen.value_accuracy_best': '20.318'}
[E=10/40, S=17420] {'wandb': 'ReFT_small|gsm8k_python_sdp_galactica_125m_08', 'lr': '1.696e-05', 'T.loss': '0.031662', 'Eval.Gen.value_accuracy_best': '20.318'}
[E=10/40, S=17430] {'wandb': 'ReFT_small|gsm8k_python_sdp_galactica_125m_08', 'lr': '1.6957e-05', 'T.loss': '0.085327', 'Eval.Gen.value_accuracy_best': '20.318'}
[E=10/40, S=17440] {'wandb': 'ReFT_small|gsm8k_python_sdp_galactica_125m_08', 'lr': '1.6954e-05', 'T.loss': '0.031517', 'Eval.Gen.value_accuracy_best': '20.318'}
[E=10/40, S=17450] {'wandb': 'ReFT_small|gsm8k_python_sdp_galactica_125m_08', 'lr': '1.6951e-05', 'T.loss': '0.053444', 'Eval.Gen.value_accuracy_best': '20.318'}
[E=10/40, S=17460] {'wandb': 'ReFT_small|gsm8k_python_sdp_galactica_125m_08', 'lr': '1.6948e-05', 'T.loss': '0.029213', 'Eval.Gen.value_accuracy_best': '20.318'}
[E=10/40, S=17470] {'wandb': 'ReFT_small|gsm8k_python_sdp_galactica_125m_08', 'lr': '1.6945e-05', 'T.loss': '0.049698', 'Eval.Gen.value_accuracy_best': '20.318'}
[E=10/40, S=17480] {'wandb': 'ReFT_small|gsm8k_python_sdp_galactica_125m_08', 'lr': '1.6942e-05', 'T.loss': '0.038956', 'Eval.Gen.value_accuracy_best': '20.318'}
[E=10/40, S=17490] {'wandb': 'ReFT_small|gsm8k_python_sdp_galactica_125m_08', 'lr': '1.6939e-05', 'T.loss': '0.056778', 'Eval.Gen.value_accuracy_best': '20.318'}
[E=10/40, S=17500] {'wandb': 'ReFT_small|gsm8k_python_sdp_galactica_125m_08', 'lr': '1.6936e-05', 'T.loss': '0.051758', 'Eval.Gen.value_accuracy_best': '20.318'}
[E=10/40, S=17510] {'wandb': 'ReFT_small|gsm8k_python_sdp_galactica_125m_08', 'lr': '1.6933e-05', 'T.loss': '0.026711', 'Eval.Gen.value_accuracy_best': '20.318'}
[E=10/40, S=17520] {'wandb': 'ReFT_small|gsm8k_python_sdp_galactica_125m_08', 'lr': '1.6929e-05', 'T.loss': '0.023895', 'Eval.Gen.value_accuracy_best': '20.318'}
[E=10/40, S=17530] {'wandb': 'ReFT_small|gsm8k_python_sdp_galactica_125m_08', 'lr': '1.6926e-05', 'T.loss': '0.038788', 'Eval.Gen.value_accuracy_best': '20.318'}
[E=10/40, S=17540] {'wandb': 'ReFT_small|gsm8k_python_sdp_galactica_125m_08', 'lr': '1.6923e-05', 'T.loss': '0.028412', 'Eval.Gen.value_accuracy_best': '20.318'}
[E=10/40, S=17550] {'wandb': 'ReFT_small|gsm8k_python_sdp_galactica_125m_08', 'lr': '1.692e-05', 'T.loss': '0.036934', 'Eval.Gen.value_accuracy_best': '20.318'}
[E=10/40, S=17560] {'wandb': 'ReFT_small|gsm8k_python_sdp_galactica_125m_08', 'lr': '1.6917e-05', 'T.loss': '0.035995', 'Eval.Gen.value_accuracy_best': '20.318'}
[E=10/40, S=17570] {'wandb': 'ReFT_small|gsm8k_python_sdp_galactica_125m_08', 'lr': '1.6914e-05', 'T.loss': '0.040695', 'Eval.Gen.value_accuracy_best': '20.318'}
[E=10/40, S=17580] {'wandb': 'ReFT_small|gsm8k_python_sdp_galactica_125m_08', 'lr': '1.6911e-05', 'T.loss': '0.039391', 'Eval.Gen.value_accuracy_best': '20.318'}
[E=10/40, S=17590] {'wandb': 'ReFT_small|gsm8k_python_sdp_galactica_125m_08', 'lr': '1.6908e-05', 'T.loss': '0.038422', 'Eval.Gen.value_accuracy_best': '20.318'}
[E=10/40, S=17600] {'wandb': 'ReFT_small|gsm8k_python_sdp_galactica_125m_08', 'lr': '1.6905e-05', 'T.loss': '0.049652', 'Eval.Gen.value_accuracy_best': '20.318'}
[E=10/40, S=17610] {'wandb': 'ReFT_small|gsm8k_python_sdp_galactica_125m_08', 'lr': '1.6902e-05', 'T.loss': '0.04689', 'Eval.Gen.value_accuracy_best': '20.318'}
[E=10/40, S=17620] {'wandb': 'ReFT_small|gsm8k_python_sdp_galactica_125m_08', 'lr': '1.6899e-05', 'T.loss': '0.050255', 'Eval.Gen.value_accuracy_best': '20.318'}
[E=10/40, S=17630] {'wandb': 'ReFT_small|gsm8k_python_sdp_galactica_125m_08', 'lr': '1.6896e-05', 'T.loss': '0.044266', 'Eval.Gen.value_accuracy_best': '20.318'}
[E=10/40, S=17640] {'wandb': 'ReFT_small|gsm8k_python_sdp_galactica_125m_08', 'lr': '1.6893e-05', 'T.loss': '0.032028', 'Eval.Gen.value_accuracy_best': '20.318'}
[E=10/40, S=17650] {'wandb': 'ReFT_small|gsm8k_python_sdp_galactica_125m_08', 'lr': '1.689e-05', 'T.loss': '0.040268', 'Eval.Gen.value_accuracy_best': '20.318'}
[E=10/40, S=17660] {'wandb': 'ReFT_small|gsm8k_python_sdp_galactica_125m_08', 'lr': '1.6887e-05', 'T.loss': '0.044434', 'Eval.Gen.value_accuracy_best': '20.318'}
[E=10/40, S=17670] {'wandb': 'ReFT_small|gsm8k_python_sdp_galactica_125m_08', 'lr': '1.6884e-05', 'T.loss': '0.022163', 'Eval.Gen.value_accuracy_best': '20.318'}
[E=10/40, S=17680] {'wandb': 'ReFT_small|gsm8k_python_sdp_galactica_125m_08', 'lr': '1.6881e-05', 'T.loss': '0.01738', 'Eval.Gen.value_accuracy_best': '20.318'}
[E=10/40, S=17690] {'wandb': 'ReFT_small|gsm8k_python_sdp_galactica_125m_08', 'lr': '1.6878e-05', 'T.loss': '0.016472', 'Eval.Gen.value_accuracy_best': '20.318'}
[E=10/40, S=17700] {'wandb': 'ReFT_small|gsm8k_python_sdp_galactica_125m_08', 'lr': '1.6875e-05', 'T.loss': '0.025848', 'Eval.Gen.value_accuracy_best': '20.318'}
[E=10/40, S=17710] {'wandb': 'ReFT_small|gsm8k_python_sdp_galactica_125m_08', 'lr': '1.6872e-05', 'T.loss': '0.041977', 'Eval.Gen.value_accuracy_best': '20.318'}
[E=10/40, S=17720] {'wandb': 'ReFT_small|gsm8k_python_sdp_galactica_125m_08', 'lr': '1.6869e-05', 'T.loss': '0.073547', 'Eval.Gen.value_accuracy_best': '20.318'}
[E=10/40, S=17730] {'wandb': 'ReFT_small|gsm8k_python_sdp_galactica_125m_08', 'lr': '1.6866e-05', 'T.loss': '0.025795', 'Eval.Gen.value_accuracy_best': '20.318'}
[E=10/40, S=17740] {'wandb': 'ReFT_small|gsm8k_python_sdp_galactica_125m_08', 'lr': '1.6863e-05', 'T.loss': '0.040855', 'Eval.Gen.value_accuracy_best': '20.318'}
[E=10/40, S=17750] {'wandb': 'ReFT_small|gsm8k_python_sdp_galactica_125m_08', 'lr': '1.686e-05', 'T.loss': '0.069946', 'Eval.Gen.value_accuracy_best': '20.318'}
[E=10/40, S=17760] {'wandb': 'ReFT_small|gsm8k_python_sdp_galactica_125m_08', 'lr': '1.6857e-05', 'T.loss': '0.050095', 'Eval.Gen.value_accuracy_best': '20.318'}
[E=10/40, S=17770] {'wandb': 'ReFT_small|gsm8k_python_sdp_galactica_125m_08', 'lr': '1.6854e-05', 'T.loss': '0.036407', 'Eval.Gen.value_accuracy_best': '20.318'}
[E=10/40, S=17780] {'wandb': 'ReFT_small|gsm8k_python_sdp_galactica_125m_08', 'lr': '1.6851e-05', 'T.loss': '0.061111', 'Eval.Gen.value_accuracy_best': '20.318'}
[E=10/40, S=17790] {'wandb': 'ReFT_small|gsm8k_python_sdp_galactica_125m_08', 'lr': '1.6848e-05', 'T.loss': '0.045509', 'Eval.Gen.value_accuracy_best': '20.318'}
[E=10/40, S=17800] {'wandb': 'ReFT_small|gsm8k_python_sdp_galactica_125m_08', 'lr': '1.6845e-05', 'T.loss': '0.038345', 'Eval.Gen.value_accuracy_best': '20.318'}
[E=10/40, S=17810] {'wandb': 'ReFT_small|gsm8k_python_sdp_galactica_125m_08', 'lr': '1.6842e-05', 'T.loss': '0.026154', 'Eval.Gen.value_accuracy_best': '20.318'}
[E=10/40, S=17820] {'wandb': 'ReFT_small|gsm8k_python_sdp_galactica_125m_08', 'lr': '1.6839e-05', 'T.loss': '0.053192', 'Eval.Gen.value_accuracy_best': '20.318'}
[E=10/40, S=17830] {'wandb': 'ReFT_small|gsm8k_python_sdp_galactica_125m_08', 'lr': '1.6836e-05', 'T.loss': '0.052353', 'Eval.Gen.value_accuracy_best': '20.318'}
[E=10/40, S=17840] {'wandb': 'ReFT_small|gsm8k_python_sdp_galactica_125m_08', 'lr': '1.6833e-05', 'T.loss': '0.03746', 'Eval.Gen.value_accuracy_best': '20.318'}
[E=10/40, S=17850] {'wandb': 'ReFT_small|gsm8k_python_sdp_galactica_125m_08', 'lr': '1.683e-05', 'T.loss': '0.045929', 'Eval.Gen.value_accuracy_best': '20.318'}
[E=10/40, S=17860] {'wandb': 'ReFT_small|gsm8k_python_sdp_galactica_125m_08', 'lr': '1.6827e-05', 'T.loss': '0.036064', 'Eval.Gen.value_accuracy_best': '20.318'}
[E=10/40, S=17870] {'wandb': 'ReFT_small|gsm8k_python_sdp_galactica_125m_08', 'lr': '1.6824e-05', 'T.loss': '0.029835', 'Eval.Gen.value_accuracy_best': '20.318'}
[E=10/40, S=17880] {'wandb': 'ReFT_small|gsm8k_python_sdp_galactica_125m_08', 'lr': '1.6821e-05', 'T.loss': '0.055771', 'Eval.Gen.value_accuracy_best': '20.318'}
[E=10/40, S=17890] {'wandb': 'ReFT_small|gsm8k_python_sdp_galactica_125m_08', 'lr': '1.6818e-05', 'T.loss': '0.049713', 'Eval.Gen.value_accuracy_best': '20.318'}
[E=10/40, S=17900] {'wandb': 'ReFT_small|gsm8k_python_sdp_galactica_125m_08', 'lr': '1.6815e-05', 'T.loss': '0.028679', 'Eval.Gen.value_accuracy_best': '20.318'}
[E=10/40, S=17910] {'wandb': 'ReFT_small|gsm8k_python_sdp_galactica_125m_08', 'lr': '1.6812e-05', 'T.loss': '0.028542', 'Eval.Gen.value_accuracy_best': '20.318'}
[E=10/40, S=17920] {'wandb': 'ReFT_small|gsm8k_python_sdp_galactica_125m_08', 'lr': '1.6809e-05', 'T.loss': '0.0298', 'Eval.Gen.value_accuracy_best': '20.318'}
[E=10/40, S=17930] {'wandb': 'ReFT_small|gsm8k_python_sdp_galactica_125m_08', 'lr': '1.6806e-05', 'T.loss': '0.040176', 'Eval.Gen.value_accuracy_best': '20.318'}
[E=10/40, S=17940] {'wandb': 'ReFT_small|gsm8k_python_sdp_galactica_125m_08', 'lr': '1.6803e-05', 'T.loss': '0.031578', 'Eval.Gen.value_accuracy_best': '20.318'}
[E=10/40, S=17950] {'wandb': 'ReFT_small|gsm8k_python_sdp_galactica_125m_08', 'lr': '1.68e-05', 'T.loss': '0.060944', 'Eval.Gen.value_accuracy_best': '20.318'}
[E=10/40, S=17960] {'wandb': 'ReFT_small|gsm8k_python_sdp_galactica_125m_08', 'lr': '1.6797e-05', 'T.loss': '0.055702', 'Eval.Gen.value_accuracy_best': '20.318'}
[E=10/40, S=17970] {'wandb': 'ReFT_small|gsm8k_python_sdp_galactica_125m_08', 'lr': '1.6794e-05', 'T.loss': '0.049011', 'Eval.Gen.value_accuracy_best': '20.318'}
[E=10/40, S=17980] {'wandb': 'ReFT_small|gsm8k_python_sdp_galactica_125m_08', 'lr': '1.6791e-05', 'T.loss': '0.033287', 'Eval.Gen.value_accuracy_best': '20.318'}
[E=10/40, S=17990] {'wandb': 'ReFT_small|gsm8k_python_sdp_galactica_125m_08', 'lr': '1.6788e-05', 'T.loss': '0.025444', 'Eval.Gen.value_accuracy_best': '20.318'}
[E=10/40, S=18000] {'wandb': 'ReFT_small|gsm8k_python_sdp_galactica_125m_08', 'lr': '1.6784e-05', 'T.loss': '0.04158', 'Eval.Gen.value_accuracy_best': '20.318'}
[E=10/40, S=18010] {'wandb': 'ReFT_small|gsm8k_python_sdp_galactica_125m_08', 'lr': '1.6781e-05', 'T.loss': '0.048355', 'Eval.Gen.value_accuracy_best': '20.318'}
[E=10/40, S=18020] {'wandb': 'ReFT_small|gsm8k_python_sdp_galactica_125m_08', 'lr': '1.6778e-05', 'T.loss': '0.026817', 'Eval.Gen.value_accuracy_best': '20.318'}
[E=10/40, S=18030] {'wandb': 'ReFT_small|gsm8k_python_sdp_galactica_125m_08', 'lr': '1.6775e-05', 'T.loss': '0.050476', 'Eval.Gen.value_accuracy_best': '20.318'}
[E=10/40, S=18040] {'wandb': 'ReFT_small|gsm8k_python_sdp_galactica_125m_08', 'lr': '1.6772e-05', 'T.loss': '0.034889', 'Eval.Gen.value_accuracy_best': '20.318'}
[E=10/40, S=18050] {'wandb': 'ReFT_small|gsm8k_python_sdp_galactica_125m_08', 'lr': '1.6769e-05', 'T.loss': '0.042496', 'Eval.Gen.value_accuracy_best': '20.318'}
[E=10/40, S=18060] {'wandb': 'ReFT_small|gsm8k_python_sdp_galactica_125m_08', 'lr': '1.6766e-05', 'T.loss': '0.040405', 'Eval.Gen.value_accuracy_best': '20.318'}
[E=10/40, S=18070] {'wandb': 'ReFT_small|gsm8k_python_sdp_galactica_125m_08', 'lr': '1.6763e-05', 'T.loss': '0.026443', 'Eval.Gen.value_accuracy_best': '20.318'}
[E=10/40, S=18080] {'wandb': 'ReFT_small|gsm8k_python_sdp_galactica_125m_08', 'lr': '1.676e-05', 'T.loss': '0.043991', 'Eval.Gen.value_accuracy_best': '20.318'}
[E=10/40, S=18090] {'wandb': 'ReFT_small|gsm8k_python_sdp_galactica_125m_08', 'lr': '1.6757e-05', 'T.loss': '0.020287', 'Eval.Gen.value_accuracy_best': '20.318'}
[E=10/40, S=18100] {'wandb': 'ReFT_small|gsm8k_python_sdp_galactica_125m_08', 'lr': '1.6754e-05', 'T.loss': '0.043991', 'Eval.Gen.value_accuracy_best': '20.318'}
[E=10/40, S=18110] {'wandb': 'ReFT_small|gsm8k_python_sdp_galactica_125m_08', 'lr': '1.6751e-05', 'T.loss': '0.045166', 'Eval.Gen.value_accuracy_best': '20.318'}
[E=10/40, S=18120] {'wandb': 'ReFT_small|gsm8k_python_sdp_galactica_125m_08', 'lr': '1.6748e-05', 'T.loss': '0.031136', 'Eval.Gen.value_accuracy_best': '20.318'}
[E=10/40, S=18130] {'wandb': 'ReFT_small|gsm8k_python_sdp_galactica_125m_08', 'lr': '1.6745e-05', 'T.loss': '0.047668', 'Eval.Gen.value_accuracy_best': '20.318'}
[E=10/40, S=18140] {'wandb': 'ReFT_small|gsm8k_python_sdp_galactica_125m_08', 'lr': '1.6742e-05', 'T.loss': '0.070831', 'Eval.Gen.value_accuracy_best': '20.318'}
[E=10/40, S=18150] {'wandb': 'ReFT_small|gsm8k_python_sdp_galactica_125m_08', 'lr': '1.6739e-05', 'T.loss': '0.025551', 'Eval.Gen.value_accuracy_best': '20.318'}
[E=10/40, S=18160] {'wandb': 'ReFT_small|gsm8k_python_sdp_galactica_125m_08', 'lr': '1.6736e-05', 'T.loss': '0.043678', 'Eval.Gen.value_accuracy_best': '20.318'}
[E=10/40, S=18170] {'wandb': 'ReFT_small|gsm8k_python_sdp_galactica_125m_08', 'lr': '1.6733e-05', 'T.loss': '0.041824', 'Eval.Gen.value_accuracy_best': '20.318'}
[E=10/40, S=18180] {'wandb': 'ReFT_small|gsm8k_python_sdp_galactica_125m_08', 'lr': '1.673e-05', 'T.loss': '0.038681', 'Eval.Gen.value_accuracy_best': '20.318'}
[E=10/40, S=18190] {'wandb': 'ReFT_small|gsm8k_python_sdp_galactica_125m_08', 'lr': '1.6727e-05', 'T.loss': '0.030533', 'Eval.Gen.value_accuracy_best': '20.318'}
[E=10/40, S=18200] {'wandb': 'ReFT_small|gsm8k_python_sdp_galactica_125m_08', 'lr': '1.6724e-05', 'T.loss': '0.074554', 'Eval.Gen.value_accuracy_best': '20.318'}
[E=10/40, S=18210] {'wandb': 'ReFT_small|gsm8k_python_sdp_galactica_125m_08', 'lr': '1.6721e-05', 'T.loss': '0.03627', 'Eval.Gen.value_accuracy_best': '20.318'}
[E=10/40, S=18220] {'wandb': 'ReFT_small|gsm8k_python_sdp_galactica_125m_08', 'lr': '1.6718e-05', 'T.loss': '0.076889', 'Eval.Gen.value_accuracy_best': '20.318'}
[E=10/40, S=18230] {'wandb': 'ReFT_small|gsm8k_python_sdp_galactica_125m_08', 'lr': '1.6715e-05', 'T.loss': '0.037781', 'Eval.Gen.value_accuracy_best': '20.318'}
[E=10/40, S=18240] {'wandb': 'ReFT_small|gsm8k_python_sdp_galactica_125m_08', 'lr': '1.6712e-05', 'T.loss': '0.028351', 'Eval.Gen.value_accuracy_best': '20.318'}
[E=10/40, S=18250] {'wandb': 'ReFT_small|gsm8k_python_sdp_galactica_125m_08', 'lr': '1.6709e-05', 'T.loss': '0.037766', 'Eval.Gen.value_accuracy_best': '20.318'}
[E=10/40, S=18260] {'wandb': 'ReFT_small|gsm8k_python_sdp_galactica_125m_08', 'lr': '1.6706e-05', 'T.loss': '0.06163', 'Eval.Gen.value_accuracy_best': '20.318'}
[E=10/40, S=18270] {'wandb': 'ReFT_small|gsm8k_python_sdp_galactica_125m_08', 'lr': '1.6703e-05', 'T.loss': '0.046768', 'Eval.Gen.value_accuracy_best': '20.318'}
[E=10/40, S=18280] {'wandb': 'ReFT_small|gsm8k_python_sdp_galactica_125m_08', 'lr': '1.67e-05', 'T.loss': '0.050705', 'Eval.Gen.value_accuracy_best': '20.318'}
[E=10/40, S=18290] {'wandb': 'ReFT_small|gsm8k_python_sdp_galactica_125m_08', 'lr': '1.6697e-05', 'T.loss': '0.054146', 'Eval.Gen.value_accuracy_best': '20.318'}
[E=10/40, S=18300] {'wandb': 'ReFT_small|gsm8k_python_sdp_galactica_125m_08', 'lr': '1.6694e-05', 'T.loss': '0.053024', 'Eval.Gen.value_accuracy_best': '20.318'}
[E=10/40, S=18310] {'wandb': 'ReFT_small|gsm8k_python_sdp_galactica_125m_08', 'lr': '1.6691e-05', 'T.loss': '0.072937', 'Eval.Gen.value_accuracy_best': '20.318'}
[E=10/40, S=18320] {'wandb': 'ReFT_small|gsm8k_python_sdp_galactica_125m_08', 'lr': '1.6688e-05', 'T.loss': '0.060013', 'Eval.Gen.value_accuracy_best': '20.318'}
[E=10/40, S=18330] {'wandb': 'ReFT_small|gsm8k_python_sdp_galactica_125m_08', 'lr': '1.6685e-05', 'T.loss': '0.063782', 'Eval.Gen.value_accuracy_best': '20.318'}
[2025-06-05 20:04:03,801] [INFO] [loss_scaler.py:183:update_scale] [deepspeed] OVERFLOW! Rank 0 Skipping step. Attempted loss scale: 65536, reducing to 32768
[E=10/40, S=18340] {'wandb': 'ReFT_small|gsm8k_python_sdp_galactica_125m_08', 'lr': '1.6682e-05', 'T.loss': '0.037361', 'Eval.Gen.value_accuracy_best': '20.318'}
[E=10/40, S=18350] {'wandb': 'ReFT_small|gsm8k_python_sdp_galactica_125m_08', 'lr': '1.6679e-05', 'T.loss': '0.035149', 'Eval.Gen.value_accuracy_best': '20.318'}
[E=10/40, S=18360] {'wandb': 'ReFT_small|gsm8k_python_sdp_galactica_125m_08', 'lr': '1.6676e-05', 'T.loss': '0.025955', 'Eval.Gen.value_accuracy_best': '20.318'}
[E=10/40, S=18370] {'wandb': 'ReFT_small|gsm8k_python_sdp_galactica_125m_08', 'lr': '1.6673e-05', 'T.loss': '0.054291', 'Eval.Gen.value_accuracy_best': '20.318'}
[E=10/40, S=18380] {'wandb': 'ReFT_small|gsm8k_python_sdp_galactica_125m_08', 'lr': '1.667e-05', 'T.loss': '0.034546', 'Eval.Gen.value_accuracy_best': '20.318'}
[E=10/40, S=18390] {'wandb': 'ReFT_small|gsm8k_python_sdp_galactica_125m_08', 'lr': '1.6667e-05', 'T.loss': '0.087982', 'Eval.Gen.value_accuracy_best': '20.318'}
name 'train_1_speed' is not defined
name 'raymond_jewels' is not defined
name 'truck_tire_revenue' is not defined
local variable 'kittens_adopted' referenced before assignment
name 'monthly_payment_first_half' is not defined
name 'classes_per_weekday' is not defined
name 'begonias_price' is not defined
name 'packages' is not defined
invalid syntax (<string>, line 6)
local variable 'games_won' referenced before assignment
name 'friends' is not defined
name 'lee_time_difference' is not defined
local variable 'friend_4' referenced before assignment
invalid syntax (<string>, line 7)
name 'miles_initial' is not defined
local variable 'watermelon_cost' referenced before assignment
name 'brian_games_initial' is not defined
name 'questions_today' is not defined
name 'semantic_automatic_cars' is not defined
local variable 'video_game_earnings' referenced before assignment
local variable 'tax_amount' referenced before assignment
local variable 'bees_returned' referenced before assignment
name 'steve_speed' is not defined
name 'loser' is not defined
name 'anakin_sea_horses' is not defined
local variable 'pounds_per_pound' referenced before assignment
name 'red_roses' is not defined
name 'team_2_distance_remaining' is not defined
invalid syntax (<string>, line 5)
local variable 'brianna_points' referenced before assignment
invalid syntax (<string>, line 7)
local variable 'gift_card_added' referenced before assignment
name 'entrances_c' is not defined
name 'pages_per_minute' is not defined
local variable 'cookies_sister' referenced before assignment
local variable 'bag2_total' referenced before assignment
name 'guests_per_coach' is not defined
name 'ice_cream_discount' is not defined
local variable 'lollipops_eaten_day' referenced before assignment
name 'job_b_hours_per_year' is not defined
local variable 'cookies_eaten_by_husband_by_husband' referenced before assignment
invalid syntax (<string>, line 9)
local variable 'test_3' referenced before assignment
local variable 'score_after' referenced before assignment
name 'puppies_total' is not defined
name 'cho_km' is not defined
name 'anna_total_pens' is not defined
invalid syntax (<string>, line 8)
name 'kilowatts_per_kilowatts' is not defined
name 'candles_defective' is not defined
name 'indras_letters' is not defined
invalid syntax (<string>, line 8)
local variable 'total_cost' referenced before assignment
local variable 'drive_to_hotel' referenced before assignment
name 'run_hay_bills' is not defined
name 'bottle_cans' is not defined
invalid syntax (<string>, line 8)
name 'baseball_cards_given' is not defined
name 'pencils_initial' is not defined
invalid syntax (<string>, line 6)
invalid syntax (<string>, line 6)
name 'normal_cost' is not defined
name 'cheerleaders_bottom_height_total' is not defined
name 'oranges_per_pie' is not defined
name 'bus_trips_per_week' is not defined
invalid syntax (<string>, line 7)
name 'total_20_bills_left' is not defined
name 'ophelia_chairs' is not defined
invalid syntax (<string>, line 8)
name 'sharon_initial' is not defined
local variable 'jill_rate' referenced before assignment
name 'people_invited' is not defined
name 'cups_sold_per_hour_2_hours_total' is not defined
name 'home_days' is not defined
name 'class_cost_per_class' is not defined
local variable 'dress_shirts_cost' referenced before assignment
local variable 'soil_after' referenced before assignment
name 'pomegranate_price_before_discount' is not defined
local variable 'num_pounds_bought' referenced before assignment
name 'carl_signatures' is not defined
unindent does not match any outer indentation level (<string>, line 8)
invalid syntax (<string>, line 6)
name 'total_bill' is not defined
name 'grandchildren_babies_per_child' is not defined
name 'dumplings_total' is not defined
invalid syntax (<string>, line 13)
local variable 'cost_per_day_per_year' referenced before assignment
name 'computers_cost' is not defined
invalid syntax (<string>, line 7)
name 'sacks_given_total' is not defined
name 'feet' is not defined
name 'jars_cost_half' is not defined
name 'cards_bought' is not defined
invalid syntax (<string>, line 7)
name 'hours_hike' is not defined
name 'emma_jumps' is not defined
name 'days_per_week_per_week_with_two_days' is not defined
invalid syntax (<string>, line 7)
local variable 'marshmallows_used' referenced before assignment
name 'friend_2_players' is not defined
name 'fragrance' is not defined
local variable 'becca_cards_total' referenced before assignment
name 'chandelier_hung' is not defined
name 'twenty' is not defined
name 'true_question_questions' is not defined
invalid syntax (<string>, line 7)
invalid syntax (<string>, line 11)
name 'gingerbread_saturday' is not defined
local variable 'Igneous_seconds' referenced before assignment
name 'kiwis_tax' is not defined
name 'blue_balloons_final' is not defined
name 'cheese_pounds_initial' is not defined
name 'total_weeks' is not defined
name 'food_lasts_total' is not defined
name 'total_fertiliser_per_lore' is not defined
unindent does not match any outer indentation level (<string>, line 6)
name 'cost_per_bunch_individual_bananas_bunches' is not defined
local variable 'bikes_sold_trekking' referenced before assignment
name 'trucks_bales_per_hour' is not defined
name 'weeks_per_month' is not defined
local variable 'starting_height' referenced before assignment
invalid syntax (<string>, line 6)
local variable 'balance_after_towels' referenced before assignment
name 'total_chore' is not defined
name 'box_boxes' is not defined
name 'planks_cost' is not defined
name 'eggs_eaten_per_day_increase' is not defined
invalid syntax (<string>, line 15)
name 'daily_bottles_produced' is not defined
name 'year2_initial' is not defined
name 'rosa_money_initial' is not defined
name 'amount_initial' is not defined
name 'team_b_goals_second' is not defined
name 'bandages_used_day3' is not defined
name 'hair_cost_per_inch' is not defined
invalid syntax (<string>, line 5)
name 'people_initial' is not defined
invalid syntax (<string>, line 5)
invalid syntax (<string>, line 8)
name 'jelly_beans_guess' is not defined
local variable 'students_tried_by_teachers' referenced before assignment
invalid syntax (<string>, line 6)
invalid decimal literal (<string>, line 8)
name 'money_sold' is not defined
invalid syntax (<string>, line 13)
invalid syntax (<string>, line 8)
invalid syntax (<string>, line 10)
name 'animal_2_legs_per_leg' is not defined
invalid syntax (<string>, line 5)
invalid syntax (<string>, line 7)
name 'cookies_initial' is not defined
invalid syntax (<string>, line 5)
unindent does not match any outer indentation level (<string>, line 5)
invalid syntax (<string>, line 6)
name 'sarah_raised' is not defined
[Eval Info] value_accuracy: 20.091%
[E=10/40, S=18390] {'wandb': 'ReFT_small|gsm8k_python_sdp_galactica_125m_08', 'lr': '1.6667e-05', 'T.loss': '0.083374', 'Eval.Gen.value_accuracy': '20.091', 'Eval.Gen.value_accuracy_best': '20.318'}
[E=11/40, S=18400] {'wandb': 'ReFT_small|gsm8k_python_sdp_galactica_125m_08', 'lr': '1.6664e-05', 'T.loss': '0.029747', 'Eval.Gen.value_accuracy_best': '20.318'}
[E=11/40, S=18410] {'wandb': 'ReFT_small|gsm8k_python_sdp_galactica_125m_08', 'lr': '1.6661e-05', 'T.loss': '0.028572', 'Eval.Gen.value_accuracy_best': '20.318'}
[E=11/40, S=18420] {'wandb': 'ReFT_small|gsm8k_python_sdp_galactica_125m_08', 'lr': '1.6658e-05', 'T.loss': '0.039108', 'Eval.Gen.value_accuracy_best': '20.318'}
[E=11/40, S=18430] {'wandb': 'ReFT_small|gsm8k_python_sdp_galactica_125m_08', 'lr': '1.6655e-05', 'T.loss': '0.02079', 'Eval.Gen.value_accuracy_best': '20.318'}
[E=11/40, S=18440] {'wandb': 'ReFT_small|gsm8k_python_sdp_galactica_125m_08', 'lr': '1.6652e-05', 'T.loss': '0.034828', 'Eval.Gen.value_accuracy_best': '20.318'}
[E=11/40, S=18450] {'wandb': 'ReFT_small|gsm8k_python_sdp_galactica_125m_08', 'lr': '1.6649e-05', 'T.loss': '0.027985', 'Eval.Gen.value_accuracy_best': '20.318'}
[E=11/40, S=18460] {'wandb': 'ReFT_small|gsm8k_python_sdp_galactica_125m_08', 'lr': '1.6646e-05', 'T.loss': '0.01965', 'Eval.Gen.value_accuracy_best': '20.318'}
[E=11/40, S=18470] {'wandb': 'ReFT_small|gsm8k_python_sdp_galactica_125m_08', 'lr': '1.6642e-05', 'T.loss': '0.030678', 'Eval.Gen.value_accuracy_best': '20.318'}
[E=11/40, S=18480] {'wandb': 'ReFT_small|gsm8k_python_sdp_galactica_125m_08', 'lr': '1.6639e-05', 'T.loss': '0.044441', 'Eval.Gen.value_accuracy_best': '20.318'}
[E=11/40, S=18490] {'wandb': 'ReFT_small|gsm8k_python_sdp_galactica_125m_08', 'lr': '1.6636e-05', 'T.loss': '0.029007', 'Eval.Gen.value_accuracy_best': '20.318'}
[E=11/40, S=18500] {'wandb': 'ReFT_small|gsm8k_python_sdp_galactica_125m_08', 'lr': '1.6633e-05', 'T.loss': '0.02813', 'Eval.Gen.value_accuracy_best': '20.318'}
[E=11/40, S=18510] {'wandb': 'ReFT_small|gsm8k_python_sdp_galactica_125m_08', 'lr': '1.663e-05', 'T.loss': '0.029518', 'Eval.Gen.value_accuracy_best': '20.318'}
[E=11/40, S=18520] {'wandb': 'ReFT_small|gsm8k_python_sdp_galactica_125m_08', 'lr': '1.6627e-05', 'T.loss': '0.029366', 'Eval.Gen.value_accuracy_best': '20.318'}
[E=11/40, S=18530] {'wandb': 'ReFT_small|gsm8k_python_sdp_galactica_125m_08', 'lr': '1.6624e-05', 'T.loss': '0.038879', 'Eval.Gen.value_accuracy_best': '20.318'}
[E=11/40, S=18540] {'wandb': 'ReFT_small|gsm8k_python_sdp_galactica_125m_08', 'lr': '1.6621e-05', 'T.loss': '0.027596', 'Eval.Gen.value_accuracy_best': '20.318'}
[E=11/40, S=18550] {'wandb': 'ReFT_small|gsm8k_python_sdp_galactica_125m_08', 'lr': '1.6618e-05', 'T.loss': '0.025383', 'Eval.Gen.value_accuracy_best': '20.318'}
[E=11/40, S=18560] {'wandb': 'ReFT_small|gsm8k_python_sdp_galactica_125m_08', 'lr': '1.6615e-05', 'T.loss': '0.034088', 'Eval.Gen.value_accuracy_best': '20.318'}
[E=11/40, S=18570] {'wandb': 'ReFT_small|gsm8k_python_sdp_galactica_125m_08', 'lr': '1.6612e-05', 'T.loss': '0.040817', 'Eval.Gen.value_accuracy_best': '20.318'}
[E=11/40, S=18580] {'wandb': 'ReFT_small|gsm8k_python_sdp_galactica_125m_08', 'lr': '1.6609e-05', 'T.loss': '0.030434', 'Eval.Gen.value_accuracy_best': '20.318'}
[E=11/40, S=18590] {'wandb': 'ReFT_small|gsm8k_python_sdp_galactica_125m_08', 'lr': '1.6606e-05', 'T.loss': '0.034103', 'Eval.Gen.value_accuracy_best': '20.318'}
[E=11/40, S=18600] {'wandb': 'ReFT_small|gsm8k_python_sdp_galactica_125m_08', 'lr': '1.6603e-05', 'T.loss': '0.041718', 'Eval.Gen.value_accuracy_best': '20.318'}
[E=11/40, S=18610] {'wandb': 'ReFT_small|gsm8k_python_sdp_galactica_125m_08', 'lr': '1.66e-05', 'T.loss': '0.044075', 'Eval.Gen.value_accuracy_best': '20.318'}
[E=11/40, S=18620] {'wandb': 'ReFT_small|gsm8k_python_sdp_galactica_125m_08', 'lr': '1.6597e-05', 'T.loss': '0.020561', 'Eval.Gen.value_accuracy_best': '20.318'}
[E=11/40, S=18630] {'wandb': 'ReFT_small|gsm8k_python_sdp_galactica_125m_08', 'lr': '1.6594e-05', 'T.loss': '0.021561', 'Eval.Gen.value_accuracy_best': '20.318'}
[E=11/40, S=18640] {'wandb': 'ReFT_small|gsm8k_python_sdp_galactica_125m_08', 'lr': '1.6591e-05', 'T.loss': '0.045181', 'Eval.Gen.value_accuracy_best': '20.318'}
[E=11/40, S=18650] {'wandb': 'ReFT_small|gsm8k_python_sdp_galactica_125m_08', 'lr': '1.6588e-05', 'T.loss': '0.032883', 'Eval.Gen.value_accuracy_best': '20.318'}
[E=11/40, S=18660] {'wandb': 'ReFT_small|gsm8k_python_sdp_galactica_125m_08', 'lr': '1.6585e-05', 'T.loss': '0.055222', 'Eval.Gen.value_accuracy_best': '20.318'}
[E=11/40, S=18670] {'wandb': 'ReFT_small|gsm8k_python_sdp_galactica_125m_08', 'lr': '1.6582e-05', 'T.loss': '0.036728', 'Eval.Gen.value_accuracy_best': '20.318'}
[E=11/40, S=18680] {'wandb': 'ReFT_small|gsm8k_python_sdp_galactica_125m_08', 'lr': '1.6579e-05', 'T.loss': '0.071014', 'Eval.Gen.value_accuracy_best': '20.318'}
[E=11/40, S=18690] {'wandb': 'ReFT_small|gsm8k_python_sdp_galactica_125m_08', 'lr': '1.6576e-05', 'T.loss': '0.043976', 'Eval.Gen.value_accuracy_best': '20.318'}
[E=11/40, S=18700] {'wandb': 'ReFT_small|gsm8k_python_sdp_galactica_125m_08', 'lr': '1.6573e-05', 'T.loss': '0.054024', 'Eval.Gen.value_accuracy_best': '20.318'}
[E=11/40, S=18710] {'wandb': 'ReFT_small|gsm8k_python_sdp_galactica_125m_08', 'lr': '1.657e-05', 'T.loss': '0.03051', 'Eval.Gen.value_accuracy_best': '20.318'}
[E=11/40, S=18720] {'wandb': 'ReFT_small|gsm8k_python_sdp_galactica_125m_08', 'lr': '1.6567e-05', 'T.loss': '0.04686', 'Eval.Gen.value_accuracy_best': '20.318'}
[E=11/40, S=18730] {'wandb': 'ReFT_small|gsm8k_python_sdp_galactica_125m_08', 'lr': '1.6564e-05', 'T.loss': '0.022163', 'Eval.Gen.value_accuracy_best': '20.318'}
[E=11/40, S=18740] {'wandb': 'ReFT_small|gsm8k_python_sdp_galactica_125m_08', 'lr': '1.6561e-05', 'T.loss': '0.060074', 'Eval.Gen.value_accuracy_best': '20.318'}
[E=11/40, S=18750] {'wandb': 'ReFT_small|gsm8k_python_sdp_galactica_125m_08', 'lr': '1.6558e-05', 'T.loss': '0.018829', 'Eval.Gen.value_accuracy_best': '20.318'}
[E=11/40, S=18760] {'wandb': 'ReFT_small|gsm8k_python_sdp_galactica_125m_08', 'lr': '1.6555e-05', 'T.loss': '0.030884', 'Eval.Gen.value_accuracy_best': '20.318'}
[E=11/40, S=18770] {'wandb': 'ReFT_small|gsm8k_python_sdp_galactica_125m_08', 'lr': '1.6552e-05', 'T.loss': '0.03656', 'Eval.Gen.value_accuracy_best': '20.318'}
[E=11/40, S=18780] {'wandb': 'ReFT_small|gsm8k_python_sdp_galactica_125m_08', 'lr': '1.6549e-05', 'T.loss': '0.03611', 'Eval.Gen.value_accuracy_best': '20.318'}
[E=11/40, S=18790] {'wandb': 'ReFT_small|gsm8k_python_sdp_galactica_125m_08', 'lr': '1.6546e-05', 'T.loss': '0.031559', 'Eval.Gen.value_accuracy_best': '20.318'}
[E=11/40, S=18800] {'wandb': 'ReFT_small|gsm8k_python_sdp_galactica_125m_08', 'lr': '1.6543e-05', 'T.loss': '0.027988', 'Eval.Gen.value_accuracy_best': '20.318'}
[E=11/40, S=18810] {'wandb': 'ReFT_small|gsm8k_python_sdp_galactica_125m_08', 'lr': '1.654e-05', 'T.loss': '0.03801', 'Eval.Gen.value_accuracy_best': '20.318'}
[E=11/40, S=18820] {'wandb': 'ReFT_small|gsm8k_python_sdp_galactica_125m_08', 'lr': '1.6537e-05', 'T.loss': '0.02845', 'Eval.Gen.value_accuracy_best': '20.318'}
[E=11/40, S=18830] {'wandb': 'ReFT_small|gsm8k_python_sdp_galactica_125m_08', 'lr': '1.6534e-05', 'T.loss': '0.028', 'Eval.Gen.value_accuracy_best': '20.318'}
[E=11/40, S=18840] {'wandb': 'ReFT_small|gsm8k_python_sdp_galactica_125m_08', 'lr': '1.6531e-05', 'T.loss': '0.017735', 'Eval.Gen.value_accuracy_best': '20.318'}
[E=11/40, S=18850] {'wandb': 'ReFT_small|gsm8k_python_sdp_galactica_125m_08', 'lr': '1.6528e-05', 'T.loss': '0.021393', 'Eval.Gen.value_accuracy_best': '20.318'}
[E=11/40, S=18860] {'wandb': 'ReFT_small|gsm8k_python_sdp_galactica_125m_08', 'lr': '1.6525e-05', 'T.loss': '0.018147', 'Eval.Gen.value_accuracy_best': '20.318'}
[E=11/40, S=18870] {'wandb': 'ReFT_small|gsm8k_python_sdp_galactica_125m_08', 'lr': '1.6522e-05', 'T.loss': '0.024818', 'Eval.Gen.value_accuracy_best': '20.318'}
[E=11/40, S=18880] {'wandb': 'ReFT_small|gsm8k_python_sdp_galactica_125m_08', 'lr': '1.6519e-05', 'T.loss': '0.052063', 'Eval.Gen.value_accuracy_best': '20.318'}
[E=11/40, S=18890] {'wandb': 'ReFT_small|gsm8k_python_sdp_galactica_125m_08', 'lr': '1.6516e-05', 'T.loss': '0.041718', 'Eval.Gen.value_accuracy_best': '20.318'}
[E=11/40, S=18900] {'wandb': 'ReFT_small|gsm8k_python_sdp_galactica_125m_08', 'lr': '1.6513e-05', 'T.loss': '0.024002', 'Eval.Gen.value_accuracy_best': '20.318'}
[E=11/40, S=18910] {'wandb': 'ReFT_small|gsm8k_python_sdp_galactica_125m_08', 'lr': '1.651e-05', 'T.loss': '0.032471', 'Eval.Gen.value_accuracy_best': '20.318'}
[E=11/40, S=18920] {'wandb': 'ReFT_small|gsm8k_python_sdp_galactica_125m_08', 'lr': '1.6507e-05', 'T.loss': '0.041504', 'Eval.Gen.value_accuracy_best': '20.318'}
[E=11/40, S=18930] {'wandb': 'ReFT_small|gsm8k_python_sdp_galactica_125m_08', 'lr': '1.6504e-05', 'T.loss': '0.028351', 'Eval.Gen.value_accuracy_best': '20.318'}
[E=11/40, S=18940] {'wandb': 'ReFT_small|gsm8k_python_sdp_galactica_125m_08', 'lr': '1.6501e-05', 'T.loss': '0.044136', 'Eval.Gen.value_accuracy_best': '20.318'}
[E=11/40, S=18950] {'wandb': 'ReFT_small|gsm8k_python_sdp_galactica_125m_08', 'lr': '1.6497e-05', 'T.loss': '0.033375', 'Eval.Gen.value_accuracy_best': '20.318'}
[E=11/40, S=18960] {'wandb': 'ReFT_small|gsm8k_python_sdp_galactica_125m_08', 'lr': '1.6494e-05', 'T.loss': '0.036423', 'Eval.Gen.value_accuracy_best': '20.318'}
[E=11/40, S=18970] {'wandb': 'ReFT_small|gsm8k_python_sdp_galactica_125m_08', 'lr': '1.6491e-05', 'T.loss': '0.040894', 'Eval.Gen.value_accuracy_best': '20.318'}
[E=11/40, S=18980] {'wandb': 'ReFT_small|gsm8k_python_sdp_galactica_125m_08', 'lr': '1.6488e-05', 'T.loss': '0.022835', 'Eval.Gen.value_accuracy_best': '20.318'}
[E=11/40, S=18990] {'wandb': 'ReFT_small|gsm8k_python_sdp_galactica_125m_08', 'lr': '1.6485e-05', 'T.loss': '0.037285', 'Eval.Gen.value_accuracy_best': '20.318'}
[E=11/40, S=19000] {'wandb': 'ReFT_small|gsm8k_python_sdp_galactica_125m_08', 'lr': '1.6482e-05', 'T.loss': '0.051498', 'Eval.Gen.value_accuracy_best': '20.318'}
[E=11/40, S=19010] {'wandb': 'ReFT_small|gsm8k_python_sdp_galactica_125m_08', 'lr': '1.6479e-05', 'T.loss': '0.015556', 'Eval.Gen.value_accuracy_best': '20.318'}
[E=11/40, S=19020] {'wandb': 'ReFT_small|gsm8k_python_sdp_galactica_125m_08', 'lr': '1.6476e-05', 'T.loss': '0.02816', 'Eval.Gen.value_accuracy_best': '20.318'}
[E=11/40, S=19030] {'wandb': 'ReFT_small|gsm8k_python_sdp_galactica_125m_08', 'lr': '1.6473e-05', 'T.loss': '0.026978', 'Eval.Gen.value_accuracy_best': '20.318'}
[E=11/40, S=19040] {'wandb': 'ReFT_small|gsm8k_python_sdp_galactica_125m_08', 'lr': '1.647e-05', 'T.loss': '0.02095', 'Eval.Gen.value_accuracy_best': '20.318'}
[E=11/40, S=19050] {'wandb': 'ReFT_small|gsm8k_python_sdp_galactica_125m_08', 'lr': '1.6467e-05', 'T.loss': '0.049026', 'Eval.Gen.value_accuracy_best': '20.318'}
[E=11/40, S=19060] {'wandb': 'ReFT_small|gsm8k_python_sdp_galactica_125m_08', 'lr': '1.6464e-05', 'T.loss': '0.025078', 'Eval.Gen.value_accuracy_best': '20.318'}
[E=11/40, S=19070] {'wandb': 'ReFT_small|gsm8k_python_sdp_galactica_125m_08', 'lr': '1.6461e-05', 'T.loss': '0.048233', 'Eval.Gen.value_accuracy_best': '20.318'}
[E=11/40, S=19080] {'wandb': 'ReFT_small|gsm8k_python_sdp_galactica_125m_08', 'lr': '1.6458e-05', 'T.loss': '0.018559', 'Eval.Gen.value_accuracy_best': '20.318'}
[E=11/40, S=19090] {'wandb': 'ReFT_small|gsm8k_python_sdp_galactica_125m_08', 'lr': '1.6455e-05', 'T.loss': '0.027779', 'Eval.Gen.value_accuracy_best': '20.318'}
[E=11/40, S=19100] {'wandb': 'ReFT_small|gsm8k_python_sdp_galactica_125m_08', 'lr': '1.6452e-05', 'T.loss': '0.018669', 'Eval.Gen.value_accuracy_best': '20.318'}
[E=11/40, S=19110] {'wandb': 'ReFT_small|gsm8k_python_sdp_galactica_125m_08', 'lr': '1.6449e-05', 'T.loss': '0.029152', 'Eval.Gen.value_accuracy_best': '20.318'}
[E=11/40, S=19120] {'wandb': 'ReFT_small|gsm8k_python_sdp_galactica_125m_08', 'lr': '1.6446e-05', 'T.loss': '0.033585', 'Eval.Gen.value_accuracy_best': '20.318'}
[E=11/40, S=19130] {'wandb': 'ReFT_small|gsm8k_python_sdp_galactica_125m_08', 'lr': '1.6443e-05', 'T.loss': '0.027679', 'Eval.Gen.value_accuracy_best': '20.318'}
[E=11/40, S=19140] {'wandb': 'ReFT_small|gsm8k_python_sdp_galactica_125m_08', 'lr': '1.644e-05', 'T.loss': '0.031639', 'Eval.Gen.value_accuracy_best': '20.318'}
[E=11/40, S=19150] {'wandb': 'ReFT_small|gsm8k_python_sdp_galactica_125m_08', 'lr': '1.6437e-05', 'T.loss': '0.042755', 'Eval.Gen.value_accuracy_best': '20.318'}
[E=11/40, S=19160] {'wandb': 'ReFT_small|gsm8k_python_sdp_galactica_125m_08', 'lr': '1.6434e-05', 'T.loss': '0.032486', 'Eval.Gen.value_accuracy_best': '20.318'}
[E=11/40, S=19170] {'wandb': 'ReFT_small|gsm8k_python_sdp_galactica_125m_08', 'lr': '1.6431e-05', 'T.loss': '0.041061', 'Eval.Gen.value_accuracy_best': '20.318'}
[E=11/40, S=19180] {'wandb': 'ReFT_small|gsm8k_python_sdp_galactica_125m_08', 'lr': '1.6428e-05', 'T.loss': '0.039078', 'Eval.Gen.value_accuracy_best': '20.318'}
[E=11/40, S=19190] {'wandb': 'ReFT_small|gsm8k_python_sdp_galactica_125m_08', 'lr': '1.6425e-05', 'T.loss': '0.033546', 'Eval.Gen.value_accuracy_best': '20.318'}
[E=11/40, S=19200] {'wandb': 'ReFT_small|gsm8k_python_sdp_galactica_125m_08', 'lr': '1.6422e-05', 'T.loss': '0.019817', 'Eval.Gen.value_accuracy_best': '20.318'}
[E=11/40, S=19210] {'wandb': 'ReFT_small|gsm8k_python_sdp_galactica_125m_08', 'lr': '1.6419e-05', 'T.loss': '0.024494', 'Eval.Gen.value_accuracy_best': '20.318'}
[E=11/40, S=19220] {'wandb': 'ReFT_small|gsm8k_python_sdp_galactica_125m_08', 'lr': '1.6416e-05', 'T.loss': '0.020973', 'Eval.Gen.value_accuracy_best': '20.318'}
[E=11/40, S=19230] {'wandb': 'ReFT_small|gsm8k_python_sdp_galactica_125m_08', 'lr': '1.6413e-05', 'T.loss': '0.044472', 'Eval.Gen.value_accuracy_best': '20.318'}
[E=11/40, S=19240] {'wandb': 'ReFT_small|gsm8k_python_sdp_galactica_125m_08', 'lr': '1.641e-05', 'T.loss': '0.032631', 'Eval.Gen.value_accuracy_best': '20.318'}
[E=11/40, S=19250] {'wandb': 'ReFT_small|gsm8k_python_sdp_galactica_125m_08', 'lr': '1.6407e-05', 'T.loss': '0.039246', 'Eval.Gen.value_accuracy_best': '20.318'}
[E=11/40, S=19260] {'wandb': 'ReFT_small|gsm8k_python_sdp_galactica_125m_08', 'lr': '1.6404e-05', 'T.loss': '0.027435', 'Eval.Gen.value_accuracy_best': '20.318'}
[E=11/40, S=19270] {'wandb': 'ReFT_small|gsm8k_python_sdp_galactica_125m_08', 'lr': '1.6401e-05', 'T.loss': '0.024307', 'Eval.Gen.value_accuracy_best': '20.318'}
[E=11/40, S=19280] {'wandb': 'ReFT_small|gsm8k_python_sdp_galactica_125m_08', 'lr': '1.6398e-05', 'T.loss': '0.035721', 'Eval.Gen.value_accuracy_best': '20.318'}
[E=11/40, S=19290] {'wandb': 'ReFT_small|gsm8k_python_sdp_galactica_125m_08', 'lr': '1.6395e-05', 'T.loss': '0.035179', 'Eval.Gen.value_accuracy_best': '20.318'}
[E=11/40, S=19300] {'wandb': 'ReFT_small|gsm8k_python_sdp_galactica_125m_08', 'lr': '1.6392e-05', 'T.loss': '0.019157', 'Eval.Gen.value_accuracy_best': '20.318'}
[E=11/40, S=19310] {'wandb': 'ReFT_small|gsm8k_python_sdp_galactica_125m_08', 'lr': '1.6389e-05', 'T.loss': '0.045975', 'Eval.Gen.value_accuracy_best': '20.318'}
[E=11/40, S=19320] {'wandb': 'ReFT_small|gsm8k_python_sdp_galactica_125m_08', 'lr': '1.6386e-05', 'T.loss': '0.033569', 'Eval.Gen.value_accuracy_best': '20.318'}
[E=11/40, S=19330] {'wandb': 'ReFT_small|gsm8k_python_sdp_galactica_125m_08', 'lr': '1.6383e-05', 'T.loss': '0.060928', 'Eval.Gen.value_accuracy_best': '20.318'}
[2025-06-05 20:11:22,060] [INFO] [loss_scaler.py:183:update_scale] [deepspeed] OVERFLOW! Rank 0 Skipping step. Attempted loss scale: 65536, reducing to 32768
[E=11/40, S=19340] {'wandb': 'ReFT_small|gsm8k_python_sdp_galactica_125m_08', 'lr': '1.638e-05', 'T.loss': '0.021183', 'Eval.Gen.value_accuracy_best': '20.318'}
[E=11/40, S=19350] {'wandb': 'ReFT_small|gsm8k_python_sdp_galactica_125m_08', 'lr': '1.6377e-05', 'T.loss': '0.073326', 'Eval.Gen.value_accuracy_best': '20.318'}
[E=11/40, S=19360] {'wandb': 'ReFT_small|gsm8k_python_sdp_galactica_125m_08', 'lr': '1.6374e-05', 'T.loss': '0.034012', 'Eval.Gen.value_accuracy_best': '20.318'}
[E=11/40, S=19370] {'wandb': 'ReFT_small|gsm8k_python_sdp_galactica_125m_08', 'lr': '1.6371e-05', 'T.loss': '0.068649', 'Eval.Gen.value_accuracy_best': '20.318'}
[E=11/40, S=19380] {'wandb': 'ReFT_small|gsm8k_python_sdp_galactica_125m_08', 'lr': '1.6368e-05', 'T.loss': '0.031342', 'Eval.Gen.value_accuracy_best': '20.318'}
[E=11/40, S=19390] {'wandb': 'ReFT_small|gsm8k_python_sdp_galactica_125m_08', 'lr': '1.6365e-05', 'T.loss': '0.021019', 'Eval.Gen.value_accuracy_best': '20.318'}
[E=11/40, S=19400] {'wandb': 'ReFT_small|gsm8k_python_sdp_galactica_125m_08', 'lr': '1.6362e-05', 'T.loss': '0.047577', 'Eval.Gen.value_accuracy_best': '20.318'}
[E=11/40, S=19410] {'wandb': 'ReFT_small|gsm8k_python_sdp_galactica_125m_08', 'lr': '1.6359e-05', 'T.loss': '0.065979', 'Eval.Gen.value_accuracy_best': '20.318'}
[E=11/40, S=19420] {'wandb': 'ReFT_small|gsm8k_python_sdp_galactica_125m_08', 'lr': '1.6356e-05', 'T.loss': '0.049072', 'Eval.Gen.value_accuracy_best': '20.318'}
[E=11/40, S=19430] {'wandb': 'ReFT_small|gsm8k_python_sdp_galactica_125m_08', 'lr': '1.6352e-05', 'T.loss': '0.023422', 'Eval.Gen.value_accuracy_best': '20.318'}
[E=11/40, S=19440] {'wandb': 'ReFT_small|gsm8k_python_sdp_galactica_125m_08', 'lr': '1.6349e-05', 'T.loss': '0.044144', 'Eval.Gen.value_accuracy_best': '20.318'}
[E=11/40, S=19450] {'wandb': 'ReFT_small|gsm8k_python_sdp_galactica_125m_08', 'lr': '1.6346e-05', 'T.loss': '0.02919', 'Eval.Gen.value_accuracy_best': '20.318'}
[E=11/40, S=19460] {'wandb': 'ReFT_small|gsm8k_python_sdp_galactica_125m_08', 'lr': '1.6343e-05', 'T.loss': '0.025211', 'Eval.Gen.value_accuracy_best': '20.318'}
[E=11/40, S=19470] {'wandb': 'ReFT_small|gsm8k_python_sdp_galactica_125m_08', 'lr': '1.634e-05', 'T.loss': '0.01828', 'Eval.Gen.value_accuracy_best': '20.318'}
[E=11/40, S=19480] {'wandb': 'ReFT_small|gsm8k_python_sdp_galactica_125m_08', 'lr': '1.6337e-05', 'T.loss': '0.022087', 'Eval.Gen.value_accuracy_best': '20.318'}
[E=11/40, S=19490] {'wandb': 'ReFT_small|gsm8k_python_sdp_galactica_125m_08', 'lr': '1.6334e-05', 'T.loss': '0.033455', 'Eval.Gen.value_accuracy_best': '20.318'}
[E=11/40, S=19500] {'wandb': 'ReFT_small|gsm8k_python_sdp_galactica_125m_08', 'lr': '1.6331e-05', 'T.loss': '0.037361', 'Eval.Gen.value_accuracy_best': '20.318'}
[E=11/40, S=19510] {'wandb': 'ReFT_small|gsm8k_python_sdp_galactica_125m_08', 'lr': '1.6328e-05', 'T.loss': '0.022896', 'Eval.Gen.value_accuracy_best': '20.318'}
[E=11/40, S=19520] {'wandb': 'ReFT_small|gsm8k_python_sdp_galactica_125m_08', 'lr': '1.6325e-05', 'T.loss': '0.041977', 'Eval.Gen.value_accuracy_best': '20.318'}
[E=11/40, S=19530] {'wandb': 'ReFT_small|gsm8k_python_sdp_galactica_125m_08', 'lr': '1.6322e-05', 'T.loss': '0.034004', 'Eval.Gen.value_accuracy_best': '20.318'}
[E=11/40, S=19540] {'wandb': 'ReFT_small|gsm8k_python_sdp_galactica_125m_08', 'lr': '1.6319e-05', 'T.loss': '0.030384', 'Eval.Gen.value_accuracy_best': '20.318'}
[E=11/40, S=19550] {'wandb': 'ReFT_small|gsm8k_python_sdp_galactica_125m_08', 'lr': '1.6316e-05', 'T.loss': '0.039795', 'Eval.Gen.value_accuracy_best': '20.318'}
[E=11/40, S=19560] {'wandb': 'ReFT_small|gsm8k_python_sdp_galactica_125m_08', 'lr': '1.6313e-05', 'T.loss': '0.049973', 'Eval.Gen.value_accuracy_best': '20.318'}
[E=11/40, S=19570] {'wandb': 'ReFT_small|gsm8k_python_sdp_galactica_125m_08', 'lr': '1.631e-05', 'T.loss': '0.01931', 'Eval.Gen.value_accuracy_best': '20.318'}
[E=11/40, S=19580] {'wandb': 'ReFT_small|gsm8k_python_sdp_galactica_125m_08', 'lr': '1.6307e-05', 'T.loss': '0.053864', 'Eval.Gen.value_accuracy_best': '20.318'}
[E=11/40, S=19590] {'wandb': 'ReFT_small|gsm8k_python_sdp_galactica_125m_08', 'lr': '1.6304e-05', 'T.loss': '0.03067', 'Eval.Gen.value_accuracy_best': '20.318'}
[E=11/40, S=19600] {'wandb': 'ReFT_small|gsm8k_python_sdp_galactica_125m_08', 'lr': '1.6301e-05', 'T.loss': '0.027878', 'Eval.Gen.value_accuracy_best': '20.318'}
[E=11/40, S=19610] {'wandb': 'ReFT_small|gsm8k_python_sdp_galactica_125m_08', 'lr': '1.6298e-05', 'T.loss': '0.036873', 'Eval.Gen.value_accuracy_best': '20.318'}
[E=11/40, S=19620] {'wandb': 'ReFT_small|gsm8k_python_sdp_galactica_125m_08', 'lr': '1.6295e-05', 'T.loss': '0.034103', 'Eval.Gen.value_accuracy_best': '20.318'}
[E=11/40, S=19630] {'wandb': 'ReFT_small|gsm8k_python_sdp_galactica_125m_08', 'lr': '1.6292e-05', 'T.loss': '0.041672', 'Eval.Gen.value_accuracy_best': '20.318'}
[E=11/40, S=19640] {'wandb': 'ReFT_small|gsm8k_python_sdp_galactica_125m_08', 'lr': '1.6289e-05', 'T.loss': '0.042953', 'Eval.Gen.value_accuracy_best': '20.318'}
[E=11/40, S=19650] {'wandb': 'ReFT_small|gsm8k_python_sdp_galactica_125m_08', 'lr': '1.6286e-05', 'T.loss': '0.049644', 'Eval.Gen.value_accuracy_best': '20.318'}
[E=11/40, S=19660] {'wandb': 'ReFT_small|gsm8k_python_sdp_galactica_125m_08', 'lr': '1.6283e-05', 'T.loss': '0.030762', 'Eval.Gen.value_accuracy_best': '20.318'}
[E=11/40, S=19670] {'wandb': 'ReFT_small|gsm8k_python_sdp_galactica_125m_08', 'lr': '1.628e-05', 'T.loss': '0.026199', 'Eval.Gen.value_accuracy_best': '20.318'}
[E=11/40, S=19680] {'wandb': 'ReFT_small|gsm8k_python_sdp_galactica_125m_08', 'lr': '1.6277e-05', 'T.loss': '0.041718', 'Eval.Gen.value_accuracy_best': '20.318'}
[E=11/40, S=19690] {'wandb': 'ReFT_small|gsm8k_python_sdp_galactica_125m_08', 'lr': '1.6274e-05', 'T.loss': '0.034409', 'Eval.Gen.value_accuracy_best': '20.318'}
[E=11/40, S=19700] {'wandb': 'ReFT_small|gsm8k_python_sdp_galactica_125m_08', 'lr': '1.6271e-05', 'T.loss': '0.027763', 'Eval.Gen.value_accuracy_best': '20.318'}
[E=11/40, S=19710] {'wandb': 'ReFT_small|gsm8k_python_sdp_galactica_125m_08', 'lr': '1.6268e-05', 'T.loss': '0.042969', 'Eval.Gen.value_accuracy_best': '20.318'}
[E=11/40, S=19720] {'wandb': 'ReFT_small|gsm8k_python_sdp_galactica_125m_08', 'lr': '1.6265e-05', 'T.loss': '0.034317', 'Eval.Gen.value_accuracy_best': '20.318'}
[E=11/40, S=19730] {'wandb': 'ReFT_small|gsm8k_python_sdp_galactica_125m_08', 'lr': '1.6262e-05', 'T.loss': '0.032753', 'Eval.Gen.value_accuracy_best': '20.318'}
[E=11/40, S=19740] {'wandb': 'ReFT_small|gsm8k_python_sdp_galactica_125m_08', 'lr': '1.6259e-05', 'T.loss': '0.033546', 'Eval.Gen.value_accuracy_best': '20.318'}
[E=11/40, S=19750] {'wandb': 'ReFT_small|gsm8k_python_sdp_galactica_125m_08', 'lr': '1.6256e-05', 'T.loss': '0.037498', 'Eval.Gen.value_accuracy_best': '20.318'}
[E=11/40, S=19760] {'wandb': 'ReFT_small|gsm8k_python_sdp_galactica_125m_08', 'lr': '1.6253e-05', 'T.loss': '0.028091', 'Eval.Gen.value_accuracy_best': '20.318'}
[E=11/40, S=19770] {'wandb': 'ReFT_small|gsm8k_python_sdp_galactica_125m_08', 'lr': '1.625e-05', 'T.loss': '0.031326', 'Eval.Gen.value_accuracy_best': '20.318'}
[E=11/40, S=19780] {'wandb': 'ReFT_small|gsm8k_python_sdp_galactica_125m_08', 'lr': '1.6247e-05', 'T.loss': '0.03289', 'Eval.Gen.value_accuracy_best': '20.318'}
[E=11/40, S=19790] {'wandb': 'ReFT_small|gsm8k_python_sdp_galactica_125m_08', 'lr': '1.6244e-05', 'T.loss': '0.056595', 'Eval.Gen.value_accuracy_best': '20.318'}
[E=11/40, S=19800] {'wandb': 'ReFT_small|gsm8k_python_sdp_galactica_125m_08', 'lr': '1.6241e-05', 'T.loss': '0.040833', 'Eval.Gen.value_accuracy_best': '20.318'}
[E=11/40, S=19810] {'wandb': 'ReFT_small|gsm8k_python_sdp_galactica_125m_08', 'lr': '1.6238e-05', 'T.loss': '0.032364', 'Eval.Gen.value_accuracy_best': '20.318'}
[E=11/40, S=19820] {'wandb': 'ReFT_small|gsm8k_python_sdp_galactica_125m_08', 'lr': '1.6235e-05', 'T.loss': '0.029182', 'Eval.Gen.value_accuracy_best': '20.318'}
[E=11/40, S=19830] {'wandb': 'ReFT_small|gsm8k_python_sdp_galactica_125m_08', 'lr': '1.6232e-05', 'T.loss': '0.034', 'Eval.Gen.value_accuracy_best': '20.318'}
[E=11/40, S=19840] {'wandb': 'ReFT_small|gsm8k_python_sdp_galactica_125m_08', 'lr': '1.6229e-05', 'T.loss': '0.032326', 'Eval.Gen.value_accuracy_best': '20.318'}
[E=11/40, S=19850] {'wandb': 'ReFT_small|gsm8k_python_sdp_galactica_125m_08', 'lr': '1.6226e-05', 'T.loss': '0.045837', 'Eval.Gen.value_accuracy_best': '20.318'}
[E=11/40, S=19860] {'wandb': 'ReFT_small|gsm8k_python_sdp_galactica_125m_08', 'lr': '1.6223e-05', 'T.loss': '0.032043', 'Eval.Gen.value_accuracy_best': '20.318'}
[E=11/40, S=19870] {'wandb': 'ReFT_small|gsm8k_python_sdp_galactica_125m_08', 'lr': '1.622e-05', 'T.loss': '0.048996', 'Eval.Gen.value_accuracy_best': '20.318'}
[E=11/40, S=19880] {'wandb': 'ReFT_small|gsm8k_python_sdp_galactica_125m_08', 'lr': '1.6217e-05', 'T.loss': '0.022968', 'Eval.Gen.value_accuracy_best': '20.318'}
[E=11/40, S=19890] {'wandb': 'ReFT_small|gsm8k_python_sdp_galactica_125m_08', 'lr': '1.6214e-05', 'T.loss': '0.039581', 'Eval.Gen.value_accuracy_best': '20.318'}
[E=11/40, S=19900] {'wandb': 'ReFT_small|gsm8k_python_sdp_galactica_125m_08', 'lr': '1.6211e-05', 'T.loss': '0.024059', 'Eval.Gen.value_accuracy_best': '20.318'}
[E=11/40, S=19910] {'wandb': 'ReFT_small|gsm8k_python_sdp_galactica_125m_08', 'lr': '1.6207e-05', 'T.loss': '0.040146', 'Eval.Gen.value_accuracy_best': '20.318'}
[E=11/40, S=19920] {'wandb': 'ReFT_small|gsm8k_python_sdp_galactica_125m_08', 'lr': '1.6204e-05', 'T.loss': '0.036171', 'Eval.Gen.value_accuracy_best': '20.318'}
[E=11/40, S=19930] {'wandb': 'ReFT_small|gsm8k_python_sdp_galactica_125m_08', 'lr': '1.6201e-05', 'T.loss': '0.037647', 'Eval.Gen.value_accuracy_best': '20.318'}
[E=11/40, S=19940] {'wandb': 'ReFT_small|gsm8k_python_sdp_galactica_125m_08', 'lr': '1.6198e-05', 'T.loss': '0.067154', 'Eval.Gen.value_accuracy_best': '20.318'}
[E=11/40, S=19950] {'wandb': 'ReFT_small|gsm8k_python_sdp_galactica_125m_08', 'lr': '1.6195e-05', 'T.loss': '0.035339', 'Eval.Gen.value_accuracy_best': '20.318'}
[E=11/40, S=19960] {'wandb': 'ReFT_small|gsm8k_python_sdp_galactica_125m_08', 'lr': '1.6192e-05', 'T.loss': '0.01992', 'Eval.Gen.value_accuracy_best': '20.318'}
[E=11/40, S=19970] {'wandb': 'ReFT_small|gsm8k_python_sdp_galactica_125m_08', 'lr': '1.6189e-05', 'T.loss': '0.018059', 'Eval.Gen.value_accuracy_best': '20.318'}
[E=11/40, S=19980] {'wandb': 'ReFT_small|gsm8k_python_sdp_galactica_125m_08', 'lr': '1.6186e-05', 'T.loss': '0.031555', 'Eval.Gen.value_accuracy_best': '20.318'}
[E=11/40, S=19990] {'wandb': 'ReFT_small|gsm8k_python_sdp_galactica_125m_08', 'lr': '1.6183e-05', 'T.loss': '0.025558', 'Eval.Gen.value_accuracy_best': '20.318'}
[E=11/40, S=20000] {'wandb': 'ReFT_small|gsm8k_python_sdp_galactica_125m_08', 'lr': '1.618e-05', 'T.loss': '0.04007', 'Eval.Gen.value_accuracy_best': '20.318'}
[E=11/40, S=20010] {'wandb': 'ReFT_small|gsm8k_python_sdp_galactica_125m_08', 'lr': '1.6177e-05', 'T.loss': '0.033638', 'Eval.Gen.value_accuracy_best': '20.318'}
[E=11/40, S=20020] {'wandb': 'ReFT_small|gsm8k_python_sdp_galactica_125m_08', 'lr': '1.6174e-05', 'T.loss': '0.031075', 'Eval.Gen.value_accuracy_best': '20.318'}
[E=11/40, S=20030] {'wandb': 'ReFT_small|gsm8k_python_sdp_galactica_125m_08', 'lr': '1.6171e-05', 'T.loss': '0.028946', 'Eval.Gen.value_accuracy_best': '20.318'}
[E=11/40, S=20040] {'wandb': 'ReFT_small|gsm8k_python_sdp_galactica_125m_08', 'lr': '1.6168e-05', 'T.loss': '0.041008', 'Eval.Gen.value_accuracy_best': '20.318'}
[E=11/40, S=20050] {'wandb': 'ReFT_small|gsm8k_python_sdp_galactica_125m_08', 'lr': '1.6165e-05', 'T.loss': '0.035095', 'Eval.Gen.value_accuracy_best': '20.318'}
[E=11/40, S=20060] {'wandb': 'ReFT_small|gsm8k_python_sdp_galactica_125m_08', 'lr': '1.6162e-05', 'T.loss': '0.026215', 'Eval.Gen.value_accuracy_best': '20.318'}
[E=11/40, S=20070] {'wandb': 'ReFT_small|gsm8k_python_sdp_galactica_125m_08', 'lr': '1.6159e-05', 'T.loss': '0.02626', 'Eval.Gen.value_accuracy_best': '20.318'}
[E=11/40, S=20080] {'wandb': 'ReFT_small|gsm8k_python_sdp_galactica_125m_08', 'lr': '1.6156e-05', 'T.loss': '0.025833', 'Eval.Gen.value_accuracy_best': '20.318'}
[E=11/40, S=20090] {'wandb': 'ReFT_small|gsm8k_python_sdp_galactica_125m_08', 'lr': '1.6153e-05', 'T.loss': '0.029552', 'Eval.Gen.value_accuracy_best': '20.318'}
[E=11/40, S=20100] {'wandb': 'ReFT_small|gsm8k_python_sdp_galactica_125m_08', 'lr': '1.615e-05', 'T.loss': '0.053894', 'Eval.Gen.value_accuracy_best': '20.318'}
[E=11/40, S=20110] {'wandb': 'ReFT_small|gsm8k_python_sdp_galactica_125m_08', 'lr': '1.6147e-05', 'T.loss': '0.042267', 'Eval.Gen.value_accuracy_best': '20.318'}
[E=11/40, S=20120] {'wandb': 'ReFT_small|gsm8k_python_sdp_galactica_125m_08', 'lr': '1.6144e-05', 'T.loss': '0.028145', 'Eval.Gen.value_accuracy_best': '20.318'}
[E=11/40, S=20130] {'wandb': 'ReFT_small|gsm8k_python_sdp_galactica_125m_08', 'lr': '1.6141e-05', 'T.loss': '0.024239', 'Eval.Gen.value_accuracy_best': '20.318'}
[E=11/40, S=20140] {'wandb': 'ReFT_small|gsm8k_python_sdp_galactica_125m_08', 'lr': '1.6138e-05', 'T.loss': '0.037628', 'Eval.Gen.value_accuracy_best': '20.318'}
[E=11/40, S=20150] {'wandb': 'ReFT_small|gsm8k_python_sdp_galactica_125m_08', 'lr': '1.6135e-05', 'T.loss': '0.05822', 'Eval.Gen.value_accuracy_best': '20.318'}
[E=11/40, S=20160] {'wandb': 'ReFT_small|gsm8k_python_sdp_galactica_125m_08', 'lr': '1.6132e-05', 'T.loss': '0.023743', 'Eval.Gen.value_accuracy_best': '20.318'}
[E=11/40, S=20170] {'wandb': 'ReFT_small|gsm8k_python_sdp_galactica_125m_08', 'lr': '1.6129e-05', 'T.loss': '0.023384', 'Eval.Gen.value_accuracy_best': '20.318'}
[E=11/40, S=20180] {'wandb': 'ReFT_small|gsm8k_python_sdp_galactica_125m_08', 'lr': '1.6126e-05', 'T.loss': '0.03537', 'Eval.Gen.value_accuracy_best': '20.318'}
[E=11/40, S=20190] {'wandb': 'ReFT_small|gsm8k_python_sdp_galactica_125m_08', 'lr': '1.6123e-05', 'T.loss': '0.023527', 'Eval.Gen.value_accuracy_best': '20.318'}
[E=11/40, S=20200] {'wandb': 'ReFT_small|gsm8k_python_sdp_galactica_125m_08', 'lr': '1.612e-05', 'T.loss': '0.042679', 'Eval.Gen.value_accuracy_best': '20.318'}
[E=11/40, S=20210] {'wandb': 'ReFT_small|gsm8k_python_sdp_galactica_125m_08', 'lr': '1.6117e-05', 'T.loss': '0.04364', 'Eval.Gen.value_accuracy_best': '20.318'}
[E=11/40, S=20220] {'wandb': 'ReFT_small|gsm8k_python_sdp_galactica_125m_08', 'lr': '1.6114e-05', 'T.loss': '0.030052', 'Eval.Gen.value_accuracy_best': '20.318'}
name 'eggs_per_week' is not defined
name 'download_time' is not defined
local variable 'drive_time_3' referenced before assignment
name 'lemons_feed_total' is not defined
name 'train_speed' is not defined
name 'hours_per_week_year' is not defined
name 'occupied_units_per_floor' is not defined
name 'cheesecakes_sold' is not defined
local variable 'years_total' referenced before assignment
local variable 'friends' referenced before assignment
local variable 'friend_4_doorbell' referenced before assignment
name 'total_days_to_complete' is not defined
local variable 'pieces_mom' referenced before assignment
local variable 'cookies_left' referenced before assignment
invalid syntax (<string>, line 8)
invalid syntax (<string>, line 8)
invalid syntax (<string>, line 9)
local variable 'letters_stamped' referenced before assignment
local variable 'spoons_in_package' referenced before assignment
name 'watermelon_cost' is not defined
name 'joseph_expenses' is not defined
name 'worker_bees_more' is not defined
name 'lego_other_multiplier' is not defined
local variable 'total_money' referenced before assignment
name 'steve_time' is not defined
name 'seagull_stole_amount' is not defined
name 'action_car_cost' is not defined
name 'Asian_bread' is not defined
invalid syntax (<string>, line 5)
name 'red_roses' is not defined
name 'team_1_runner_time' is not defined
local variable 'rolls_more_than_3' referenced before assignment
name 'white_plastic_flamingos' is not defined
local variable 'pens_low' referenced before assignment
name 'fish_one_aquarium' is not defined
local variable 'cards_letter_b' referenced before assignment
local variable 'books_sold_first_year' referenced before assignment
local variable 'pool_cost' referenced before assignment
local variable 'ice_cream_total' referenced before assignment
name 'charge_remaining' is not defined
name 'job_b_hourly_rate' is not defined
local variable 'revenue_difference_percent' referenced before assignment
name 'shows_time_total' is not defined
local variable 'tallest_tree' referenced before assignment
name 'distance_third_city_to_second_city' is not defined
name 'shoplifters' is not defined
name 'puppies_total' is not defined
name 'boys_rate' is not defined
local variable 'cable_saved' referenced before assignment
invalid syntax (<string>, line 5)
name 'meat_total' is not defined
local variable 'corns_total' referenced before assignment
name 'towed_jeans_cost' is not defined
invalid syntax (<string>, line 6)
local variable 'guests_without_second_hotdog' referenced before assignment
invalid syntax (<string>, line 8)
name 'beef_cost' is not defined
local variable 'fairies_from_west' referenced before assignment
local variable 'total_earnings' referenced before assignment
name 'ali_money_given' is not defined
name 'pillow_cases_per_room' is not defined
name 'shark_remoras_length' is not defined
local variable 'total_weight' referenced before assignment
name 'grape_gum_cost_total' is not defined
invalid syntax (<string>, line 5)
local variable 'total_chairs' referenced before assignment
local variable 'hours_per_week_except_on_containers_per_week_except_on_containers' referenced before assignment
name 'seashells_per_kid' is not defined
local variable 'total_cost' referenced before assignment
local variable 'bottles_initial' referenced before assignment
local variable 'buttons_four_holes' referenced before assignment
invalid decimal literal (<string>, line 5)
invalid syntax (<string>, line 9)
local variable 'jill_total_hours' referenced before assignment
name 'seats_per_friend' is not defined
local variable 'games_bought_total' referenced before assignment
local variable 'washings_per_pump' referenced before assignment
local variable 'sales_tax' referenced before assignment
local variable 'student_seats' referenced before assignment
local variable 'street_lights_working' referenced before assignment
local variable 'dvd_times_left' referenced before assignment
name 'speed_per_hour' is not defined
local variable 'pomegranates_price_after_tax' referenced before assignment
name 'aurelia_money' is not defined
name 'total_hourly_rate' is not defined
invalid syntax (<string>, line 7)
name 'total_cost_per_day' is not defined
invalid syntax (<string>, line 5)
name 'blueberry_muffins_cost' is not defined
invalid syntax (<string>, line 7)
invalid syntax (<string>, line 8)
local variable 'people_voted_16_00' referenced before assignment
name 'cards_sold' is not defined
name 'carl_marbles_carl_marbles' is not defined
name 'small_buttons_traded' is not defined
name 'extra_small' is not defined
invalid syntax (<string>, line 6)
name 'person_to_puppies' is not defined
name 'jack_total' is not defined
local variable 'vanilla_scent_sales' referenced before assignment
local variable 'video_game_time' referenced before assignment
invalid syntax (<string>, line 7)
invalid syntax (<string>, line 7)
name 'total_gas_price' is not defined
local variable 'hours_remaining' referenced before assignment
invalid syntax (<string>, line 9)
local variable 'loaves_cost' referenced before assignment
local variable 'premium_amount' referenced before assignment
local variable 'marshmallows_left' referenced before assignment
name 'goat_cost' is not defined
local variable 'julie_points_first_game' referenced before assignment
name 'turtle_speed' is not defined
name 'white_shirts_without_collars' is not defined
name 'Rafaela_tips' is not defined
local variable 'julie_ricky' referenced before assignment
name 'joe_money' is not defined
unindent does not match any outer indentation level (<string>, line 7)
local variable 'yellow_balloons' referenced before assignment
name 'num_dog' is not defined
name 'slices_per_day' is not defined
name 'popcorn_movies' is not defined
name 'car_distance' is not defined
name 'widget_total' is not defined
local variable 'cost_per_hour_move_additional' referenced before assignment
name 'job_total' is not defined
invalid syntax (<string>, line 9)
name 'spoons_spent' is not defined
name 'occupied_beds_per_day' is not defined
local variable 'emails_boyfriend' referenced before assignment
invalid syntax (<string>, line 7)
name 'boxes_oranges' is not defined
local variable 'ounces_per_bottle' referenced before assignment
local variable 'Igneous_time' referenced before assignment
local variable 'akabar_age_in_years_total' referenced before assignment
name 'total_earnings' is not defined
name 'martha_chocolate_bars_total' is not defined
name 'students_under_20' is not defined
name 'num_hours_lost_hour_3' is not defined
name 'carrots_price_initial' is not defined
local variable 'small_stuffed_animal_price_total' referenced before assignment
name 'package_4_sandwiches' is not defined
local variable 'blue_balloons_remaining' referenced before assignment
name 'amor_cheese_pounds' is not defined
name 'loan_cost' is not defined
name 'second_order_amount' is not defined
name 'total_percent_per_day' is not defined
name 'grams_per_day' is not defined
local variable 'num_tests' referenced before assignment
local variable 'cost_per_person' referenced before assignment
name 'bike_price' is not defined
local variable 'bounce_height_second' referenced before assignment
invalid syntax (<string>, line 8)
name 'merchandise_final' is not defined
local variable 'miles_per_day_total' referenced before assignment
local variable 'money_spent_on_books' referenced before assignment
name 'eggs_arnold' is not defined
local variable 'remaining_saved' referenced before assignment
name 'passengers_total' is not defined
name 'sunflowers_per_bouquet' is not defined
name 'rock_inventory' is not defined
name 'song_1_percent_longer' is not defined
name 'juice_per_day' is not defined
local variable 'num_place_and_cost_per_week' referenced before assignment
local variable 'bills_after' referenced before assignment
name 'students_total' is not defined
name 'hair_cost' is not defined
name 'dishwasher_remaining' is not defined
name 'first_people_first_half' is not defined
invalid syntax (<string>, line 5)
local variable 'gogetters_shells' referenced before assignment
name 'ali_students' is not defined
local variable 'jelly_bean_cubic_inches' referenced before assignment
local variable 'cost_total' referenced before assignment
invalid syntax (<string>, line 6)
local variable 'lessons_total_cost' referenced before assignment
local variable 'num_remaining_score' referenced before assignment
local variable 'speed_after' referenced before assignment
invalid syntax (<string>, line 9)
name 'total_revenue' is not defined
name 'total_cost_night' is not defined
name 'long_side_length' is not defined
local variable 'sister_age' referenced before assignment
name 'friend_cost' is not defined
name 'total_cost' is not defined
name 'holes_total' is not defined
unindent does not match any outer indentation level (<string>, line 5)
invalid syntax (<string>, line 7)
name 'time_new_after_installment' is not defined
[Eval Info] value_accuracy: 21.228%
[E=11/40, S=20229] {'wandb': 'ReFT_small|gsm8k_python_sdp_galactica_125m_08', 'lr': '1.6111e-05', 'T.loss': '0.030518', 'Eval.Gen.value_accuracy': '21.228', 'Eval.Gen.value_accuracy_best': '21.228'}
[E=12/40, S=20230] {'wandb': 'ReFT_small|gsm8k_python_sdp_galactica_125m_08', 'lr': '1.6111e-05', 'T.loss': '0.015701', 'Eval.Gen.value_accuracy_best': '21.228'}
[E=12/40, S=20240] {'wandb': 'ReFT_small|gsm8k_python_sdp_galactica_125m_08', 'lr': '1.6108e-05', 'T.loss': '0.032799', 'Eval.Gen.value_accuracy_best': '21.228'}
[E=12/40, S=20250] {'wandb': 'ReFT_small|gsm8k_python_sdp_galactica_125m_08', 'lr': '1.6105e-05', 'T.loss': '0.01725', 'Eval.Gen.value_accuracy_best': '21.228'}
[E=12/40, S=20260] {'wandb': 'ReFT_small|gsm8k_python_sdp_galactica_125m_08', 'lr': '1.6102e-05', 'T.loss': '0.026718', 'Eval.Gen.value_accuracy_best': '21.228'}
[E=12/40, S=20270] {'wandb': 'ReFT_small|gsm8k_python_sdp_galactica_125m_08', 'lr': '1.6099e-05', 'T.loss': '0.022736', 'Eval.Gen.value_accuracy_best': '21.228'}
[E=12/40, S=20280] {'wandb': 'ReFT_small|gsm8k_python_sdp_galactica_125m_08', 'lr': '1.6096e-05', 'T.loss': '0.032967', 'Eval.Gen.value_accuracy_best': '21.228'}
[E=12/40, S=20290] {'wandb': 'ReFT_small|gsm8k_python_sdp_galactica_125m_08', 'lr': '1.6093e-05', 'T.loss': '0.023838', 'Eval.Gen.value_accuracy_best': '21.228'}
[E=12/40, S=20300] {'wandb': 'ReFT_small|gsm8k_python_sdp_galactica_125m_08', 'lr': '1.609e-05', 'T.loss': '0.018257', 'Eval.Gen.value_accuracy_best': '21.228'}
[E=12/40, S=20310] {'wandb': 'ReFT_small|gsm8k_python_sdp_galactica_125m_08', 'lr': '1.6087e-05', 'T.loss': '0.021782', 'Eval.Gen.value_accuracy_best': '21.228'}
[E=12/40, S=20320] {'wandb': 'ReFT_small|gsm8k_python_sdp_galactica_125m_08', 'lr': '1.6084e-05', 'T.loss': '0.058685', 'Eval.Gen.value_accuracy_best': '21.228'}
[E=12/40, S=20330] {'wandb': 'ReFT_small|gsm8k_python_sdp_galactica_125m_08', 'lr': '1.6081e-05', 'T.loss': '0.035507', 'Eval.Gen.value_accuracy_best': '21.228'}
[2025-06-05 20:18:26,117] [INFO] [loss_scaler.py:183:update_scale] [deepspeed] OVERFLOW! Rank 0 Skipping step. Attempted loss scale: 65536, reducing to 32768
[E=12/40, S=20340] {'wandb': 'ReFT_small|gsm8k_python_sdp_galactica_125m_08', 'lr': '1.6078e-05', 'T.loss': '0.033253', 'Eval.Gen.value_accuracy_best': '21.228'}
[E=12/40, S=20350] {'wandb': 'ReFT_small|gsm8k_python_sdp_galactica_125m_08', 'lr': '1.6075e-05', 'T.loss': '0.030224', 'Eval.Gen.value_accuracy_best': '21.228'}
[E=12/40, S=20360] {'wandb': 'ReFT_small|gsm8k_python_sdp_galactica_125m_08', 'lr': '1.6072e-05', 'T.loss': '0.015236', 'Eval.Gen.value_accuracy_best': '21.228'}
[E=12/40, S=20370] {'wandb': 'ReFT_small|gsm8k_python_sdp_galactica_125m_08', 'lr': '1.6069e-05', 'T.loss': '0.021439', 'Eval.Gen.value_accuracy_best': '21.228'}
[E=12/40, S=20380] {'wandb': 'ReFT_small|gsm8k_python_sdp_galactica_125m_08', 'lr': '1.6065e-05', 'T.loss': '0.040405', 'Eval.Gen.value_accuracy_best': '21.228'}
[E=12/40, S=20390] {'wandb': 'ReFT_small|gsm8k_python_sdp_galactica_125m_08', 'lr': '1.6062e-05', 'T.loss': '0.014498', 'Eval.Gen.value_accuracy_best': '21.228'}
[E=12/40, S=20400] {'wandb': 'ReFT_small|gsm8k_python_sdp_galactica_125m_08', 'lr': '1.6059e-05', 'T.loss': '0.033539', 'Eval.Gen.value_accuracy_best': '21.228'}
[E=12/40, S=20410] {'wandb': 'ReFT_small|gsm8k_python_sdp_galactica_125m_08', 'lr': '1.6056e-05', 'T.loss': '0.022457', 'Eval.Gen.value_accuracy_best': '21.228'}
[E=12/40, S=20420] {'wandb': 'ReFT_small|gsm8k_python_sdp_galactica_125m_08', 'lr': '1.6053e-05', 'T.loss': '0.019032', 'Eval.Gen.value_accuracy_best': '21.228'}
[E=12/40, S=20430] {'wandb': 'ReFT_small|gsm8k_python_sdp_galactica_125m_08', 'lr': '1.605e-05', 'T.loss': '0.027527', 'Eval.Gen.value_accuracy_best': '21.228'}
[E=12/40, S=20440] {'wandb': 'ReFT_small|gsm8k_python_sdp_galactica_125m_08', 'lr': '1.6047e-05', 'T.loss': '0.028137', 'Eval.Gen.value_accuracy_best': '21.228'}
[E=12/40, S=20450] {'wandb': 'ReFT_small|gsm8k_python_sdp_galactica_125m_08', 'lr': '1.6044e-05', 'T.loss': '0.021862', 'Eval.Gen.value_accuracy_best': '21.228'}
[E=12/40, S=20460] {'wandb': 'ReFT_small|gsm8k_python_sdp_galactica_125m_08', 'lr': '1.6041e-05', 'T.loss': '0.026573', 'Eval.Gen.value_accuracy_best': '21.228'}
[E=12/40, S=20470] {'wandb': 'ReFT_small|gsm8k_python_sdp_galactica_125m_08', 'lr': '1.6038e-05', 'T.loss': '0.028202', 'Eval.Gen.value_accuracy_best': '21.228'}
[E=12/40, S=20480] {'wandb': 'ReFT_small|gsm8k_python_sdp_galactica_125m_08', 'lr': '1.6035e-05', 'T.loss': '0.023117', 'Eval.Gen.value_accuracy_best': '21.228'}
[E=12/40, S=20490] {'wandb': 'ReFT_small|gsm8k_python_sdp_galactica_125m_08', 'lr': '1.6032e-05', 'T.loss': '0.034637', 'Eval.Gen.value_accuracy_best': '21.228'}
[E=12/40, S=20500] {'wandb': 'ReFT_small|gsm8k_python_sdp_galactica_125m_08', 'lr': '1.6029e-05', 'T.loss': '0.017906', 'Eval.Gen.value_accuracy_best': '21.228'}
[E=12/40, S=20510] {'wandb': 'ReFT_small|gsm8k_python_sdp_galactica_125m_08', 'lr': '1.6026e-05', 'T.loss': '0.027489', 'Eval.Gen.value_accuracy_best': '21.228'}
[E=12/40, S=20520] {'wandb': 'ReFT_small|gsm8k_python_sdp_galactica_125m_08', 'lr': '1.6023e-05', 'T.loss': '0.032181', 'Eval.Gen.value_accuracy_best': '21.228'}
[E=12/40, S=20530] {'wandb': 'ReFT_small|gsm8k_python_sdp_galactica_125m_08', 'lr': '1.602e-05', 'T.loss': '0.012993', 'Eval.Gen.value_accuracy_best': '21.228'}
[E=12/40, S=20540] {'wandb': 'ReFT_small|gsm8k_python_sdp_galactica_125m_08', 'lr': '1.6017e-05', 'T.loss': '0.041351', 'Eval.Gen.value_accuracy_best': '21.228'}
[E=12/40, S=20550] {'wandb': 'ReFT_small|gsm8k_python_sdp_galactica_125m_08', 'lr': '1.6014e-05', 'T.loss': '0.015854', 'Eval.Gen.value_accuracy_best': '21.228'}
[E=12/40, S=20560] {'wandb': 'ReFT_small|gsm8k_python_sdp_galactica_125m_08', 'lr': '1.6011e-05', 'T.loss': '0.022392', 'Eval.Gen.value_accuracy_best': '21.228'}
[E=12/40, S=20570] {'wandb': 'ReFT_small|gsm8k_python_sdp_galactica_125m_08', 'lr': '1.6008e-05', 'T.loss': '0.038712', 'Eval.Gen.value_accuracy_best': '21.228'}
[E=12/40, S=20580] {'wandb': 'ReFT_small|gsm8k_python_sdp_galactica_125m_08', 'lr': '1.6005e-05', 'T.loss': '0.019413', 'Eval.Gen.value_accuracy_best': '21.228'}
[E=12/40, S=20590] {'wandb': 'ReFT_small|gsm8k_python_sdp_galactica_125m_08', 'lr': '1.6002e-05', 'T.loss': '0.042999', 'Eval.Gen.value_accuracy_best': '21.228'}
[E=12/40, S=20600] {'wandb': 'ReFT_small|gsm8k_python_sdp_galactica_125m_08', 'lr': '1.5999e-05', 'T.loss': '0.025795', 'Eval.Gen.value_accuracy_best': '21.228'}
[E=12/40, S=20610] {'wandb': 'ReFT_small|gsm8k_python_sdp_galactica_125m_08', 'lr': '1.5996e-05', 'T.loss': '0.019577', 'Eval.Gen.value_accuracy_best': '21.228'}
[E=12/40, S=20620] {'wandb': 'ReFT_small|gsm8k_python_sdp_galactica_125m_08', 'lr': '1.5993e-05', 'T.loss': '0.02507', 'Eval.Gen.value_accuracy_best': '21.228'}
[E=12/40, S=20630] {'wandb': 'ReFT_small|gsm8k_python_sdp_galactica_125m_08', 'lr': '1.599e-05', 'T.loss': '0.028099', 'Eval.Gen.value_accuracy_best': '21.228'}
[E=12/40, S=20640] {'wandb': 'ReFT_small|gsm8k_python_sdp_galactica_125m_08', 'lr': '1.5987e-05', 'T.loss': '0.025642', 'Eval.Gen.value_accuracy_best': '21.228'}
[E=12/40, S=20650] {'wandb': 'ReFT_small|gsm8k_python_sdp_galactica_125m_08', 'lr': '1.5984e-05', 'T.loss': '0.037544', 'Eval.Gen.value_accuracy_best': '21.228'}
[E=12/40, S=20660] {'wandb': 'ReFT_small|gsm8k_python_sdp_galactica_125m_08', 'lr': '1.5981e-05', 'T.loss': '0.026367', 'Eval.Gen.value_accuracy_best': '21.228'}
[E=12/40, S=20670] {'wandb': 'ReFT_small|gsm8k_python_sdp_galactica_125m_08', 'lr': '1.5978e-05', 'T.loss': '0.021687', 'Eval.Gen.value_accuracy_best': '21.228'}
[E=12/40, S=20680] {'wandb': 'ReFT_small|gsm8k_python_sdp_galactica_125m_08', 'lr': '1.5975e-05', 'T.loss': '0.022919', 'Eval.Gen.value_accuracy_best': '21.228'}
[E=12/40, S=20690] {'wandb': 'ReFT_small|gsm8k_python_sdp_galactica_125m_08', 'lr': '1.5972e-05', 'T.loss': '0.017677', 'Eval.Gen.value_accuracy_best': '21.228'}
[E=12/40, S=20700] {'wandb': 'ReFT_small|gsm8k_python_sdp_galactica_125m_08', 'lr': '1.5969e-05', 'T.loss': '0.042084', 'Eval.Gen.value_accuracy_best': '21.228'}
[E=12/40, S=20710] {'wandb': 'ReFT_small|gsm8k_python_sdp_galactica_125m_08', 'lr': '1.5966e-05', 'T.loss': '0.031021', 'Eval.Gen.value_accuracy_best': '21.228'}
[E=12/40, S=20720] {'wandb': 'ReFT_small|gsm8k_python_sdp_galactica_125m_08', 'lr': '1.5963e-05', 'T.loss': '0.022476', 'Eval.Gen.value_accuracy_best': '21.228'}
[E=12/40, S=20730] {'wandb': 'ReFT_small|gsm8k_python_sdp_galactica_125m_08', 'lr': '1.596e-05', 'T.loss': '0.019138', 'Eval.Gen.value_accuracy_best': '21.228'}
[E=12/40, S=20740] {'wandb': 'ReFT_small|gsm8k_python_sdp_galactica_125m_08', 'lr': '1.5957e-05', 'T.loss': '0.020203', 'Eval.Gen.value_accuracy_best': '21.228'}
[E=12/40, S=20750] {'wandb': 'ReFT_small|gsm8k_python_sdp_galactica_125m_08', 'lr': '1.5954e-05', 'T.loss': '0.022591', 'Eval.Gen.value_accuracy_best': '21.228'}
[E=12/40, S=20760] {'wandb': 'ReFT_small|gsm8k_python_sdp_galactica_125m_08', 'lr': '1.5951e-05', 'T.loss': '0.037994', 'Eval.Gen.value_accuracy_best': '21.228'}
[E=12/40, S=20770] {'wandb': 'ReFT_small|gsm8k_python_sdp_galactica_125m_08', 'lr': '1.5948e-05', 'T.loss': '0.027115', 'Eval.Gen.value_accuracy_best': '21.228'}
[E=12/40, S=20780] {'wandb': 'ReFT_small|gsm8k_python_sdp_galactica_125m_08', 'lr': '1.5945e-05', 'T.loss': '0.008543', 'Eval.Gen.value_accuracy_best': '21.228'}
[E=12/40, S=20790] {'wandb': 'ReFT_small|gsm8k_python_sdp_galactica_125m_08', 'lr': '1.5942e-05', 'T.loss': '0.022243', 'Eval.Gen.value_accuracy_best': '21.228'}
[E=12/40, S=20800] {'wandb': 'ReFT_small|gsm8k_python_sdp_galactica_125m_08', 'lr': '1.5939e-05', 'T.loss': '0.016674', 'Eval.Gen.value_accuracy_best': '21.228'}
[E=12/40, S=20810] {'wandb': 'ReFT_small|gsm8k_python_sdp_galactica_125m_08', 'lr': '1.5936e-05', 'T.loss': '0.039101', 'Eval.Gen.value_accuracy_best': '21.228'}
[E=12/40, S=20820] {'wandb': 'ReFT_small|gsm8k_python_sdp_galactica_125m_08', 'lr': '1.5933e-05', 'T.loss': '0.034805', 'Eval.Gen.value_accuracy_best': '21.228'}
[E=12/40, S=20830] {'wandb': 'ReFT_small|gsm8k_python_sdp_galactica_125m_08', 'lr': '1.593e-05', 'T.loss': '0.015961', 'Eval.Gen.value_accuracy_best': '21.228'}
[E=12/40, S=20840] {'wandb': 'ReFT_small|gsm8k_python_sdp_galactica_125m_08', 'lr': '1.5927e-05', 'T.loss': '0.016773', 'Eval.Gen.value_accuracy_best': '21.228'}
[E=12/40, S=20850] {'wandb': 'ReFT_small|gsm8k_python_sdp_galactica_125m_08', 'lr': '1.5924e-05', 'T.loss': '0.034515', 'Eval.Gen.value_accuracy_best': '21.228'}
[E=12/40, S=20860] {'wandb': 'ReFT_small|gsm8k_python_sdp_galactica_125m_08', 'lr': '1.592e-05', 'T.loss': '0.018154', 'Eval.Gen.value_accuracy_best': '21.228'}
[E=12/40, S=20870] {'wandb': 'ReFT_small|gsm8k_python_sdp_galactica_125m_08', 'lr': '1.5917e-05', 'T.loss': '0.030006', 'Eval.Gen.value_accuracy_best': '21.228'}
[E=12/40, S=20880] {'wandb': 'ReFT_small|gsm8k_python_sdp_galactica_125m_08', 'lr': '1.5914e-05', 'T.loss': '0.018913', 'Eval.Gen.value_accuracy_best': '21.228'}
[E=12/40, S=20890] {'wandb': 'ReFT_small|gsm8k_python_sdp_galactica_125m_08', 'lr': '1.5911e-05', 'T.loss': '0.015907', 'Eval.Gen.value_accuracy_best': '21.228'}
[2025-06-05 20:19:13,395] [INFO] [loss_scaler.py:183:update_scale] [deepspeed] OVERFLOW! Rank 0 Skipping step. Attempted loss scale: 32768, reducing to 16384
[E=12/40, S=20900] {'wandb': 'ReFT_small|gsm8k_python_sdp_galactica_125m_08', 'lr': '1.5908e-05', 'T.loss': '0.040146', 'Eval.Gen.value_accuracy_best': '21.228'}
[E=12/40, S=20910] {'wandb': 'ReFT_small|gsm8k_python_sdp_galactica_125m_08', 'lr': '1.5905e-05', 'T.loss': '0.014839', 'Eval.Gen.value_accuracy_best': '21.228'}
[E=12/40, S=20920] {'wandb': 'ReFT_small|gsm8k_python_sdp_galactica_125m_08', 'lr': '1.5902e-05', 'T.loss': '0.033737', 'Eval.Gen.value_accuracy_best': '21.228'}
[E=12/40, S=20930] {'wandb': 'ReFT_small|gsm8k_python_sdp_galactica_125m_08', 'lr': '1.5899e-05', 'T.loss': '0.016544', 'Eval.Gen.value_accuracy_best': '21.228'}
[E=12/40, S=20940] {'wandb': 'ReFT_small|gsm8k_python_sdp_galactica_125m_08', 'lr': '1.5896e-05', 'T.loss': '0.020958', 'Eval.Gen.value_accuracy_best': '21.228'}
[E=12/40, S=20950] {'wandb': 'ReFT_small|gsm8k_python_sdp_galactica_125m_08', 'lr': '1.5893e-05', 'T.loss': '0.013649', 'Eval.Gen.value_accuracy_best': '21.228'}
[E=12/40, S=20960] {'wandb': 'ReFT_small|gsm8k_python_sdp_galactica_125m_08', 'lr': '1.589e-05', 'T.loss': '0.015329', 'Eval.Gen.value_accuracy_best': '21.228'}
[E=12/40, S=20970] {'wandb': 'ReFT_small|gsm8k_python_sdp_galactica_125m_08', 'lr': '1.5887e-05', 'T.loss': '0.051254', 'Eval.Gen.value_accuracy_best': '21.228'}
[E=12/40, S=20980] {'wandb': 'ReFT_small|gsm8k_python_sdp_galactica_125m_08', 'lr': '1.5884e-05', 'T.loss': '0.017084', 'Eval.Gen.value_accuracy_best': '21.228'}
[E=12/40, S=20990] {'wandb': 'ReFT_small|gsm8k_python_sdp_galactica_125m_08', 'lr': '1.5881e-05', 'T.loss': '0.047646', 'Eval.Gen.value_accuracy_best': '21.228'}
[E=12/40, S=21000] {'wandb': 'ReFT_small|gsm8k_python_sdp_galactica_125m_08', 'lr': '1.5878e-05', 'T.loss': '0.023273', 'Eval.Gen.value_accuracy_best': '21.228'}
[E=12/40, S=21010] {'wandb': 'ReFT_small|gsm8k_python_sdp_galactica_125m_08', 'lr': '1.5875e-05', 'T.loss': '0.01984', 'Eval.Gen.value_accuracy_best': '21.228'}
[E=12/40, S=21020] {'wandb': 'ReFT_small|gsm8k_python_sdp_galactica_125m_08', 'lr': '1.5872e-05', 'T.loss': '0.044235', 'Eval.Gen.value_accuracy_best': '21.228'}
[E=12/40, S=21030] {'wandb': 'ReFT_small|gsm8k_python_sdp_galactica_125m_08', 'lr': '1.5869e-05', 'T.loss': '0.025475', 'Eval.Gen.value_accuracy_best': '21.228'}
[E=12/40, S=21040] {'wandb': 'ReFT_small|gsm8k_python_sdp_galactica_125m_08', 'lr': '1.5866e-05', 'T.loss': '0.03685', 'Eval.Gen.value_accuracy_best': '21.228'}
[E=12/40, S=21050] {'wandb': 'ReFT_small|gsm8k_python_sdp_galactica_125m_08', 'lr': '1.5863e-05', 'T.loss': '0.036087', 'Eval.Gen.value_accuracy_best': '21.228'}
[E=12/40, S=21060] {'wandb': 'ReFT_small|gsm8k_python_sdp_galactica_125m_08', 'lr': '1.586e-05', 'T.loss': '0.021595', 'Eval.Gen.value_accuracy_best': '21.228'}
[E=12/40, S=21070] {'wandb': 'ReFT_small|gsm8k_python_sdp_galactica_125m_08', 'lr': '1.5857e-05', 'T.loss': '0.037521', 'Eval.Gen.value_accuracy_best': '21.228'}
[E=12/40, S=21080] {'wandb': 'ReFT_small|gsm8k_python_sdp_galactica_125m_08', 'lr': '1.5854e-05', 'T.loss': '0.013424', 'Eval.Gen.value_accuracy_best': '21.228'}
[E=12/40, S=21090] {'wandb': 'ReFT_small|gsm8k_python_sdp_galactica_125m_08', 'lr': '1.5851e-05', 'T.loss': '0.033936', 'Eval.Gen.value_accuracy_best': '21.228'}
[E=12/40, S=21100] {'wandb': 'ReFT_small|gsm8k_python_sdp_galactica_125m_08', 'lr': '1.5848e-05', 'T.loss': '0.029305', 'Eval.Gen.value_accuracy_best': '21.228'}
[E=12/40, S=21110] {'wandb': 'ReFT_small|gsm8k_python_sdp_galactica_125m_08', 'lr': '1.5845e-05', 'T.loss': '0.021187', 'Eval.Gen.value_accuracy_best': '21.228'}
[E=12/40, S=21120] {'wandb': 'ReFT_small|gsm8k_python_sdp_galactica_125m_08', 'lr': '1.5842e-05', 'T.loss': '0.034363', 'Eval.Gen.value_accuracy_best': '21.228'}
[E=12/40, S=21130] {'wandb': 'ReFT_small|gsm8k_python_sdp_galactica_125m_08', 'lr': '1.5839e-05', 'T.loss': '0.036888', 'Eval.Gen.value_accuracy_best': '21.228'}
[E=12/40, S=21140] {'wandb': 'ReFT_small|gsm8k_python_sdp_galactica_125m_08', 'lr': '1.5836e-05', 'T.loss': '0.031471', 'Eval.Gen.value_accuracy_best': '21.228'}
[E=12/40, S=21150] {'wandb': 'ReFT_small|gsm8k_python_sdp_galactica_125m_08', 'lr': '1.5833e-05', 'T.loss': '0.026108', 'Eval.Gen.value_accuracy_best': '21.228'}
[E=12/40, S=21160] {'wandb': 'ReFT_small|gsm8k_python_sdp_galactica_125m_08', 'lr': '1.583e-05', 'T.loss': '0.049088', 'Eval.Gen.value_accuracy_best': '21.228'}
[E=12/40, S=21170] {'wandb': 'ReFT_small|gsm8k_python_sdp_galactica_125m_08', 'lr': '1.5827e-05', 'T.loss': '0.032669', 'Eval.Gen.value_accuracy_best': '21.228'}
[E=12/40, S=21180] {'wandb': 'ReFT_small|gsm8k_python_sdp_galactica_125m_08', 'lr': '1.5824e-05', 'T.loss': '0.035332', 'Eval.Gen.value_accuracy_best': '21.228'}
[E=12/40, S=21190] {'wandb': 'ReFT_small|gsm8k_python_sdp_galactica_125m_08', 'lr': '1.5821e-05', 'T.loss': '0.028275', 'Eval.Gen.value_accuracy_best': '21.228'}
[E=12/40, S=21200] {'wandb': 'ReFT_small|gsm8k_python_sdp_galactica_125m_08', 'lr': '1.5818e-05', 'T.loss': '0.028275', 'Eval.Gen.value_accuracy_best': '21.228'}
[E=12/40, S=21210] {'wandb': 'ReFT_small|gsm8k_python_sdp_galactica_125m_08', 'lr': '1.5815e-05', 'T.loss': '0.03389', 'Eval.Gen.value_accuracy_best': '21.228'}
[E=12/40, S=21220] {'wandb': 'ReFT_small|gsm8k_python_sdp_galactica_125m_08', 'lr': '1.5812e-05', 'T.loss': '0.038437', 'Eval.Gen.value_accuracy_best': '21.228'}
[E=12/40, S=21230] {'wandb': 'ReFT_small|gsm8k_python_sdp_galactica_125m_08', 'lr': '1.5809e-05', 'T.loss': '0.039978', 'Eval.Gen.value_accuracy_best': '21.228'}
[E=12/40, S=21240] {'wandb': 'ReFT_small|gsm8k_python_sdp_galactica_125m_08', 'lr': '1.5806e-05', 'T.loss': '0.030869', 'Eval.Gen.value_accuracy_best': '21.228'}
[E=12/40, S=21250] {'wandb': 'ReFT_small|gsm8k_python_sdp_galactica_125m_08', 'lr': '1.5803e-05', 'T.loss': '0.016582', 'Eval.Gen.value_accuracy_best': '21.228'}
[E=12/40, S=21260] {'wandb': 'ReFT_small|gsm8k_python_sdp_galactica_125m_08', 'lr': '1.58e-05', 'T.loss': '0.01376', 'Eval.Gen.value_accuracy_best': '21.228'}
[E=12/40, S=21270] {'wandb': 'ReFT_small|gsm8k_python_sdp_galactica_125m_08', 'lr': '1.5797e-05', 'T.loss': '0.026695', 'Eval.Gen.value_accuracy_best': '21.228'}
[E=12/40, S=21280] {'wandb': 'ReFT_small|gsm8k_python_sdp_galactica_125m_08', 'lr': '1.5794e-05', 'T.loss': '0.036568', 'Eval.Gen.value_accuracy_best': '21.228'}
[E=12/40, S=21290] {'wandb': 'ReFT_small|gsm8k_python_sdp_galactica_125m_08', 'lr': '1.5791e-05', 'T.loss': '0.024223', 'Eval.Gen.value_accuracy_best': '21.228'}
[E=12/40, S=21300] {'wandb': 'ReFT_small|gsm8k_python_sdp_galactica_125m_08', 'lr': '1.5788e-05', 'T.loss': '0.016895', 'Eval.Gen.value_accuracy_best': '21.228'}
[E=12/40, S=21310] {'wandb': 'ReFT_small|gsm8k_python_sdp_galactica_125m_08', 'lr': '1.5785e-05', 'T.loss': '0.035156', 'Eval.Gen.value_accuracy_best': '21.228'}
[E=12/40, S=21320] {'wandb': 'ReFT_small|gsm8k_python_sdp_galactica_125m_08', 'lr': '1.5782e-05', 'T.loss': '0.02927', 'Eval.Gen.value_accuracy_best': '21.228'}
[E=12/40, S=21330] {'wandb': 'ReFT_small|gsm8k_python_sdp_galactica_125m_08', 'lr': '1.5779e-05', 'T.loss': '0.017704', 'Eval.Gen.value_accuracy_best': '21.228'}
[E=12/40, S=21340] {'wandb': 'ReFT_small|gsm8k_python_sdp_galactica_125m_08', 'lr': '1.5775e-05', 'T.loss': '0.058029', 'Eval.Gen.value_accuracy_best': '21.228'}
[E=12/40, S=21350] {'wandb': 'ReFT_small|gsm8k_python_sdp_galactica_125m_08', 'lr': '1.5772e-05', 'T.loss': '0.040192', 'Eval.Gen.value_accuracy_best': '21.228'}
[E=12/40, S=21360] {'wandb': 'ReFT_small|gsm8k_python_sdp_galactica_125m_08', 'lr': '1.5769e-05', 'T.loss': '0.02367', 'Eval.Gen.value_accuracy_best': '21.228'}
[E=12/40, S=21370] {'wandb': 'ReFT_small|gsm8k_python_sdp_galactica_125m_08', 'lr': '1.5766e-05', 'T.loss': '0.021576', 'Eval.Gen.value_accuracy_best': '21.228'}
[E=12/40, S=21380] {'wandb': 'ReFT_small|gsm8k_python_sdp_galactica_125m_08', 'lr': '1.5763e-05', 'T.loss': '0.01532', 'Eval.Gen.value_accuracy_best': '21.228'}
[E=12/40, S=21390] {'wandb': 'ReFT_small|gsm8k_python_sdp_galactica_125m_08', 'lr': '1.576e-05', 'T.loss': '0.045395', 'Eval.Gen.value_accuracy_best': '21.228'}
[E=12/40, S=21400] {'wandb': 'ReFT_small|gsm8k_python_sdp_galactica_125m_08', 'lr': '1.5757e-05', 'T.loss': '0.014193', 'Eval.Gen.value_accuracy_best': '21.228'}
[E=12/40, S=21410] {'wandb': 'ReFT_small|gsm8k_python_sdp_galactica_125m_08', 'lr': '1.5754e-05', 'T.loss': '0.012745', 'Eval.Gen.value_accuracy_best': '21.228'}
[E=12/40, S=21420] {'wandb': 'ReFT_small|gsm8k_python_sdp_galactica_125m_08', 'lr': '1.5751e-05', 'T.loss': '0.023445', 'Eval.Gen.value_accuracy_best': '21.228'}
[E=12/40, S=21430] {'wandb': 'ReFT_small|gsm8k_python_sdp_galactica_125m_08', 'lr': '1.5748e-05', 'T.loss': '0.01709', 'Eval.Gen.value_accuracy_best': '21.228'}
[E=12/40, S=21440] {'wandb': 'ReFT_small|gsm8k_python_sdp_galactica_125m_08', 'lr': '1.5745e-05', 'T.loss': '0.045273', 'Eval.Gen.value_accuracy_best': '21.228'}
[E=12/40, S=21450] {'wandb': 'ReFT_small|gsm8k_python_sdp_galactica_125m_08', 'lr': '1.5742e-05', 'T.loss': '0.021767', 'Eval.Gen.value_accuracy_best': '21.228'}
[E=12/40, S=21460] {'wandb': 'ReFT_small|gsm8k_python_sdp_galactica_125m_08', 'lr': '1.5739e-05', 'T.loss': '0.019321', 'Eval.Gen.value_accuracy_best': '21.228'}
[E=12/40, S=21470] {'wandb': 'ReFT_small|gsm8k_python_sdp_galactica_125m_08', 'lr': '1.5736e-05', 'T.loss': '0.047684', 'Eval.Gen.value_accuracy_best': '21.228'}
[E=12/40, S=21480] {'wandb': 'ReFT_small|gsm8k_python_sdp_galactica_125m_08', 'lr': '1.5733e-05', 'T.loss': '0.043213', 'Eval.Gen.value_accuracy_best': '21.228'}
[E=12/40, S=21490] {'wandb': 'ReFT_small|gsm8k_python_sdp_galactica_125m_08', 'lr': '1.573e-05', 'T.loss': '0.0224', 'Eval.Gen.value_accuracy_best': '21.228'}
[E=12/40, S=21500] {'wandb': 'ReFT_small|gsm8k_python_sdp_galactica_125m_08', 'lr': '1.5727e-05', 'T.loss': '0.035095', 'Eval.Gen.value_accuracy_best': '21.228'}
[E=12/40, S=21510] {'wandb': 'ReFT_small|gsm8k_python_sdp_galactica_125m_08', 'lr': '1.5724e-05', 'T.loss': '0.036057', 'Eval.Gen.value_accuracy_best': '21.228'}
[E=12/40, S=21520] {'wandb': 'ReFT_small|gsm8k_python_sdp_galactica_125m_08', 'lr': '1.5721e-05', 'T.loss': '0.018967', 'Eval.Gen.value_accuracy_best': '21.228'}
[E=12/40, S=21530] {'wandb': 'ReFT_small|gsm8k_python_sdp_galactica_125m_08', 'lr': '1.5718e-05', 'T.loss': '0.022827', 'Eval.Gen.value_accuracy_best': '21.228'}
[E=12/40, S=21540] {'wandb': 'ReFT_small|gsm8k_python_sdp_galactica_125m_08', 'lr': '1.5715e-05', 'T.loss': '0.02494', 'Eval.Gen.value_accuracy_best': '21.228'}
[2025-06-05 20:20:09,548] [INFO] [loss_scaler.py:183:update_scale] [deepspeed] OVERFLOW! Rank 0 Skipping step. Attempted loss scale: 16384, reducing to 8192
[E=12/40, S=21550] {'wandb': 'ReFT_small|gsm8k_python_sdp_galactica_125m_08', 'lr': '1.5712e-05', 'T.loss': '0.024536', 'Eval.Gen.value_accuracy_best': '21.228'}
[E=12/40, S=21560] {'wandb': 'ReFT_small|gsm8k_python_sdp_galactica_125m_08', 'lr': '1.5709e-05', 'T.loss': '0.026623', 'Eval.Gen.value_accuracy_best': '21.228'}
[E=12/40, S=21570] {'wandb': 'ReFT_small|gsm8k_python_sdp_galactica_125m_08', 'lr': '1.5706e-05', 'T.loss': '0.03299', 'Eval.Gen.value_accuracy_best': '21.228'}
[E=12/40, S=21580] {'wandb': 'ReFT_small|gsm8k_python_sdp_galactica_125m_08', 'lr': '1.5703e-05', 'T.loss': '0.027702', 'Eval.Gen.value_accuracy_best': '21.228'}
[E=12/40, S=21590] {'wandb': 'ReFT_small|gsm8k_python_sdp_galactica_125m_08', 'lr': '1.57e-05', 'T.loss': '0.03199', 'Eval.Gen.value_accuracy_best': '21.228'}
[E=12/40, S=21600] {'wandb': 'ReFT_small|gsm8k_python_sdp_galactica_125m_08', 'lr': '1.5697e-05', 'T.loss': '0.032967', 'Eval.Gen.value_accuracy_best': '21.228'}
[E=12/40, S=21610] {'wandb': 'ReFT_small|gsm8k_python_sdp_galactica_125m_08', 'lr': '1.5694e-05', 'T.loss': '0.020943', 'Eval.Gen.value_accuracy_best': '21.228'}
[E=12/40, S=21620] {'wandb': 'ReFT_small|gsm8k_python_sdp_galactica_125m_08', 'lr': '1.5691e-05', 'T.loss': '0.029476', 'Eval.Gen.value_accuracy_best': '21.228'}
[E=12/40, S=21630] {'wandb': 'ReFT_small|gsm8k_python_sdp_galactica_125m_08', 'lr': '1.5688e-05', 'T.loss': '0.035507', 'Eval.Gen.value_accuracy_best': '21.228'}
[E=12/40, S=21640] {'wandb': 'ReFT_small|gsm8k_python_sdp_galactica_125m_08', 'lr': '1.5685e-05', 'T.loss': '0.04673', 'Eval.Gen.value_accuracy_best': '21.228'}
[E=12/40, S=21650] {'wandb': 'ReFT_small|gsm8k_python_sdp_galactica_125m_08', 'lr': '1.5682e-05', 'T.loss': '0.03096', 'Eval.Gen.value_accuracy_best': '21.228'}
[E=12/40, S=21660] {'wandb': 'ReFT_small|gsm8k_python_sdp_galactica_125m_08', 'lr': '1.5679e-05', 'T.loss': '0.027802', 'Eval.Gen.value_accuracy_best': '21.228'}
[E=12/40, S=21670] {'wandb': 'ReFT_small|gsm8k_python_sdp_galactica_125m_08', 'lr': '1.5676e-05', 'T.loss': '0.031891', 'Eval.Gen.value_accuracy_best': '21.228'}
[E=12/40, S=21680] {'wandb': 'ReFT_small|gsm8k_python_sdp_galactica_125m_08', 'lr': '1.5673e-05', 'T.loss': '0.042709', 'Eval.Gen.value_accuracy_best': '21.228'}
[E=12/40, S=21690] {'wandb': 'ReFT_small|gsm8k_python_sdp_galactica_125m_08', 'lr': '1.567e-05', 'T.loss': '0.018143', 'Eval.Gen.value_accuracy_best': '21.228'}
[E=12/40, S=21700] {'wandb': 'ReFT_small|gsm8k_python_sdp_galactica_125m_08', 'lr': '1.5667e-05', 'T.loss': '0.015594', 'Eval.Gen.value_accuracy_best': '21.228'}
[E=12/40, S=21710] {'wandb': 'ReFT_small|gsm8k_python_sdp_galactica_125m_08', 'lr': '1.5664e-05', 'T.loss': '0.032722', 'Eval.Gen.value_accuracy_best': '21.228'}
[E=12/40, S=21720] {'wandb': 'ReFT_small|gsm8k_python_sdp_galactica_125m_08', 'lr': '1.5661e-05', 'T.loss': '0.031113', 'Eval.Gen.value_accuracy_best': '21.228'}
[E=12/40, S=21730] {'wandb': 'ReFT_small|gsm8k_python_sdp_galactica_125m_08', 'lr': '1.5658e-05', 'T.loss': '0.022301', 'Eval.Gen.value_accuracy_best': '21.228'}
[E=12/40, S=21740] {'wandb': 'ReFT_small|gsm8k_python_sdp_galactica_125m_08', 'lr': '1.5655e-05', 'T.loss': '0.029831', 'Eval.Gen.value_accuracy_best': '21.228'}
[E=12/40, S=21750] {'wandb': 'ReFT_small|gsm8k_python_sdp_galactica_125m_08', 'lr': '1.5652e-05', 'T.loss': '0.036743', 'Eval.Gen.value_accuracy_best': '21.228'}
[E=12/40, S=21760] {'wandb': 'ReFT_small|gsm8k_python_sdp_galactica_125m_08', 'lr': '1.5649e-05', 'T.loss': '0.034843', 'Eval.Gen.value_accuracy_best': '21.228'}
[E=12/40, S=21770] {'wandb': 'ReFT_small|gsm8k_python_sdp_galactica_125m_08', 'lr': '1.5646e-05', 'T.loss': '0.019272', 'Eval.Gen.value_accuracy_best': '21.228'}
[E=12/40, S=21780] {'wandb': 'ReFT_small|gsm8k_python_sdp_galactica_125m_08', 'lr': '1.5643e-05', 'T.loss': '0.021927', 'Eval.Gen.value_accuracy_best': '21.228'}
[E=12/40, S=21790] {'wandb': 'ReFT_small|gsm8k_python_sdp_galactica_125m_08', 'lr': '1.564e-05', 'T.loss': '0.04216', 'Eval.Gen.value_accuracy_best': '21.228'}
[E=12/40, S=21800] {'wandb': 'ReFT_small|gsm8k_python_sdp_galactica_125m_08', 'lr': '1.5637e-05', 'T.loss': '0.034302', 'Eval.Gen.value_accuracy_best': '21.228'}
[E=12/40, S=21810] {'wandb': 'ReFT_small|gsm8k_python_sdp_galactica_125m_08', 'lr': '1.5633e-05', 'T.loss': '0.044296', 'Eval.Gen.value_accuracy_best': '21.228'}
[E=12/40, S=21820] {'wandb': 'ReFT_small|gsm8k_python_sdp_galactica_125m_08', 'lr': '1.563e-05', 'T.loss': '0.02919', 'Eval.Gen.value_accuracy_best': '21.228'}
[E=12/40, S=21830] {'wandb': 'ReFT_small|gsm8k_python_sdp_galactica_125m_08', 'lr': '1.5627e-05', 'T.loss': '0.034943', 'Eval.Gen.value_accuracy_best': '21.228'}
[E=12/40, S=21840] {'wandb': 'ReFT_small|gsm8k_python_sdp_galactica_125m_08', 'lr': '1.5624e-05', 'T.loss': '0.023895', 'Eval.Gen.value_accuracy_best': '21.228'}
[E=12/40, S=21850] {'wandb': 'ReFT_small|gsm8k_python_sdp_galactica_125m_08', 'lr': '1.5621e-05', 'T.loss': '0.018608', 'Eval.Gen.value_accuracy_best': '21.228'}
[E=12/40, S=21860] {'wandb': 'ReFT_small|gsm8k_python_sdp_galactica_125m_08', 'lr': '1.5618e-05', 'T.loss': '0.031647', 'Eval.Gen.value_accuracy_best': '21.228'}
[E=12/40, S=21870] {'wandb': 'ReFT_small|gsm8k_python_sdp_galactica_125m_08', 'lr': '1.5615e-05', 'T.loss': '0.018501', 'Eval.Gen.value_accuracy_best': '21.228'}
[E=12/40, S=21880] {'wandb': 'ReFT_small|gsm8k_python_sdp_galactica_125m_08', 'lr': '1.5612e-05', 'T.loss': '0.029392', 'Eval.Gen.value_accuracy_best': '21.228'}
[E=12/40, S=21890] {'wandb': 'ReFT_small|gsm8k_python_sdp_galactica_125m_08', 'lr': '1.5609e-05', 'T.loss': '0.057739', 'Eval.Gen.value_accuracy_best': '21.228'}
[E=12/40, S=21900] {'wandb': 'ReFT_small|gsm8k_python_sdp_galactica_125m_08', 'lr': '1.5606e-05', 'T.loss': '0.015141', 'Eval.Gen.value_accuracy_best': '21.228'}
[E=12/40, S=21910] {'wandb': 'ReFT_small|gsm8k_python_sdp_galactica_125m_08', 'lr': '1.5603e-05', 'T.loss': '0.024239', 'Eval.Gen.value_accuracy_best': '21.228'}
[E=12/40, S=21920] {'wandb': 'ReFT_small|gsm8k_python_sdp_galactica_125m_08', 'lr': '1.56e-05', 'T.loss': '0.040054', 'Eval.Gen.value_accuracy_best': '21.228'}
[E=12/40, S=21930] {'wandb': 'ReFT_small|gsm8k_python_sdp_galactica_125m_08', 'lr': '1.5597e-05', 'T.loss': '0.028488', 'Eval.Gen.value_accuracy_best': '21.228'}
[E=12/40, S=21940] {'wandb': 'ReFT_small|gsm8k_python_sdp_galactica_125m_08', 'lr': '1.5594e-05', 'T.loss': '0.021858', 'Eval.Gen.value_accuracy_best': '21.228'}
[E=12/40, S=21950] {'wandb': 'ReFT_small|gsm8k_python_sdp_galactica_125m_08', 'lr': '1.5591e-05', 'T.loss': '0.030212', 'Eval.Gen.value_accuracy_best': '21.228'}
[E=12/40, S=21960] {'wandb': 'ReFT_small|gsm8k_python_sdp_galactica_125m_08', 'lr': '1.5588e-05', 'T.loss': '0.050766', 'Eval.Gen.value_accuracy_best': '21.228'}
[E=12/40, S=21970] {'wandb': 'ReFT_small|gsm8k_python_sdp_galactica_125m_08', 'lr': '1.5585e-05', 'T.loss': '0.032242', 'Eval.Gen.value_accuracy_best': '21.228'}
[E=12/40, S=21980] {'wandb': 'ReFT_small|gsm8k_python_sdp_galactica_125m_08', 'lr': '1.5582e-05', 'T.loss': '0.021271', 'Eval.Gen.value_accuracy_best': '21.228'}
[E=12/40, S=21990] {'wandb': 'ReFT_small|gsm8k_python_sdp_galactica_125m_08', 'lr': '1.5579e-05', 'T.loss': '0.025246', 'Eval.Gen.value_accuracy_best': '21.228'}
[E=12/40, S=22000] {'wandb': 'ReFT_small|gsm8k_python_sdp_galactica_125m_08', 'lr': '1.5576e-05', 'T.loss': '0.01675', 'Eval.Gen.value_accuracy_best': '21.228'}
[E=12/40, S=22010] {'wandb': 'ReFT_small|gsm8k_python_sdp_galactica_125m_08', 'lr': '1.5573e-05', 'T.loss': '0.020985', 'Eval.Gen.value_accuracy_best': '21.228'}
[E=12/40, S=22020] {'wandb': 'ReFT_small|gsm8k_python_sdp_galactica_125m_08', 'lr': '1.557e-05', 'T.loss': '0.012394', 'Eval.Gen.value_accuracy_best': '21.228'}
[E=12/40, S=22030] {'wandb': 'ReFT_small|gsm8k_python_sdp_galactica_125m_08', 'lr': '1.5567e-05', 'T.loss': '0.019674', 'Eval.Gen.value_accuracy_best': '21.228'}
[E=12/40, S=22040] {'wandb': 'ReFT_small|gsm8k_python_sdp_galactica_125m_08', 'lr': '1.5564e-05', 'T.loss': '0.028053', 'Eval.Gen.value_accuracy_best': '21.228'}
[E=12/40, S=22050] {'wandb': 'ReFT_small|gsm8k_python_sdp_galactica_125m_08', 'lr': '1.5561e-05', 'T.loss': '0.010963', 'Eval.Gen.value_accuracy_best': '21.228'}
[E=12/40, S=22060] {'wandb': 'ReFT_small|gsm8k_python_sdp_galactica_125m_08', 'lr': '1.5558e-05', 'T.loss': '0.030201', 'Eval.Gen.value_accuracy_best': '21.228'}
name 'miles_per_week_first_day' is not defined
local variable 'num_candles_unsold' referenced before assignment
local variable 'post_it_notes_added' referenced before assignment
name 'coaches_per_team' is not defined
name 'girls_liters' is not defined
invalid syntax (<string>, line 7)
local variable 'friend_4' referenced before assignment
name 'days_left_after_monday' is not defined
local variable 'cookies_left' referenced before assignment
name 'feet_per_foot' is not defined
invalid syntax (<string>, line 9)
invalid syntax (<string>, line 8)
name 'anakin_sea_horses' is not defined
local variable 'mortgage_increase' referenced before assignment
name 'weekly_donations' is not defined
name 'red_roses_total_red_roses' is not defined
invalid syntax (<string>, line 14)
local variable 'total_bags' referenced before assignment
invalid syntax (<string>, line 5)
name 'months_per_year' is not defined
name 'omelets_per_sandwich' is not defined
local variable 'small_pool_water_initial' referenced before assignment
name 'water_type_initial' is not defined
local variable 'students_exit_c' referenced before assignment
name 'months' is not defined
name 'weight' is not defined
local variable 'cards_letters_b' referenced before assignment
name 'total_beads_per_necklace' is not defined
invalid syntax (<string>, line 11)
name 'rows_of_8' is not defined
name 'busy_suit_cost' is not defined
name 'job_a_total_net_pay' is not defined
name 'sugar_per_batch' is not defined
invalid syntax (<string>, line 5)
name 'hours_3' is not defined
name 'tanky_bears' is not defined
local variable 'test_3' referenced before assignment
invalid syntax (<string>, line 6)
name 'puppies_total' is not defined
name 'borrowed_total' is not defined
name 'gifts_per_bow' is not defined
name 'sam_popsicles_more' is not defined
local variable 'watts_used_reduced' referenced before assignment
name 'hours_per_week' is not defined
name 'soup_price' is not defined
name 'indras_letters' is not defined
invalid syntax (<string>, line 8)
name 'cake_pieces_per_piece' is not defined
name 'oven_temp_initial' is not defined
name 'miles_2_hours' is not defined
local variable 'time_now' referenced before assignment
name 'spots_total' is not defined
'(' was never closed (<string>, line 10)
name 'cards_per_box' is not defined
name 'becky_price_initial' is not defined
local variable 'pencils_left_after_two_months' referenced before assignment
invalid syntax (<string>, line 6)
local variable 'normal_price_difference' referenced before assignment
local variable 'trays_total' referenced before assignment
name 'weeks' is not defined
name 'weeks' is not defined
name 'ml_per_lap' is not defined
name 'num_mittens' is not defined
name 'ophelia_chairs' is not defined
name 'jonathan_toys' is not defined
name 'calculators' is not defined
name 'sharon_initial' is not defined
'(' was never closed (<string>, line 9)
local variable 'fraction_divided_by_5' referenced before assignment
name 'total_cost' is not defined
name 'jill_earnings_per_hour' is not defined
name 'calories_burned_per_200_calories' is not defined
name 'blue_jelly_beans' is not defined
name 'implant_cost' is not defined
name 'cups_sold_2' is not defined
name 'streetlights_per_intersection' is not defined
name 'basketball_coach_cost_total_cost' is not defined
invalid syntax (<string>, line 5)
name 'pieperate_time' is not defined
name 'normal_coffee_per_week' is not defined
local variable 'newspapers_delivered_c' referenced before assignment
name 'hours_per_1_hour' is not defined
name 'aurelia_money' is not defined
local variable 'nap_minutes' referenced before assignment
local variable 'dumplings_leftover' referenced before assignment
name 'ratio_ratio' is not defined
invalid syntax (<string>, line 8)
invalid syntax (<string>, line 6)
invalid syntax (<string>, line 5)
local variable 'cost_per_pound_difference' referenced before assignment
name 'ham_ounces' is not defined
invalid syntax (<string>, line 7)
name 'boris_apples_after' is not defined
name 'clara_books_after' is not defined
local variable 'students_play_video_games' referenced before assignment
name 'pack_bought' is not defined
name 'large_small' is not defined
name 'price_initial' is not defined
name 'jack_total' is not defined
name 'total_sold' is not defined
name 'percentage_read' is not defined
name 'emma_jumps_on' is not defined
name 'chase_days_per_week_per_day' is not defined
invalid syntax (<string>, line 5)
local variable 'hours_remaining' referenced before assignment
name 'goat_cost' is not defined
name 'white_shirts_without_collars' is not defined
name 'claire_badges_per_year' is not defined
name 'fawn_more_books' is not defined
local variable 'pizza_pieces_left_after_second_day' referenced before assignment
name 'micah_money' is not defined
unindent does not match any outer indentation level (<string>, line 6)
local variable 'notebooks_cost' referenced before assignment
local variable 'red_shoeboxes_left' referenced before assignment
division by zero
local variable 'total_rings' referenced before assignment
name 'goats' is not defined
name 'swim_time_remaining' is not defined
name 'spoons_spent' is not defined
name 'patients_occupied' is not defined
invalid syntax (<string>, line 5)
invalid syntax (<string>, line 7)
name 'oranges_given_mom' is not defined
name 'num_students_rented_per_month' is not defined
name 'apples_mowing_lawns' is not defined
local variable 'pages_read_after_sleep' referenced before assignment
name 'difficult_questions_correct' is not defined
local variable 'price_3' referenced before assignment
name 'people_in_north_america' is not defined
name 'xavier_height_after' is not defined
invalid decimal literal (<string>, line 6)
name 'twice_beds' is not defined
name 'tons_per_lorry' is not defined
local variable 'weeks_per_day' referenced before assignment
name 'rds_initial' is not defined
name 'apples_per_month' is not defined
local variable 'sodas_left_after_eating' referenced before assignment
invalid syntax (<string>, line 8)
name 'towels_bought' is not defined
name 'money_spent_initial' is not defined
name 'male_fishes_bought' is not defined
name 'toys_produced_6_toys' is not defined
invalid syntax (<string>, line 6)
local variable 'box_weight' referenced before assignment
name 'bagels_per_bagel' is not defined
name 'total_jellybeans' is not defined
name 'passengers' is not defined
local variable 'juice_bottle_size' referenced before assignment
name 'regular_box_cost_per_cycle' is not defined
name 'cheese_pizza_slices_initial' is not defined
name 'bandages_used_day3' is not defined
name 'emptied_room_times' is not defined
invalid syntax (<string>, line 6)
invalid syntax (<string>, line 5)
local variable 'available_per_person' referenced before assignment
local variable 'mugs_factor_total' referenced before assignment
name 'jelly_beans_guess' is not defined
name 'bus_first_station_first_station' is not defined
local variable 'students_tried_second_year' referenced before assignment
list indices must be integers or slices, not Symbol
invalid syntax (<string>, line 6)
local variable 'kim_paintings' referenced before assignment
name 'price_per_dozen_cost' is not defined
invalid syntax (<string>, line 8)
name 'west_distance' is not defined
name 'num_adults' is not defined
local variable 'child_weight_percent' referenced before assignment
name 'sisters_total_age' is not defined
name 'tshirt_price_before_discount' is not defined
name 'honey_pounds' is not defined
local variable 'cookies_eaten_per_day' referenced before assignment
local variable 'buyer_price_per_full_price' referenced before assignment
name 'meals_per_day' is not defined
name 'new_radiator_cost_new_car_breaks' is not defined
[Eval Info] value_accuracy: 20.015%
[E=12/40, S=22068] {'wandb': 'ReFT_small|gsm8k_python_sdp_galactica_125m_08', 'lr': '1.5556e-05', 'T.loss': '0.018753', 'Eval.Gen.value_accuracy': '20.015', 'Eval.Gen.value_accuracy_best': '21.228'}
[E=13/40, S=22070] {'wandb': 'ReFT_small|gsm8k_python_sdp_galactica_125m_08', 'lr': '1.5555e-05', 'T.loss': '0.023102', 'Eval.Gen.value_accuracy_best': '21.228'}
[E=13/40, S=22080] {'wandb': 'ReFT_small|gsm8k_python_sdp_galactica_125m_08', 'lr': '1.5552e-05', 'T.loss': '0.023582', 'Eval.Gen.value_accuracy_best': '21.228'}
[E=13/40, S=22090] {'wandb': 'ReFT_small|gsm8k_python_sdp_galactica_125m_08', 'lr': '1.5549e-05', 'T.loss': '0.029945', 'Eval.Gen.value_accuracy_best': '21.228'}
[E=13/40, S=22100] {'wandb': 'ReFT_small|gsm8k_python_sdp_galactica_125m_08', 'lr': '1.5546e-05', 'T.loss': '0.020962', 'Eval.Gen.value_accuracy_best': '21.228'}
[E=13/40, S=22110] {'wandb': 'ReFT_small|gsm8k_python_sdp_galactica_125m_08', 'lr': '1.5543e-05', 'T.loss': '0.03141', 'Eval.Gen.value_accuracy_best': '21.228'}
[E=13/40, S=22120] {'wandb': 'ReFT_small|gsm8k_python_sdp_galactica_125m_08', 'lr': '1.554e-05', 'T.loss': '0.026978', 'Eval.Gen.value_accuracy_best': '21.228'}
[E=13/40, S=22130] {'wandb': 'ReFT_small|gsm8k_python_sdp_galactica_125m_08', 'lr': '1.5537e-05', 'T.loss': '0.020088', 'Eval.Gen.value_accuracy_best': '21.228'}
[E=13/40, S=22140] {'wandb': 'ReFT_small|gsm8k_python_sdp_galactica_125m_08', 'lr': '1.5534e-05', 'T.loss': '0.023525', 'Eval.Gen.value_accuracy_best': '21.228'}
[E=13/40, S=22150] {'wandb': 'ReFT_small|gsm8k_python_sdp_galactica_125m_08', 'lr': '1.5531e-05', 'T.loss': '0.021484', 'Eval.Gen.value_accuracy_best': '21.228'}
[E=13/40, S=22160] {'wandb': 'ReFT_small|gsm8k_python_sdp_galactica_125m_08', 'lr': '1.5528e-05', 'T.loss': '0.022839', 'Eval.Gen.value_accuracy_best': '21.228'}
[E=13/40, S=22170] {'wandb': 'ReFT_small|gsm8k_python_sdp_galactica_125m_08', 'lr': '1.5525e-05', 'T.loss': '0.028694', 'Eval.Gen.value_accuracy_best': '21.228'}
[E=13/40, S=22180] {'wandb': 'ReFT_small|gsm8k_python_sdp_galactica_125m_08', 'lr': '1.5522e-05', 'T.loss': '0.027176', 'Eval.Gen.value_accuracy_best': '21.228'}
[E=13/40, S=22190] {'wandb': 'ReFT_small|gsm8k_python_sdp_galactica_125m_08', 'lr': '1.5519e-05', 'T.loss': '0.035072', 'Eval.Gen.value_accuracy_best': '21.228'}
[E=13/40, S=22200] {'wandb': 'ReFT_small|gsm8k_python_sdp_galactica_125m_08', 'lr': '1.5516e-05', 'T.loss': '0.02137', 'Eval.Gen.value_accuracy_best': '21.228'}
[E=13/40, S=22210] {'wandb': 'ReFT_small|gsm8k_python_sdp_galactica_125m_08', 'lr': '1.5513e-05', 'T.loss': '0.030548', 'Eval.Gen.value_accuracy_best': '21.228'}
[E=13/40, S=22220] {'wandb': 'ReFT_small|gsm8k_python_sdp_galactica_125m_08', 'lr': '1.551e-05', 'T.loss': '0.0082235', 'Eval.Gen.value_accuracy_best': '21.228'}
[E=13/40, S=22230] {'wandb': 'ReFT_small|gsm8k_python_sdp_galactica_125m_08', 'lr': '1.5507e-05', 'T.loss': '0.014912', 'Eval.Gen.value_accuracy_best': '21.228'}
[E=13/40, S=22240] {'wandb': 'ReFT_small|gsm8k_python_sdp_galactica_125m_08', 'lr': '1.5504e-05', 'T.loss': '0.016556', 'Eval.Gen.value_accuracy_best': '21.228'}
[E=13/40, S=22250] {'wandb': 'ReFT_small|gsm8k_python_sdp_galactica_125m_08', 'lr': '1.5501e-05', 'T.loss': '0.034714', 'Eval.Gen.value_accuracy_best': '21.228'}
[E=13/40, S=22260] {'wandb': 'ReFT_small|gsm8k_python_sdp_galactica_125m_08', 'lr': '1.5498e-05', 'T.loss': '0.014587', 'Eval.Gen.value_accuracy_best': '21.228'}
[E=13/40, S=22270] {'wandb': 'ReFT_small|gsm8k_python_sdp_galactica_125m_08', 'lr': '1.5495e-05', 'T.loss': '0.015129', 'Eval.Gen.value_accuracy_best': '21.228'}
[E=13/40, S=22280] {'wandb': 'ReFT_small|gsm8k_python_sdp_galactica_125m_08', 'lr': '1.5492e-05', 'T.loss': '0.036858', 'Eval.Gen.value_accuracy_best': '21.228'}
[E=13/40, S=22290] {'wandb': 'ReFT_small|gsm8k_python_sdp_galactica_125m_08', 'lr': '1.5488e-05', 'T.loss': '0.022614', 'Eval.Gen.value_accuracy_best': '21.228'}
[E=13/40, S=22300] {'wandb': 'ReFT_small|gsm8k_python_sdp_galactica_125m_08', 'lr': '1.5485e-05', 'T.loss': '0.018867', 'Eval.Gen.value_accuracy_best': '21.228'}
[E=13/40, S=22310] {'wandb': 'ReFT_small|gsm8k_python_sdp_galactica_125m_08', 'lr': '1.5482e-05', 'T.loss': '0.030052', 'Eval.Gen.value_accuracy_best': '21.228'}
[E=13/40, S=22320] {'wandb': 'ReFT_small|gsm8k_python_sdp_galactica_125m_08', 'lr': '1.5479e-05', 'T.loss': '0.027641', 'Eval.Gen.value_accuracy_best': '21.228'}
[E=13/40, S=22330] {'wandb': 'ReFT_small|gsm8k_python_sdp_galactica_125m_08', 'lr': '1.5476e-05', 'T.loss': '0.033657', 'Eval.Gen.value_accuracy_best': '21.228'}
[E=13/40, S=22340] {'wandb': 'ReFT_small|gsm8k_python_sdp_galactica_125m_08', 'lr': '1.5473e-05', 'T.loss': '0.039684', 'Eval.Gen.value_accuracy_best': '21.228'}
[E=13/40, S=22350] {'wandb': 'ReFT_small|gsm8k_python_sdp_galactica_125m_08', 'lr': '1.547e-05', 'T.loss': '0.018681', 'Eval.Gen.value_accuracy_best': '21.228'}
[E=13/40, S=22360] {'wandb': 'ReFT_small|gsm8k_python_sdp_galactica_125m_08', 'lr': '1.5467e-05', 'T.loss': '0.028984', 'Eval.Gen.value_accuracy_best': '21.228'}
[E=13/40, S=22370] {'wandb': 'ReFT_small|gsm8k_python_sdp_galactica_125m_08', 'lr': '1.5464e-05', 'T.loss': '0.052307', 'Eval.Gen.value_accuracy_best': '21.228'}
[E=13/40, S=22380] {'wandb': 'ReFT_small|gsm8k_python_sdp_galactica_125m_08', 'lr': '1.5461e-05', 'T.loss': '0.02153', 'Eval.Gen.value_accuracy_best': '21.228'}
[E=13/40, S=22390] {'wandb': 'ReFT_small|gsm8k_python_sdp_galactica_125m_08', 'lr': '1.5458e-05', 'T.loss': '0.025269', 'Eval.Gen.value_accuracy_best': '21.228'}
[E=13/40, S=22400] {'wandb': 'ReFT_small|gsm8k_python_sdp_galactica_125m_08', 'lr': '1.5455e-05', 'T.loss': '0.017883', 'Eval.Gen.value_accuracy_best': '21.228'}
[E=13/40, S=22410] {'wandb': 'ReFT_small|gsm8k_python_sdp_galactica_125m_08', 'lr': '1.5452e-05', 'T.loss': '0.024323', 'Eval.Gen.value_accuracy_best': '21.228'}
[E=13/40, S=22420] {'wandb': 'ReFT_small|gsm8k_python_sdp_galactica_125m_08', 'lr': '1.5449e-05', 'T.loss': '0.017052', 'Eval.Gen.value_accuracy_best': '21.228'}
[E=13/40, S=22430] {'wandb': 'ReFT_small|gsm8k_python_sdp_galactica_125m_08', 'lr': '1.5446e-05', 'T.loss': '0.041824', 'Eval.Gen.value_accuracy_best': '21.228'}
[E=13/40, S=22440] {'wandb': 'ReFT_small|gsm8k_python_sdp_galactica_125m_08', 'lr': '1.5443e-05', 'T.loss': '0.015282', 'Eval.Gen.value_accuracy_best': '21.228'}
[E=13/40, S=22450] {'wandb': 'ReFT_small|gsm8k_python_sdp_galactica_125m_08', 'lr': '1.544e-05', 'T.loss': '0.025833', 'Eval.Gen.value_accuracy_best': '21.228'}
[E=13/40, S=22460] {'wandb': 'ReFT_small|gsm8k_python_sdp_galactica_125m_08', 'lr': '1.5437e-05', 'T.loss': '0.019615', 'Eval.Gen.value_accuracy_best': '21.228'}
[E=13/40, S=22470] {'wandb': 'ReFT_small|gsm8k_python_sdp_galactica_125m_08', 'lr': '1.5434e-05', 'T.loss': '0.028946', 'Eval.Gen.value_accuracy_best': '21.228'}
[E=13/40, S=22480] {'wandb': 'ReFT_small|gsm8k_python_sdp_galactica_125m_08', 'lr': '1.5431e-05', 'T.loss': '0.010937', 'Eval.Gen.value_accuracy_best': '21.228'}
[E=13/40, S=22490] {'wandb': 'ReFT_small|gsm8k_python_sdp_galactica_125m_08', 'lr': '1.5428e-05', 'T.loss': '0.021774', 'Eval.Gen.value_accuracy_best': '21.228'}
[E=13/40, S=22500] {'wandb': 'ReFT_small|gsm8k_python_sdp_galactica_125m_08', 'lr': '1.5425e-05', 'T.loss': '0.023891', 'Eval.Gen.value_accuracy_best': '21.228'}
[E=13/40, S=22510] {'wandb': 'ReFT_small|gsm8k_python_sdp_galactica_125m_08', 'lr': '1.5422e-05', 'T.loss': '0.01104', 'Eval.Gen.value_accuracy_best': '21.228'}
[E=13/40, S=22520] {'wandb': 'ReFT_small|gsm8k_python_sdp_galactica_125m_08', 'lr': '1.5419e-05', 'T.loss': '0.019489', 'Eval.Gen.value_accuracy_best': '21.228'}
[E=13/40, S=22530] {'wandb': 'ReFT_small|gsm8k_python_sdp_galactica_125m_08', 'lr': '1.5416e-05', 'T.loss': '0.025696', 'Eval.Gen.value_accuracy_best': '21.228'}
[E=13/40, S=22540] {'wandb': 'ReFT_small|gsm8k_python_sdp_galactica_125m_08', 'lr': '1.5413e-05', 'T.loss': '0.0222', 'Eval.Gen.value_accuracy_best': '21.228'}
[E=13/40, S=22550] {'wandb': 'ReFT_small|gsm8k_python_sdp_galactica_125m_08', 'lr': '1.541e-05', 'T.loss': '0.01685', 'Eval.Gen.value_accuracy_best': '21.228'}
[E=13/40, S=22560] {'wandb': 'ReFT_small|gsm8k_python_sdp_galactica_125m_08', 'lr': '1.5407e-05', 'T.loss': '0.033363', 'Eval.Gen.value_accuracy_best': '21.228'}
[E=13/40, S=22570] {'wandb': 'ReFT_small|gsm8k_python_sdp_galactica_125m_08', 'lr': '1.5404e-05', 'T.loss': '0.017166', 'Eval.Gen.value_accuracy_best': '21.228'}
[E=13/40, S=22580] {'wandb': 'ReFT_small|gsm8k_python_sdp_galactica_125m_08', 'lr': '1.5401e-05', 'T.loss': '0.034668', 'Eval.Gen.value_accuracy_best': '21.228'}
[E=13/40, S=22590] {'wandb': 'ReFT_small|gsm8k_python_sdp_galactica_125m_08', 'lr': '1.5398e-05', 'T.loss': '0.027489', 'Eval.Gen.value_accuracy_best': '21.228'}
[E=13/40, S=22600] {'wandb': 'ReFT_small|gsm8k_python_sdp_galactica_125m_08', 'lr': '1.5395e-05', 'T.loss': '0.02343', 'Eval.Gen.value_accuracy_best': '21.228'}
[E=13/40, S=22610] {'wandb': 'ReFT_small|gsm8k_python_sdp_galactica_125m_08', 'lr': '1.5392e-05', 'T.loss': '0.01886', 'Eval.Gen.value_accuracy_best': '21.228'}
[E=13/40, S=22620] {'wandb': 'ReFT_small|gsm8k_python_sdp_galactica_125m_08', 'lr': '1.5389e-05', 'T.loss': '0.019112', 'Eval.Gen.value_accuracy_best': '21.228'}
[E=13/40, S=22630] {'wandb': 'ReFT_small|gsm8k_python_sdp_galactica_125m_08', 'lr': '1.5386e-05', 'T.loss': '0.020447', 'Eval.Gen.value_accuracy_best': '21.228'}
[E=13/40, S=22640] {'wandb': 'ReFT_small|gsm8k_python_sdp_galactica_125m_08', 'lr': '1.5383e-05', 'T.loss': '0.026543', 'Eval.Gen.value_accuracy_best': '21.228'}
[E=13/40, S=22650] {'wandb': 'ReFT_small|gsm8k_python_sdp_galactica_125m_08', 'lr': '1.538e-05', 'T.loss': '0.017525', 'Eval.Gen.value_accuracy_best': '21.228'}
[E=13/40, S=22660] {'wandb': 'ReFT_small|gsm8k_python_sdp_galactica_125m_08', 'lr': '1.5377e-05', 'T.loss': '0.025803', 'Eval.Gen.value_accuracy_best': '21.228'}
[E=13/40, S=22670] {'wandb': 'ReFT_small|gsm8k_python_sdp_galactica_125m_08', 'lr': '1.5374e-05', 'T.loss': '0.013577', 'Eval.Gen.value_accuracy_best': '21.228'}
[E=13/40, S=22680] {'wandb': 'ReFT_small|gsm8k_python_sdp_galactica_125m_08', 'lr': '1.5371e-05', 'T.loss': '0.020599', 'Eval.Gen.value_accuracy_best': '21.228'}
[E=13/40, S=22690] {'wandb': 'ReFT_small|gsm8k_python_sdp_galactica_125m_08', 'lr': '1.5368e-05', 'T.loss': '0.023666', 'Eval.Gen.value_accuracy_best': '21.228'}
[E=13/40, S=22700] {'wandb': 'ReFT_small|gsm8k_python_sdp_galactica_125m_08', 'lr': '1.5365e-05', 'T.loss': '0.042786', 'Eval.Gen.value_accuracy_best': '21.228'}
[E=13/40, S=22710] {'wandb': 'ReFT_small|gsm8k_python_sdp_galactica_125m_08', 'lr': '1.5362e-05', 'T.loss': '0.017914', 'Eval.Gen.value_accuracy_best': '21.228'}
[E=13/40, S=22720] {'wandb': 'ReFT_small|gsm8k_python_sdp_galactica_125m_08', 'lr': '1.5359e-05', 'T.loss': '0.01899', 'Eval.Gen.value_accuracy_best': '21.228'}
[E=13/40, S=22730] {'wandb': 'ReFT_small|gsm8k_python_sdp_galactica_125m_08', 'lr': '1.5356e-05', 'T.loss': '0.017944', 'Eval.Gen.value_accuracy_best': '21.228'}
[E=13/40, S=22740] {'wandb': 'ReFT_small|gsm8k_python_sdp_galactica_125m_08', 'lr': '1.5353e-05', 'T.loss': '0.032249', 'Eval.Gen.value_accuracy_best': '21.228'}
[E=13/40, S=22750] {'wandb': 'ReFT_small|gsm8k_python_sdp_galactica_125m_08', 'lr': '1.535e-05', 'T.loss': '0.026989', 'Eval.Gen.value_accuracy_best': '21.228'}
[E=13/40, S=22760] {'wandb': 'ReFT_small|gsm8k_python_sdp_galactica_125m_08', 'lr': '1.5347e-05', 'T.loss': '0.038269', 'Eval.Gen.value_accuracy_best': '21.228'}
[E=13/40, S=22770] {'wandb': 'ReFT_small|gsm8k_python_sdp_galactica_125m_08', 'lr': '1.5343e-05', 'T.loss': '0.028961', 'Eval.Gen.value_accuracy_best': '21.228'}
[E=13/40, S=22780] {'wandb': 'ReFT_small|gsm8k_python_sdp_galactica_125m_08', 'lr': '1.534e-05', 'T.loss': '0.037354', 'Eval.Gen.value_accuracy_best': '21.228'}
[E=13/40, S=22790] {'wandb': 'ReFT_small|gsm8k_python_sdp_galactica_125m_08', 'lr': '1.5337e-05', 'T.loss': '0.011229', 'Eval.Gen.value_accuracy_best': '21.228'}
[E=13/40, S=22800] {'wandb': 'ReFT_small|gsm8k_python_sdp_galactica_125m_08', 'lr': '1.5334e-05', 'T.loss': '0.014854', 'Eval.Gen.value_accuracy_best': '21.228'}
[E=13/40, S=22810] {'wandb': 'ReFT_small|gsm8k_python_sdp_galactica_125m_08', 'lr': '1.5331e-05', 'T.loss': '0.013817', 'Eval.Gen.value_accuracy_best': '21.228'}
[E=13/40, S=22820] {'wandb': 'ReFT_small|gsm8k_python_sdp_galactica_125m_08', 'lr': '1.5328e-05', 'T.loss': '0.019775', 'Eval.Gen.value_accuracy_best': '21.228'}
[E=13/40, S=22830] {'wandb': 'ReFT_small|gsm8k_python_sdp_galactica_125m_08', 'lr': '1.5325e-05', 'T.loss': '0.022797', 'Eval.Gen.value_accuracy_best': '21.228'}
[E=13/40, S=22840] {'wandb': 'ReFT_small|gsm8k_python_sdp_galactica_125m_08', 'lr': '1.5322e-05', 'T.loss': '0.022141', 'Eval.Gen.value_accuracy_best': '21.228'}
[E=13/40, S=22850] {'wandb': 'ReFT_small|gsm8k_python_sdp_galactica_125m_08', 'lr': '1.5319e-05', 'T.loss': '0.022476', 'Eval.Gen.value_accuracy_best': '21.228'}
[E=13/40, S=22860] {'wandb': 'ReFT_small|gsm8k_python_sdp_galactica_125m_08', 'lr': '1.5316e-05', 'T.loss': '0.028145', 'Eval.Gen.value_accuracy_best': '21.228'}
[E=13/40, S=22870] {'wandb': 'ReFT_small|gsm8k_python_sdp_galactica_125m_08', 'lr': '1.5313e-05', 'T.loss': '0.022987', 'Eval.Gen.value_accuracy_best': '21.228'}
[E=13/40, S=22880] {'wandb': 'ReFT_small|gsm8k_python_sdp_galactica_125m_08', 'lr': '1.531e-05', 'T.loss': '0.019695', 'Eval.Gen.value_accuracy_best': '21.228'}
[E=13/40, S=22890] {'wandb': 'ReFT_small|gsm8k_python_sdp_galactica_125m_08', 'lr': '1.5307e-05', 'T.loss': '0.015316', 'Eval.Gen.value_accuracy_best': '21.228'}
[E=13/40, S=22900] {'wandb': 'ReFT_small|gsm8k_python_sdp_galactica_125m_08', 'lr': '1.5304e-05', 'T.loss': '0.037025', 'Eval.Gen.value_accuracy_best': '21.228'}
[E=13/40, S=22910] {'wandb': 'ReFT_small|gsm8k_python_sdp_galactica_125m_08', 'lr': '1.5301e-05', 'T.loss': '0.024574', 'Eval.Gen.value_accuracy_best': '21.228'}
[E=13/40, S=22920] {'wandb': 'ReFT_small|gsm8k_python_sdp_galactica_125m_08', 'lr': '1.5298e-05', 'T.loss': '0.021271', 'Eval.Gen.value_accuracy_best': '21.228'}
[E=13/40, S=22930] {'wandb': 'ReFT_small|gsm8k_python_sdp_galactica_125m_08', 'lr': '1.5295e-05', 'T.loss': '0.02248', 'Eval.Gen.value_accuracy_best': '21.228'}
[E=13/40, S=22940] {'wandb': 'ReFT_small|gsm8k_python_sdp_galactica_125m_08', 'lr': '1.5292e-05', 'T.loss': '0.0172', 'Eval.Gen.value_accuracy_best': '21.228'}
[E=13/40, S=22950] {'wandb': 'ReFT_small|gsm8k_python_sdp_galactica_125m_08', 'lr': '1.5289e-05', 'T.loss': '0.026115', 'Eval.Gen.value_accuracy_best': '21.228'}
[E=13/40, S=22960] {'wandb': 'ReFT_small|gsm8k_python_sdp_galactica_125m_08', 'lr': '1.5286e-05', 'T.loss': '0.031624', 'Eval.Gen.value_accuracy_best': '21.228'}
[E=13/40, S=22970] {'wandb': 'ReFT_small|gsm8k_python_sdp_galactica_125m_08', 'lr': '1.5283e-05', 'T.loss': '0.021511', 'Eval.Gen.value_accuracy_best': '21.228'}
[E=13/40, S=22980] {'wandb': 'ReFT_small|gsm8k_python_sdp_galactica_125m_08', 'lr': '1.528e-05', 'T.loss': '0.025368', 'Eval.Gen.value_accuracy_best': '21.228'}
[E=13/40, S=22990] {'wandb': 'ReFT_small|gsm8k_python_sdp_galactica_125m_08', 'lr': '1.5277e-05', 'T.loss': '0.015999', 'Eval.Gen.value_accuracy_best': '21.228'}
[E=13/40, S=23000] {'wandb': 'ReFT_small|gsm8k_python_sdp_galactica_125m_08', 'lr': '1.5274e-05', 'T.loss': '0.037636', 'Eval.Gen.value_accuracy_best': '21.228'}
[E=13/40, S=23010] {'wandb': 'ReFT_small|gsm8k_python_sdp_galactica_125m_08', 'lr': '1.5271e-05', 'T.loss': '0.030067', 'Eval.Gen.value_accuracy_best': '21.228'}
[E=13/40, S=23020] {'wandb': 'ReFT_small|gsm8k_python_sdp_galactica_125m_08', 'lr': '1.5268e-05', 'T.loss': '0.036301', 'Eval.Gen.value_accuracy_best': '21.228'}
[E=13/40, S=23030] {'wandb': 'ReFT_small|gsm8k_python_sdp_galactica_125m_08', 'lr': '1.5265e-05', 'T.loss': '0.030075', 'Eval.Gen.value_accuracy_best': '21.228'}
[E=13/40, S=23040] {'wandb': 'ReFT_small|gsm8k_python_sdp_galactica_125m_08', 'lr': '1.5262e-05', 'T.loss': '0.025635', 'Eval.Gen.value_accuracy_best': '21.228'}
[E=13/40, S=23050] {'wandb': 'ReFT_small|gsm8k_python_sdp_galactica_125m_08', 'lr': '1.5259e-05', 'T.loss': '0.055538', 'Eval.Gen.value_accuracy_best': '21.228'}
[E=13/40, S=23060] {'wandb': 'ReFT_small|gsm8k_python_sdp_galactica_125m_08', 'lr': '1.5256e-05', 'T.loss': '0.043091', 'Eval.Gen.value_accuracy_best': '21.228'}
[E=13/40, S=23070] {'wandb': 'ReFT_small|gsm8k_python_sdp_galactica_125m_08', 'lr': '1.5253e-05', 'T.loss': '0.022186', 'Eval.Gen.value_accuracy_best': '21.228'}
[E=13/40, S=23080] {'wandb': 'ReFT_small|gsm8k_python_sdp_galactica_125m_08', 'lr': '1.525e-05', 'T.loss': '0.021873', 'Eval.Gen.value_accuracy_best': '21.228'}
[E=13/40, S=23090] {'wandb': 'ReFT_small|gsm8k_python_sdp_galactica_125m_08', 'lr': '1.5247e-05', 'T.loss': '0.03928', 'Eval.Gen.value_accuracy_best': '21.228'}
[E=13/40, S=23100] {'wandb': 'ReFT_small|gsm8k_python_sdp_galactica_125m_08', 'lr': '1.5244e-05', 'T.loss': '0.012276', 'Eval.Gen.value_accuracy_best': '21.228'}
[E=13/40, S=23110] {'wandb': 'ReFT_small|gsm8k_python_sdp_galactica_125m_08', 'lr': '1.5241e-05', 'T.loss': '0.026993', 'Eval.Gen.value_accuracy_best': '21.228'}
[E=13/40, S=23120] {'wandb': 'ReFT_small|gsm8k_python_sdp_galactica_125m_08', 'lr': '1.5238e-05', 'T.loss': '0.010864', 'Eval.Gen.value_accuracy_best': '21.228'}
[E=13/40, S=23130] {'wandb': 'ReFT_small|gsm8k_python_sdp_galactica_125m_08', 'lr': '1.5235e-05', 'T.loss': '0.033089', 'Eval.Gen.value_accuracy_best': '21.228'}
[E=13/40, S=23140] {'wandb': 'ReFT_small|gsm8k_python_sdp_galactica_125m_08', 'lr': '1.5232e-05', 'T.loss': '0.014305', 'Eval.Gen.value_accuracy_best': '21.228'}
[E=13/40, S=23150] {'wandb': 'ReFT_small|gsm8k_python_sdp_galactica_125m_08', 'lr': '1.5229e-05', 'T.loss': '0.047668', 'Eval.Gen.value_accuracy_best': '21.228'}
[E=13/40, S=23160] {'wandb': 'ReFT_small|gsm8k_python_sdp_galactica_125m_08', 'lr': '1.5226e-05', 'T.loss': '0.034325', 'Eval.Gen.value_accuracy_best': '21.228'}
[E=13/40, S=23170] {'wandb': 'ReFT_small|gsm8k_python_sdp_galactica_125m_08', 'lr': '1.5223e-05', 'T.loss': '0.022209', 'Eval.Gen.value_accuracy_best': '21.228'}
[E=13/40, S=23180] {'wandb': 'ReFT_small|gsm8k_python_sdp_galactica_125m_08', 'lr': '1.522e-05', 'T.loss': '0.021595', 'Eval.Gen.value_accuracy_best': '21.228'}
[E=13/40, S=23190] {'wandb': 'ReFT_small|gsm8k_python_sdp_galactica_125m_08', 'lr': '1.5217e-05', 'T.loss': '0.023857', 'Eval.Gen.value_accuracy_best': '21.228'}
[E=13/40, S=23200] {'wandb': 'ReFT_small|gsm8k_python_sdp_galactica_125m_08', 'lr': '1.5214e-05', 'T.loss': '0.033012', 'Eval.Gen.value_accuracy_best': '21.228'}
[E=13/40, S=23210] {'wandb': 'ReFT_small|gsm8k_python_sdp_galactica_125m_08', 'lr': '1.5211e-05', 'T.loss': '0.033829', 'Eval.Gen.value_accuracy_best': '21.228'}
[E=13/40, S=23220] {'wandb': 'ReFT_small|gsm8k_python_sdp_galactica_125m_08', 'lr': '1.5208e-05', 'T.loss': '0.027191', 'Eval.Gen.value_accuracy_best': '21.228'}
[E=13/40, S=23230] {'wandb': 'ReFT_small|gsm8k_python_sdp_galactica_125m_08', 'lr': '1.5205e-05', 'T.loss': '0.029892', 'Eval.Gen.value_accuracy_best': '21.228'}
[E=13/40, S=23240] {'wandb': 'ReFT_small|gsm8k_python_sdp_galactica_125m_08', 'lr': '1.5201e-05', 'T.loss': '0.01812', 'Eval.Gen.value_accuracy_best': '21.228'}
[E=13/40, S=23250] {'wandb': 'ReFT_small|gsm8k_python_sdp_galactica_125m_08', 'lr': '1.5198e-05', 'T.loss': '0.043102', 'Eval.Gen.value_accuracy_best': '21.228'}
[E=13/40, S=23260] {'wandb': 'ReFT_small|gsm8k_python_sdp_galactica_125m_08', 'lr': '1.5195e-05', 'T.loss': '0.017479', 'Eval.Gen.value_accuracy_best': '21.228'}
[E=13/40, S=23270] {'wandb': 'ReFT_small|gsm8k_python_sdp_galactica_125m_08', 'lr': '1.5192e-05', 'T.loss': '0.03463', 'Eval.Gen.value_accuracy_best': '21.228'}
[E=13/40, S=23280] {'wandb': 'ReFT_small|gsm8k_python_sdp_galactica_125m_08', 'lr': '1.5189e-05', 'T.loss': '0.022892', 'Eval.Gen.value_accuracy_best': '21.228'}
[E=13/40, S=23290] {'wandb': 'ReFT_small|gsm8k_python_sdp_galactica_125m_08', 'lr': '1.5186e-05', 'T.loss': '0.035774', 'Eval.Gen.value_accuracy_best': '21.228'}
[E=13/40, S=23300] {'wandb': 'ReFT_small|gsm8k_python_sdp_galactica_125m_08', 'lr': '1.5183e-05', 'T.loss': '0.027191', 'Eval.Gen.value_accuracy_best': '21.228'}
[E=13/40, S=23310] {'wandb': 'ReFT_small|gsm8k_python_sdp_galactica_125m_08', 'lr': '1.518e-05', 'T.loss': '0.01675', 'Eval.Gen.value_accuracy_best': '21.228'}
[E=13/40, S=23320] {'wandb': 'ReFT_small|gsm8k_python_sdp_galactica_125m_08', 'lr': '1.5177e-05', 'T.loss': '0.022598', 'Eval.Gen.value_accuracy_best': '21.228'}
[E=13/40, S=23330] {'wandb': 'ReFT_small|gsm8k_python_sdp_galactica_125m_08', 'lr': '1.5174e-05', 'T.loss': '0.030396', 'Eval.Gen.value_accuracy_best': '21.228'}
[E=13/40, S=23340] {'wandb': 'ReFT_small|gsm8k_python_sdp_galactica_125m_08', 'lr': '1.5171e-05', 'T.loss': '0.016754', 'Eval.Gen.value_accuracy_best': '21.228'}
[E=13/40, S=23350] {'wandb': 'ReFT_small|gsm8k_python_sdp_galactica_125m_08', 'lr': '1.5168e-05', 'T.loss': '0.048401', 'Eval.Gen.value_accuracy_best': '21.228'}
[E=13/40, S=23360] {'wandb': 'ReFT_small|gsm8k_python_sdp_galactica_125m_08', 'lr': '1.5165e-05', 'T.loss': '0.02581', 'Eval.Gen.value_accuracy_best': '21.228'}
[E=13/40, S=23370] {'wandb': 'ReFT_small|gsm8k_python_sdp_galactica_125m_08', 'lr': '1.5162e-05', 'T.loss': '0.017818', 'Eval.Gen.value_accuracy_best': '21.228'}
[E=13/40, S=23380] {'wandb': 'ReFT_small|gsm8k_python_sdp_galactica_125m_08', 'lr': '1.5159e-05', 'T.loss': '0.0271', 'Eval.Gen.value_accuracy_best': '21.228'}
[E=13/40, S=23390] {'wandb': 'ReFT_small|gsm8k_python_sdp_galactica_125m_08', 'lr': '1.5156e-05', 'T.loss': '0.018951', 'Eval.Gen.value_accuracy_best': '21.228'}
[E=13/40, S=23400] {'wandb': 'ReFT_small|gsm8k_python_sdp_galactica_125m_08', 'lr': '1.5153e-05', 'T.loss': '0.03347', 'Eval.Gen.value_accuracy_best': '21.228'}
[E=13/40, S=23410] {'wandb': 'ReFT_small|gsm8k_python_sdp_galactica_125m_08', 'lr': '1.515e-05', 'T.loss': '0.018753', 'Eval.Gen.value_accuracy_best': '21.228'}
[E=13/40, S=23420] {'wandb': 'ReFT_small|gsm8k_python_sdp_galactica_125m_08', 'lr': '1.5147e-05', 'T.loss': '0.025322', 'Eval.Gen.value_accuracy_best': '21.228'}
[E=13/40, S=23430] {'wandb': 'ReFT_small|gsm8k_python_sdp_galactica_125m_08', 'lr': '1.5144e-05', 'T.loss': '0.014214', 'Eval.Gen.value_accuracy_best': '21.228'}
[E=13/40, S=23440] {'wandb': 'ReFT_small|gsm8k_python_sdp_galactica_125m_08', 'lr': '1.5141e-05', 'T.loss': '0.016514', 'Eval.Gen.value_accuracy_best': '21.228'}
[E=13/40, S=23450] {'wandb': 'ReFT_small|gsm8k_python_sdp_galactica_125m_08', 'lr': '1.5138e-05', 'T.loss': '0.015621', 'Eval.Gen.value_accuracy_best': '21.228'}
[E=13/40, S=23460] {'wandb': 'ReFT_small|gsm8k_python_sdp_galactica_125m_08', 'lr': '1.5135e-05', 'T.loss': '0.032425', 'Eval.Gen.value_accuracy_best': '21.228'}
[E=13/40, S=23470] {'wandb': 'ReFT_small|gsm8k_python_sdp_galactica_125m_08', 'lr': '1.5132e-05', 'T.loss': '0.02951', 'Eval.Gen.value_accuracy_best': '21.228'}
[E=13/40, S=23480] {'wandb': 'ReFT_small|gsm8k_python_sdp_galactica_125m_08', 'lr': '1.5129e-05', 'T.loss': '0.017197', 'Eval.Gen.value_accuracy_best': '21.228'}
[E=13/40, S=23490] {'wandb': 'ReFT_small|gsm8k_python_sdp_galactica_125m_08', 'lr': '1.5126e-05', 'T.loss': '0.02573', 'Eval.Gen.value_accuracy_best': '21.228'}
[E=13/40, S=23500] {'wandb': 'ReFT_small|gsm8k_python_sdp_galactica_125m_08', 'lr': '1.5123e-05', 'T.loss': '0.028519', 'Eval.Gen.value_accuracy_best': '21.228'}
[E=13/40, S=23510] {'wandb': 'ReFT_small|gsm8k_python_sdp_galactica_125m_08', 'lr': '1.512e-05', 'T.loss': '0.027023', 'Eval.Gen.value_accuracy_best': '21.228'}
[E=13/40, S=23520] {'wandb': 'ReFT_small|gsm8k_python_sdp_galactica_125m_08', 'lr': '1.5117e-05', 'T.loss': '0.031471', 'Eval.Gen.value_accuracy_best': '21.228'}
[E=13/40, S=23530] {'wandb': 'ReFT_small|gsm8k_python_sdp_galactica_125m_08', 'lr': '1.5114e-05', 'T.loss': '0.032276', 'Eval.Gen.value_accuracy_best': '21.228'}
[E=13/40, S=23540] {'wandb': 'ReFT_small|gsm8k_python_sdp_galactica_125m_08', 'lr': '1.5111e-05', 'T.loss': '0.032837', 'Eval.Gen.value_accuracy_best': '21.228'}
[E=13/40, S=23550] {'wandb': 'ReFT_small|gsm8k_python_sdp_galactica_125m_08', 'lr': '1.5108e-05', 'T.loss': '0.015553', 'Eval.Gen.value_accuracy_best': '21.228'}
[E=13/40, S=23560] {'wandb': 'ReFT_small|gsm8k_python_sdp_galactica_125m_08', 'lr': '1.5105e-05', 'T.loss': '0.03167', 'Eval.Gen.value_accuracy_best': '21.228'}
[E=13/40, S=23570] {'wandb': 'ReFT_small|gsm8k_python_sdp_galactica_125m_08', 'lr': '1.5102e-05', 'T.loss': '0.020615', 'Eval.Gen.value_accuracy_best': '21.228'}
[E=13/40, S=23580] {'wandb': 'ReFT_small|gsm8k_python_sdp_galactica_125m_08', 'lr': '1.5099e-05', 'T.loss': '0.017551', 'Eval.Gen.value_accuracy_best': '21.228'}
[E=13/40, S=23590] {'wandb': 'ReFT_small|gsm8k_python_sdp_galactica_125m_08', 'lr': '1.5096e-05', 'T.loss': '0.043304', 'Eval.Gen.value_accuracy_best': '21.228'}
[E=13/40, S=23600] {'wandb': 'ReFT_small|gsm8k_python_sdp_galactica_125m_08', 'lr': '1.5093e-05', 'T.loss': '0.022156', 'Eval.Gen.value_accuracy_best': '21.228'}
[E=13/40, S=23610] {'wandb': 'ReFT_small|gsm8k_python_sdp_galactica_125m_08', 'lr': '1.509e-05', 'T.loss': '0.031067', 'Eval.Gen.value_accuracy_best': '21.228'}
[E=13/40, S=23620] {'wandb': 'ReFT_small|gsm8k_python_sdp_galactica_125m_08', 'lr': '1.5087e-05', 'T.loss': '0.015247', 'Eval.Gen.value_accuracy_best': '21.228'}
[E=13/40, S=23630] {'wandb': 'ReFT_small|gsm8k_python_sdp_galactica_125m_08', 'lr': '1.5084e-05', 'T.loss': '0.018103', 'Eval.Gen.value_accuracy_best': '21.228'}
[E=13/40, S=23640] {'wandb': 'ReFT_small|gsm8k_python_sdp_galactica_125m_08', 'lr': '1.5081e-05', 'T.loss': '0.02596', 'Eval.Gen.value_accuracy_best': '21.228'}
[E=13/40, S=23650] {'wandb': 'ReFT_small|gsm8k_python_sdp_galactica_125m_08', 'lr': '1.5078e-05', 'T.loss': '0.024834', 'Eval.Gen.value_accuracy_best': '21.228'}
[E=13/40, S=23660] {'wandb': 'ReFT_small|gsm8k_python_sdp_galactica_125m_08', 'lr': '1.5075e-05', 'T.loss': '0.020897', 'Eval.Gen.value_accuracy_best': '21.228'}
[E=13/40, S=23670] {'wandb': 'ReFT_small|gsm8k_python_sdp_galactica_125m_08', 'lr': '1.5072e-05', 'T.loss': '0.028633', 'Eval.Gen.value_accuracy_best': '21.228'}
[E=13/40, S=23680] {'wandb': 'ReFT_small|gsm8k_python_sdp_galactica_125m_08', 'lr': '1.5069e-05', 'T.loss': '0.02317', 'Eval.Gen.value_accuracy_best': '21.228'}
[E=13/40, S=23690] {'wandb': 'ReFT_small|gsm8k_python_sdp_galactica_125m_08', 'lr': '1.5066e-05', 'T.loss': '0.032249', 'Eval.Gen.value_accuracy_best': '21.228'}
[E=13/40, S=23700] {'wandb': 'ReFT_small|gsm8k_python_sdp_galactica_125m_08', 'lr': '1.5063e-05', 'T.loss': '0.013058', 'Eval.Gen.value_accuracy_best': '21.228'}
[E=13/40, S=23710] {'wandb': 'ReFT_small|gsm8k_python_sdp_galactica_125m_08', 'lr': '1.506e-05', 'T.loss': '0.024178', 'Eval.Gen.value_accuracy_best': '21.228'}
[E=13/40, S=23720] {'wandb': 'ReFT_small|gsm8k_python_sdp_galactica_125m_08', 'lr': '1.5056e-05', 'T.loss': '0.019577', 'Eval.Gen.value_accuracy_best': '21.228'}
[E=13/40, S=23730] {'wandb': 'ReFT_small|gsm8k_python_sdp_galactica_125m_08', 'lr': '1.5053e-05', 'T.loss': '0.049301', 'Eval.Gen.value_accuracy_best': '21.228'}
[E=13/40, S=23740] {'wandb': 'ReFT_small|gsm8k_python_sdp_galactica_125m_08', 'lr': '1.505e-05', 'T.loss': '0.043564', 'Eval.Gen.value_accuracy_best': '21.228'}
[E=13/40, S=23750] {'wandb': 'ReFT_small|gsm8k_python_sdp_galactica_125m_08', 'lr': '1.5047e-05', 'T.loss': '0.029968', 'Eval.Gen.value_accuracy_best': '21.228'}
[E=13/40, S=23760] {'wandb': 'ReFT_small|gsm8k_python_sdp_galactica_125m_08', 'lr': '1.5044e-05', 'T.loss': '0.031372', 'Eval.Gen.value_accuracy_best': '21.228'}
[E=13/40, S=23770] {'wandb': 'ReFT_small|gsm8k_python_sdp_galactica_125m_08', 'lr': '1.5041e-05', 'T.loss': '0.025131', 'Eval.Gen.value_accuracy_best': '21.228'}
[E=13/40, S=23780] {'wandb': 'ReFT_small|gsm8k_python_sdp_galactica_125m_08', 'lr': '1.5038e-05', 'T.loss': '0.038605', 'Eval.Gen.value_accuracy_best': '21.228'}
[E=13/40, S=23790] {'wandb': 'ReFT_small|gsm8k_python_sdp_galactica_125m_08', 'lr': '1.5035e-05', 'T.loss': '0.020767', 'Eval.Gen.value_accuracy_best': '21.228'}
[E=13/40, S=23800] {'wandb': 'ReFT_small|gsm8k_python_sdp_galactica_125m_08', 'lr': '1.5032e-05', 'T.loss': '0.028877', 'Eval.Gen.value_accuracy_best': '21.228'}
[E=13/40, S=23810] {'wandb': 'ReFT_small|gsm8k_python_sdp_galactica_125m_08', 'lr': '1.5029e-05', 'T.loss': '0.038437', 'Eval.Gen.value_accuracy_best': '21.228'}
[E=13/40, S=23820] {'wandb': 'ReFT_small|gsm8k_python_sdp_galactica_125m_08', 'lr': '1.5026e-05', 'T.loss': '0.014828', 'Eval.Gen.value_accuracy_best': '21.228'}
[E=13/40, S=23830] {'wandb': 'ReFT_small|gsm8k_python_sdp_galactica_125m_08', 'lr': '1.5023e-05', 'T.loss': '0.024239', 'Eval.Gen.value_accuracy_best': '21.228'}
[E=13/40, S=23840] {'wandb': 'ReFT_small|gsm8k_python_sdp_galactica_125m_08', 'lr': '1.502e-05', 'T.loss': '0.024368', 'Eval.Gen.value_accuracy_best': '21.228'}
[E=13/40, S=23850] {'wandb': 'ReFT_small|gsm8k_python_sdp_galactica_125m_08', 'lr': '1.5017e-05', 'T.loss': '0.025383', 'Eval.Gen.value_accuracy_best': '21.228'}
[E=13/40, S=23860] {'wandb': 'ReFT_small|gsm8k_python_sdp_galactica_125m_08', 'lr': '1.5014e-05', 'T.loss': '0.01413', 'Eval.Gen.value_accuracy_best': '21.228'}
[E=13/40, S=23870] {'wandb': 'ReFT_small|gsm8k_python_sdp_galactica_125m_08', 'lr': '1.5011e-05', 'T.loss': '0.012287', 'Eval.Gen.value_accuracy_best': '21.228'}
[E=13/40, S=23880] {'wandb': 'ReFT_small|gsm8k_python_sdp_galactica_125m_08', 'lr': '1.5008e-05', 'T.loss': '0.035648', 'Eval.Gen.value_accuracy_best': '21.228'}
[E=13/40, S=23890] {'wandb': 'ReFT_small|gsm8k_python_sdp_galactica_125m_08', 'lr': '1.5005e-05', 'T.loss': '0.027222', 'Eval.Gen.value_accuracy_best': '21.228'}
[E=13/40, S=23900] {'wandb': 'ReFT_small|gsm8k_python_sdp_galactica_125m_08', 'lr': '1.5002e-05', 'T.loss': '0.024864', 'Eval.Gen.value_accuracy_best': '21.228'}
('Task timeout', 10)
local variable 'vacuum_cleaners_sold_green' referenced before assignment
unmatched ')' (<string>, line 10)
unindent does not match any outer indentation level (<string>, line 6)
name 'pineapple_drink_initial' is not defined
name 'apples_packs' is not defined
name 'rayon_jewels' is not defined
name 'dana_time' is not defined
name 'comics_removed' is not defined
name 'truck_weight' is not defined
name 'days_rest' is not defined
unterminated triple-quoted string literal (detected at line 17) (<string>, line 8)
invalid syntax (<string>, line 8)
local variable 'friend_4_press' referenced before assignment
invalid syntax (<string>, line 7)
name 'adrien_salary_increase' is not defined
local variable 'stamps_needed' referenced before assignment
local variable 'num_days_in_semester_total' referenced before assignment
invalid syntax (<string>, line 6)
name 'action_car_cost' is not defined
name 'morgage_minutes' is not defined
local variable 'white_carnations' referenced before assignment
name 'rat_straw_per_hamster' is not defined
invalid syntax (<string>, line 10)
unmatched ')' (<string>, line 8)
local variable 'balance_after_interest' referenced before assignment
name 'grass_type_lost' is not defined
local variable 'entrances_c' referenced before assignment
name 'calories_monday' is not defined
name 'redwood_wood_section_length' is not defined
local variable 'cards_with_letter_c' referenced before assignment
local variable 'total_gemstones' referenced before assignment
name 'dumbbell_presses_day1' is not defined
name 'crates_remaining' is not defined
local variable 'books_sold_first_year' referenced before assignment
name 'sandy_weight_loss_pounds' is not defined
local variable 'women_left' referenced before assignment
local variable 'junior_programmer_count' referenced before assignment
name 'job_b_hours' is not defined
name 'shares_total' is not defined
invalid syntax (<string>, line 5)
name 'chicken' is not defined
name 'money_initial' is not defined
name 'go_karts_rides' is not defined
name 'shoplifters' is not defined
unmatched ')' (<string>, line 13)
invalid syntax (<string>, line 8)
name 'pupters_initial' is not defined
name 'cookies_initial' is not defined
invalid syntax (<string>, line 5)
name 'num_zebras' is not defined
invalid syntax (<string>, line 11)
name 'seashell_total_price' is not defined
name 'minibussy_capacity' is not defined
name 'guests_with_three_hotdogs' is not defined
integer division or modulo by zero
local variable 'final_temp' referenced before assignment
name 'sneakers_profit' is not defined
name 'dog_spotted_total' is not defined
name 'sugar_quantity' is not defined
name 'becky_total' is not defined
name 'pillow_cases_per_room' is not defined
invalid syntax (<string>, line 6)
name 'minutes_per_day' is not defined
name 'oranges_per_pie_needed' is not defined
name 'hours_per_day' is not defined
name 'ophelia_chairs' is not defined
local variable 'shells_brought_by_girls' referenced before assignment
name 'apple_cost' is not defined
local variable 'total_cost_total' referenced before assignment
invalid decimal literal (<string>, line 8)
local variable 'carpet_area' referenced before assignment
name 'less_than_percent' is not defined
name 'saturday_saturday_jill' is not defined
name 'miles_per_mile' is not defined
invalid syntax (<string>, line 9)
invalid syntax (<string>, line 5)
name 'profit' is not defined
invalid syntax (<string>, line 6)
local variable 'dress_pants_cost' referenced before assignment
name 'pomegranates_price_initial' is not defined
local variable 'sheep_legs' referenced before assignment
name 'total_cost_with_total' is not defined
invalid syntax (<string>, line 10)
name 'aurelia_dollars' is not defined
name 'bad_days_after' is not defined
invalid syntax (<string>, line 7)
name 'apple_cost' is not defined
local variable 'twins_age' referenced before assignment
name 'candy_cost' is not defined
name 'total_snacks' is not defined
invalid syntax (<string>, line 5)
local variable 'money_spent' referenced before assignment
local variable 'rice_given_brother' referenced before assignment
name 'people_remaining' is not defined
name 'smores_needed' is not defined
name 'boris_apples_after' is not defined
name 'size_medium' is not defined
local variable 'people_people_big_12' referenced before assignment
local variable 'money_used' referenced before assignment
unmatched ')' (<string>, line 7)
name 'distance_to_work' is not defined
name 'total_eggplant_plants' is not defined
local variable 'people_on_2' referenced before assignment
unindent does not match any outer indentation level (<string>, line 5)
name 'trees_per_plant' is not defined
'(' was never closed (<string>, line 6)
name 'flowers_initial' is not defined
name 'marshmallows_per_kid' is not defined
name 'salt' is not defined
name 'kagiyami_climb' is not defined
name 'jack_socks_total' is not defined
local variable 'pizza_pieces_eaten_third_day' referenced before assignment
name 'True_multiple_choice' is not defined
name 'money_price' is not defined
unindent does not match any outer indentation level (<string>, line 8)
local variable 'small_mask_cost' referenced before assignment
local variable 'blue_shoebox_count' referenced before assignment
name 'joseph_books_lost' is not defined
local variable 'yellow_balloons' referenced before assignment
name 'zoey_seeds' is not defined
local variable 'cost_saved' referenced before assignment
invalid syntax (<string>, line 9)
invalid syntax (<string>, line 6)
name 'spoons_spent' is not defined
invalid syntax (<string>, line 5)
unmatched ')' (<string>, line 9)
name 'robert_jerry_cherries' is not defined
name 'gingerbread_saturday' is not defined
name 'flowers_used' is not defined
name 'sunflower_weight' is not defined
name 'room_temp' is not defined
local variable 'Igneous_time' referenced before assignment
name 'neighbors_donation' is not defined
invalid syntax (<string>, line 8)
name 'plums_cost' is not defined
name 'packs_per_pack' is not defined
invalid syntax (<string>, line 5)
name 'pencils' is not defined
name 'jobs_size' is not defined
name 'kilometers_remaining' is not defined
name 'athletic_coupon' is not defined
local variable 'total_loads' referenced before assignment
name 'test_3' is not defined
name 'meatballs_initial' is not defined
name 'total_lorries' is not defined
local variable 'bananas_eaten_third' referenced before assignment
local variable 'bike_sold' referenced before assignment
invalid syntax (<string>, line 8)
local variable 'jellyfish_total' referenced before assignment
local variable 'students_increase' referenced before assignment
name 'planks_cost' is not defined
local variable 'passengers_total' referenced before assignment
name 'hours_traveled_3_hours' is not defined
local variable 'carrey_seashells' referenced before assignment
local variable 'total_sale' referenced before assignment
name 'juice_per_day' is not defined
local variable 'total_dress' referenced before assignment
name 'tax_reports_total' is not defined
name 'hair_cost' is not defined
name 'employee_cost' is not defined
invalid syntax (<string>, line 5)
invalid syntax (<string>, line 7)
name 'points_per_group' is not defined
invalid syntax (<string>, line 6)
name 'kim_paintings' is not defined
name 'veteran_total_cost' is not defined
name 'minutes_per_day' is not defined
local variable 'plants_per_cup' referenced before assignment
name 'blouses_cost' is not defined
name 'popping_rate_total' is not defined
name 'total_blocks' is not defined
name 'money_cost_total' is not defined
invalid syntax (<string>, line 5)
invalid syntax (<string>, line 7)
name 'oatmeal_cookies_eaten_snack' is not defined
invalid syntax (<string>, line 6)
unindent does not match any outer indentation level (<string>, line 5)
[Eval Info] value_accuracy: 22.745%
[E=13/40, S=23907] {'wandb': 'ReFT_small|gsm8k_python_sdp_galactica_125m_08', 'lr': '1.5e-05', 'T.loss': '0.0271', 'Eval.Gen.value_accuracy': '22.745', 'Eval.Gen.value_accuracy_best': '22.745'}
[E=14/40, S=23910] {'wandb': 'ReFT_small|gsm8k_python_sdp_galactica_125m_08', 'lr': '1.4999e-05', 'T.loss': '0.021461', 'Eval.Gen.value_accuracy_best': '22.745'}
[E=14/40, S=23920] {'wandb': 'ReFT_small|gsm8k_python_sdp_galactica_125m_08', 'lr': '1.4996e-05', 'T.loss': '0.01791', 'Eval.Gen.value_accuracy_best': '22.745'}
[E=14/40, S=23930] {'wandb': 'ReFT_small|gsm8k_python_sdp_galactica_125m_08', 'lr': '1.4993e-05', 'T.loss': '0.016983', 'Eval.Gen.value_accuracy_best': '22.745'}
[E=14/40, S=23940] {'wandb': 'ReFT_small|gsm8k_python_sdp_galactica_125m_08', 'lr': '1.499e-05', 'T.loss': '0.014271', 'Eval.Gen.value_accuracy_best': '22.745'}
[E=14/40, S=23950] {'wandb': 'ReFT_small|gsm8k_python_sdp_galactica_125m_08', 'lr': '1.4987e-05', 'T.loss': '0.01264', 'Eval.Gen.value_accuracy_best': '22.745'}
[E=14/40, S=23960] {'wandb': 'ReFT_small|gsm8k_python_sdp_galactica_125m_08', 'lr': '1.4984e-05', 'T.loss': '0.014896', 'Eval.Gen.value_accuracy_best': '22.745'}
[E=14/40, S=23970] {'wandb': 'ReFT_small|gsm8k_python_sdp_galactica_125m_08', 'lr': '1.4981e-05', 'T.loss': '0.019737', 'Eval.Gen.value_accuracy_best': '22.745'}
[E=14/40, S=23980] {'wandb': 'ReFT_small|gsm8k_python_sdp_galactica_125m_08', 'lr': '1.4978e-05', 'T.loss': '0.023249', 'Eval.Gen.value_accuracy_best': '22.745'}
[E=14/40, S=23990] {'wandb': 'ReFT_small|gsm8k_python_sdp_galactica_125m_08', 'lr': '1.4975e-05', 'T.loss': '0.0069656', 'Eval.Gen.value_accuracy_best': '22.745'}
[E=14/40, S=24000] {'wandb': 'ReFT_small|gsm8k_python_sdp_galactica_125m_08', 'lr': '1.4972e-05', 'T.loss': '0.03038', 'Eval.Gen.value_accuracy_best': '22.745'}
[E=14/40, S=24010] {'wandb': 'ReFT_small|gsm8k_python_sdp_galactica_125m_08', 'lr': '1.4969e-05', 'T.loss': '0.0057621', 'Eval.Gen.value_accuracy_best': '22.745'}
[E=14/40, S=24020] {'wandb': 'ReFT_small|gsm8k_python_sdp_galactica_125m_08', 'lr': '1.4966e-05', 'T.loss': '0.021751', 'Eval.Gen.value_accuracy_best': '22.745'}
[E=14/40, S=24030] {'wandb': 'ReFT_small|gsm8k_python_sdp_galactica_125m_08', 'lr': '1.4963e-05', 'T.loss': '0.012928', 'Eval.Gen.value_accuracy_best': '22.745'}
[E=14/40, S=24040] {'wandb': 'ReFT_small|gsm8k_python_sdp_galactica_125m_08', 'lr': '1.496e-05', 'T.loss': '0.0059814', 'Eval.Gen.value_accuracy_best': '22.745'}
[E=14/40, S=24050] {'wandb': 'ReFT_small|gsm8k_python_sdp_galactica_125m_08', 'lr': '1.4957e-05', 'T.loss': '0.020554', 'Eval.Gen.value_accuracy_best': '22.745'}
[E=14/40, S=24060] {'wandb': 'ReFT_small|gsm8k_python_sdp_galactica_125m_08', 'lr': '1.4954e-05', 'T.loss': '0.021404', 'Eval.Gen.value_accuracy_best': '22.745'}
[E=14/40, S=24070] {'wandb': 'ReFT_small|gsm8k_python_sdp_galactica_125m_08', 'lr': '1.4951e-05', 'T.loss': '0.032837', 'Eval.Gen.value_accuracy_best': '22.745'}
[E=14/40, S=24080] {'wandb': 'ReFT_small|gsm8k_python_sdp_galactica_125m_08', 'lr': '1.4948e-05', 'T.loss': '0.010471', 'Eval.Gen.value_accuracy_best': '22.745'}
[E=14/40, S=24090] {'wandb': 'ReFT_small|gsm8k_python_sdp_galactica_125m_08', 'lr': '1.4945e-05', 'T.loss': '0.013561', 'Eval.Gen.value_accuracy_best': '22.745'}
[E=14/40, S=24100] {'wandb': 'ReFT_small|gsm8k_python_sdp_galactica_125m_08', 'lr': '1.4942e-05', 'T.loss': '0.024765', 'Eval.Gen.value_accuracy_best': '22.745'}
[E=14/40, S=24110] {'wandb': 'ReFT_small|gsm8k_python_sdp_galactica_125m_08', 'lr': '1.4939e-05', 'T.loss': '0.012018', 'Eval.Gen.value_accuracy_best': '22.745'}
[E=14/40, S=24120] {'wandb': 'ReFT_small|gsm8k_python_sdp_galactica_125m_08', 'lr': '1.4936e-05', 'T.loss': '0.030197', 'Eval.Gen.value_accuracy_best': '22.745'}
[E=14/40, S=24130] {'wandb': 'ReFT_small|gsm8k_python_sdp_galactica_125m_08', 'lr': '1.4933e-05', 'T.loss': '0.025616', 'Eval.Gen.value_accuracy_best': '22.745'}
[E=14/40, S=24140] {'wandb': 'ReFT_small|gsm8k_python_sdp_galactica_125m_08', 'lr': '1.493e-05', 'T.loss': '0.017731', 'Eval.Gen.value_accuracy_best': '22.745'}
[E=14/40, S=24150] {'wandb': 'ReFT_small|gsm8k_python_sdp_galactica_125m_08', 'lr': '1.4927e-05', 'T.loss': '0.036324', 'Eval.Gen.value_accuracy_best': '22.745'}
[E=14/40, S=24160] {'wandb': 'ReFT_small|gsm8k_python_sdp_galactica_125m_08', 'lr': '1.4924e-05', 'T.loss': '0.01709', 'Eval.Gen.value_accuracy_best': '22.745'}
[E=14/40, S=24170] {'wandb': 'ReFT_small|gsm8k_python_sdp_galactica_125m_08', 'lr': '1.4921e-05', 'T.loss': '0.024391', 'Eval.Gen.value_accuracy_best': '22.745'}
[E=14/40, S=24180] {'wandb': 'ReFT_small|gsm8k_python_sdp_galactica_125m_08', 'lr': '1.4918e-05', 'T.loss': '0.019501', 'Eval.Gen.value_accuracy_best': '22.745'}
[E=14/40, S=24190] {'wandb': 'ReFT_small|gsm8k_python_sdp_galactica_125m_08', 'lr': '1.4915e-05', 'T.loss': '0.022381', 'Eval.Gen.value_accuracy_best': '22.745'}
[E=14/40, S=24200] {'wandb': 'ReFT_small|gsm8k_python_sdp_galactica_125m_08', 'lr': '1.4911e-05', 'T.loss': '0.013863', 'Eval.Gen.value_accuracy_best': '22.745'}
[E=14/40, S=24210] {'wandb': 'ReFT_small|gsm8k_python_sdp_galactica_125m_08', 'lr': '1.4908e-05', 'T.loss': '0.027779', 'Eval.Gen.value_accuracy_best': '22.745'}
[E=14/40, S=24220] {'wandb': 'ReFT_small|gsm8k_python_sdp_galactica_125m_08', 'lr': '1.4905e-05', 'T.loss': '0.012856', 'Eval.Gen.value_accuracy_best': '22.745'}
[E=14/40, S=24230] {'wandb': 'ReFT_small|gsm8k_python_sdp_galactica_125m_08', 'lr': '1.4902e-05', 'T.loss': '0.015759', 'Eval.Gen.value_accuracy_best': '22.745'}
[E=14/40, S=24240] {'wandb': 'ReFT_small|gsm8k_python_sdp_galactica_125m_08', 'lr': '1.4899e-05', 'T.loss': '0.0083275', 'Eval.Gen.value_accuracy_best': '22.745'}
[E=14/40, S=24250] {'wandb': 'ReFT_small|gsm8k_python_sdp_galactica_125m_08', 'lr': '1.4896e-05', 'T.loss': '0.015041', 'Eval.Gen.value_accuracy_best': '22.745'}
[E=14/40, S=24260] {'wandb': 'ReFT_small|gsm8k_python_sdp_galactica_125m_08', 'lr': '1.4893e-05', 'T.loss': '0.016336', 'Eval.Gen.value_accuracy_best': '22.745'}
[E=14/40, S=24270] {'wandb': 'ReFT_small|gsm8k_python_sdp_galactica_125m_08', 'lr': '1.489e-05', 'T.loss': '0.023781', 'Eval.Gen.value_accuracy_best': '22.745'}
[E=14/40, S=24280] {'wandb': 'ReFT_small|gsm8k_python_sdp_galactica_125m_08', 'lr': '1.4887e-05', 'T.loss': '0.012154', 'Eval.Gen.value_accuracy_best': '22.745'}
[E=14/40, S=24290] {'wandb': 'ReFT_small|gsm8k_python_sdp_galactica_125m_08', 'lr': '1.4884e-05', 'T.loss': '0.047195', 'Eval.Gen.value_accuracy_best': '22.745'}
[E=14/40, S=24300] {'wandb': 'ReFT_small|gsm8k_python_sdp_galactica_125m_08', 'lr': '1.4881e-05', 'T.loss': '0.0089931', 'Eval.Gen.value_accuracy_best': '22.745'}
[E=14/40, S=24310] {'wandb': 'ReFT_small|gsm8k_python_sdp_galactica_125m_08', 'lr': '1.4878e-05', 'T.loss': '0.025063', 'Eval.Gen.value_accuracy_best': '22.745'}
[E=14/40, S=24320] {'wandb': 'ReFT_small|gsm8k_python_sdp_galactica_125m_08', 'lr': '1.4875e-05', 'T.loss': '0.020599', 'Eval.Gen.value_accuracy_best': '22.745'}
[E=14/40, S=24330] {'wandb': 'ReFT_small|gsm8k_python_sdp_galactica_125m_08', 'lr': '1.4872e-05', 'T.loss': '0.016636', 'Eval.Gen.value_accuracy_best': '22.745'}
[E=14/40, S=24340] {'wandb': 'ReFT_small|gsm8k_python_sdp_galactica_125m_08', 'lr': '1.4869e-05', 'T.loss': '0.019157', 'Eval.Gen.value_accuracy_best': '22.745'}
[E=14/40, S=24350] {'wandb': 'ReFT_small|gsm8k_python_sdp_galactica_125m_08', 'lr': '1.4866e-05', 'T.loss': '0.026535', 'Eval.Gen.value_accuracy_best': '22.745'}
[E=14/40, S=24360] {'wandb': 'ReFT_small|gsm8k_python_sdp_galactica_125m_08', 'lr': '1.4863e-05', 'T.loss': '0.010792', 'Eval.Gen.value_accuracy_best': '22.745'}
[E=14/40, S=24370] {'wandb': 'ReFT_small|gsm8k_python_sdp_galactica_125m_08', 'lr': '1.486e-05', 'T.loss': '0.014706', 'Eval.Gen.value_accuracy_best': '22.745'}
[E=14/40, S=24380] {'wandb': 'ReFT_small|gsm8k_python_sdp_galactica_125m_08', 'lr': '1.4857e-05', 'T.loss': '0.018398', 'Eval.Gen.value_accuracy_best': '22.745'}
[E=14/40, S=24390] {'wandb': 'ReFT_small|gsm8k_python_sdp_galactica_125m_08', 'lr': '1.4854e-05', 'T.loss': '0.0072918', 'Eval.Gen.value_accuracy_best': '22.745'}
[E=14/40, S=24400] {'wandb': 'ReFT_small|gsm8k_python_sdp_galactica_125m_08', 'lr': '1.4851e-05', 'T.loss': '0.016308', 'Eval.Gen.value_accuracy_best': '22.745'}
[E=14/40, S=24410] {'wandb': 'ReFT_small|gsm8k_python_sdp_galactica_125m_08', 'lr': '1.4848e-05', 'T.loss': '0.011101', 'Eval.Gen.value_accuracy_best': '22.745'}
[E=14/40, S=24420] {'wandb': 'ReFT_small|gsm8k_python_sdp_galactica_125m_08', 'lr': '1.4845e-05', 'T.loss': '0.013153', 'Eval.Gen.value_accuracy_best': '22.745'}
[E=14/40, S=24430] {'wandb': 'ReFT_small|gsm8k_python_sdp_galactica_125m_08', 'lr': '1.4842e-05', 'T.loss': '0.02198', 'Eval.Gen.value_accuracy_best': '22.745'}
[E=14/40, S=24440] {'wandb': 'ReFT_small|gsm8k_python_sdp_galactica_125m_08', 'lr': '1.4839e-05', 'T.loss': '0.02459', 'Eval.Gen.value_accuracy_best': '22.745'}
[E=14/40, S=24450] {'wandb': 'ReFT_small|gsm8k_python_sdp_galactica_125m_08', 'lr': '1.4836e-05', 'T.loss': '0.032166', 'Eval.Gen.value_accuracy_best': '22.745'}
[E=14/40, S=24460] {'wandb': 'ReFT_small|gsm8k_python_sdp_galactica_125m_08', 'lr': '1.4833e-05', 'T.loss': '0.024544', 'Eval.Gen.value_accuracy_best': '22.745'}
[E=14/40, S=24470] {'wandb': 'ReFT_small|gsm8k_python_sdp_galactica_125m_08', 'lr': '1.483e-05', 'T.loss': '0.014423', 'Eval.Gen.value_accuracy_best': '22.745'}
[E=14/40, S=24480] {'wandb': 'ReFT_small|gsm8k_python_sdp_galactica_125m_08', 'lr': '1.4827e-05', 'T.loss': '0.02565', 'Eval.Gen.value_accuracy_best': '22.745'}
[E=14/40, S=24490] {'wandb': 'ReFT_small|gsm8k_python_sdp_galactica_125m_08', 'lr': '1.4824e-05', 'T.loss': '0.028679', 'Eval.Gen.value_accuracy_best': '22.745'}
[E=14/40, S=24500] {'wandb': 'ReFT_small|gsm8k_python_sdp_galactica_125m_08', 'lr': '1.4821e-05', 'T.loss': '0.01495', 'Eval.Gen.value_accuracy_best': '22.745'}
[E=14/40, S=24510] {'wandb': 'ReFT_small|gsm8k_python_sdp_galactica_125m_08', 'lr': '1.4818e-05', 'T.loss': '0.034176', 'Eval.Gen.value_accuracy_best': '22.745'}
[E=14/40, S=24520] {'wandb': 'ReFT_small|gsm8k_python_sdp_galactica_125m_08', 'lr': '1.4815e-05', 'T.loss': '0.024147', 'Eval.Gen.value_accuracy_best': '22.745'}
[E=14/40, S=24530] {'wandb': 'ReFT_small|gsm8k_python_sdp_galactica_125m_08', 'lr': '1.4812e-05', 'T.loss': '0.016621', 'Eval.Gen.value_accuracy_best': '22.745'}
[E=14/40, S=24540] {'wandb': 'ReFT_small|gsm8k_python_sdp_galactica_125m_08', 'lr': '1.4809e-05', 'T.loss': '0.020599', 'Eval.Gen.value_accuracy_best': '22.745'}
[2025-06-05 20:36:12,820] [INFO] [loss_scaler.py:183:update_scale] [deepspeed] OVERFLOW! Rank 0 Skipping step. Attempted loss scale: 65536, reducing to 32768
[E=14/40, S=24550] {'wandb': 'ReFT_small|gsm8k_python_sdp_galactica_125m_08', 'lr': '1.4806e-05', 'T.loss': '0.020836', 'Eval.Gen.value_accuracy_best': '22.745'}
[E=14/40, S=24560] {'wandb': 'ReFT_small|gsm8k_python_sdp_galactica_125m_08', 'lr': '1.4803e-05', 'T.loss': '0.028503', 'Eval.Gen.value_accuracy_best': '22.745'}
[E=14/40, S=24570] {'wandb': 'ReFT_small|gsm8k_python_sdp_galactica_125m_08', 'lr': '1.48e-05', 'T.loss': '0.01091', 'Eval.Gen.value_accuracy_best': '22.745'}
[E=14/40, S=24580] {'wandb': 'ReFT_small|gsm8k_python_sdp_galactica_125m_08', 'lr': '1.4797e-05', 'T.loss': '0.0090103', 'Eval.Gen.value_accuracy_best': '22.745'}
[E=14/40, S=24590] {'wandb': 'ReFT_small|gsm8k_python_sdp_galactica_125m_08', 'lr': '1.4794e-05', 'T.loss': '0.011887', 'Eval.Gen.value_accuracy_best': '22.745'}
[E=14/40, S=24600] {'wandb': 'ReFT_small|gsm8k_python_sdp_galactica_125m_08', 'lr': '1.4791e-05', 'T.loss': '0.024967', 'Eval.Gen.value_accuracy_best': '22.745'}
[E=14/40, S=24610] {'wandb': 'ReFT_small|gsm8k_python_sdp_galactica_125m_08', 'lr': '1.4788e-05', 'T.loss': '0.029625', 'Eval.Gen.value_accuracy_best': '22.745'}
[E=14/40, S=24620] {'wandb': 'ReFT_small|gsm8k_python_sdp_galactica_125m_08', 'lr': '1.4785e-05', 'T.loss': '0.01886', 'Eval.Gen.value_accuracy_best': '22.745'}
[E=14/40, S=24630] {'wandb': 'ReFT_small|gsm8k_python_sdp_galactica_125m_08', 'lr': '1.4782e-05', 'T.loss': '0.021118', 'Eval.Gen.value_accuracy_best': '22.745'}
[E=14/40, S=24640] {'wandb': 'ReFT_small|gsm8k_python_sdp_galactica_125m_08', 'lr': '1.4779e-05', 'T.loss': '0.014278', 'Eval.Gen.value_accuracy_best': '22.745'}
[E=14/40, S=24650] {'wandb': 'ReFT_small|gsm8k_python_sdp_galactica_125m_08', 'lr': '1.4776e-05', 'T.loss': '0.019539', 'Eval.Gen.value_accuracy_best': '22.745'}
[E=14/40, S=24660] {'wandb': 'ReFT_small|gsm8k_python_sdp_galactica_125m_08', 'lr': '1.4773e-05', 'T.loss': '0.011463', 'Eval.Gen.value_accuracy_best': '22.745'}
[E=14/40, S=24670] {'wandb': 'ReFT_small|gsm8k_python_sdp_galactica_125m_08', 'lr': '1.477e-05', 'T.loss': '0.026779', 'Eval.Gen.value_accuracy_best': '22.745'}
[E=14/40, S=24680] {'wandb': 'ReFT_small|gsm8k_python_sdp_galactica_125m_08', 'lr': '1.4766e-05', 'T.loss': '0.015049', 'Eval.Gen.value_accuracy_best': '22.745'}
[E=14/40, S=24690] {'wandb': 'ReFT_small|gsm8k_python_sdp_galactica_125m_08', 'lr': '1.4763e-05', 'T.loss': '0.021278', 'Eval.Gen.value_accuracy_best': '22.745'}
[E=14/40, S=24700] {'wandb': 'ReFT_small|gsm8k_python_sdp_galactica_125m_08', 'lr': '1.476e-05', 'T.loss': '0.027321', 'Eval.Gen.value_accuracy_best': '22.745'}
[E=14/40, S=24710] {'wandb': 'ReFT_small|gsm8k_python_sdp_galactica_125m_08', 'lr': '1.4757e-05', 'T.loss': '0.015344', 'Eval.Gen.value_accuracy_best': '22.745'}
[E=14/40, S=24720] {'wandb': 'ReFT_small|gsm8k_python_sdp_galactica_125m_08', 'lr': '1.4754e-05', 'T.loss': '0.0082264', 'Eval.Gen.value_accuracy_best': '22.745'}
[E=14/40, S=24730] {'wandb': 'ReFT_small|gsm8k_python_sdp_galactica_125m_08', 'lr': '1.4751e-05', 'T.loss': '0.024689', 'Eval.Gen.value_accuracy_best': '22.745'}
[E=14/40, S=24740] {'wandb': 'ReFT_small|gsm8k_python_sdp_galactica_125m_08', 'lr': '1.4748e-05', 'T.loss': '0.012978', 'Eval.Gen.value_accuracy_best': '22.745'}
[E=14/40, S=24750] {'wandb': 'ReFT_small|gsm8k_python_sdp_galactica_125m_08', 'lr': '1.4745e-05', 'T.loss': '0.015587', 'Eval.Gen.value_accuracy_best': '22.745'}
[E=14/40, S=24760] {'wandb': 'ReFT_small|gsm8k_python_sdp_galactica_125m_08', 'lr': '1.4742e-05', 'T.loss': '0.02282', 'Eval.Gen.value_accuracy_best': '22.745'}
[E=14/40, S=24770] {'wandb': 'ReFT_small|gsm8k_python_sdp_galactica_125m_08', 'lr': '1.4739e-05', 'T.loss': '0.012993', 'Eval.Gen.value_accuracy_best': '22.745'}
[E=14/40, S=24780] {'wandb': 'ReFT_small|gsm8k_python_sdp_galactica_125m_08', 'lr': '1.4736e-05', 'T.loss': '0.020599', 'Eval.Gen.value_accuracy_best': '22.745'}
[E=14/40, S=24790] {'wandb': 'ReFT_small|gsm8k_python_sdp_galactica_125m_08', 'lr': '1.4733e-05', 'T.loss': '0.015169', 'Eval.Gen.value_accuracy_best': '22.745'}
[E=14/40, S=24800] {'wandb': 'ReFT_small|gsm8k_python_sdp_galactica_125m_08', 'lr': '1.473e-05', 'T.loss': '0.011032', 'Eval.Gen.value_accuracy_best': '22.745'}
[E=14/40, S=24810] {'wandb': 'ReFT_small|gsm8k_python_sdp_galactica_125m_08', 'lr': '1.4727e-05', 'T.loss': '0.0090733', 'Eval.Gen.value_accuracy_best': '22.745'}
[E=14/40, S=24820] {'wandb': 'ReFT_small|gsm8k_python_sdp_galactica_125m_08', 'lr': '1.4724e-05', 'T.loss': '0.02766', 'Eval.Gen.value_accuracy_best': '22.745'}
[E=14/40, S=24830] {'wandb': 'ReFT_small|gsm8k_python_sdp_galactica_125m_08', 'lr': '1.4721e-05', 'T.loss': '0.013832', 'Eval.Gen.value_accuracy_best': '22.745'}
[E=14/40, S=24840] {'wandb': 'ReFT_small|gsm8k_python_sdp_galactica_125m_08', 'lr': '1.4718e-05', 'T.loss': '0.028488', 'Eval.Gen.value_accuracy_best': '22.745'}
[E=14/40, S=24850] {'wandb': 'ReFT_small|gsm8k_python_sdp_galactica_125m_08', 'lr': '1.4715e-05', 'T.loss': '0.022049', 'Eval.Gen.value_accuracy_best': '22.745'}
[E=14/40, S=24860] {'wandb': 'ReFT_small|gsm8k_python_sdp_galactica_125m_08', 'lr': '1.4712e-05', 'T.loss': '0.0097942', 'Eval.Gen.value_accuracy_best': '22.745'}
[E=14/40, S=24870] {'wandb': 'ReFT_small|gsm8k_python_sdp_galactica_125m_08', 'lr': '1.4709e-05', 'T.loss': '0.028587', 'Eval.Gen.value_accuracy_best': '22.745'}
[E=14/40, S=24880] {'wandb': 'ReFT_small|gsm8k_python_sdp_galactica_125m_08', 'lr': '1.4706e-05', 'T.loss': '0.016243', 'Eval.Gen.value_accuracy_best': '22.745'}
[E=14/40, S=24890] {'wandb': 'ReFT_small|gsm8k_python_sdp_galactica_125m_08', 'lr': '1.4703e-05', 'T.loss': '0.031296', 'Eval.Gen.value_accuracy_best': '22.745'}
[E=14/40, S=24900] {'wandb': 'ReFT_small|gsm8k_python_sdp_galactica_125m_08', 'lr': '1.47e-05', 'T.loss': '0.02916', 'Eval.Gen.value_accuracy_best': '22.745'}
[E=14/40, S=24910] {'wandb': 'ReFT_small|gsm8k_python_sdp_galactica_125m_08', 'lr': '1.4697e-05', 'T.loss': '0.018654', 'Eval.Gen.value_accuracy_best': '22.745'}
[E=14/40, S=24920] {'wandb': 'ReFT_small|gsm8k_python_sdp_galactica_125m_08', 'lr': '1.4694e-05', 'T.loss': '0.027496', 'Eval.Gen.value_accuracy_best': '22.745'}
[E=14/40, S=24930] {'wandb': 'ReFT_small|gsm8k_python_sdp_galactica_125m_08', 'lr': '1.4691e-05', 'T.loss': '0.021454', 'Eval.Gen.value_accuracy_best': '22.745'}
[E=14/40, S=24940] {'wandb': 'ReFT_small|gsm8k_python_sdp_galactica_125m_08', 'lr': '1.4688e-05', 'T.loss': '0.015217', 'Eval.Gen.value_accuracy_best': '22.745'}
[E=14/40, S=24950] {'wandb': 'ReFT_small|gsm8k_python_sdp_galactica_125m_08', 'lr': '1.4685e-05', 'T.loss': '0.029617', 'Eval.Gen.value_accuracy_best': '22.745'}
[E=14/40, S=24960] {'wandb': 'ReFT_small|gsm8k_python_sdp_galactica_125m_08', 'lr': '1.4682e-05', 'T.loss': '0.016182', 'Eval.Gen.value_accuracy_best': '22.745'}
[E=14/40, S=24970] {'wandb': 'ReFT_small|gsm8k_python_sdp_galactica_125m_08', 'lr': '1.4679e-05', 'T.loss': '0.019501', 'Eval.Gen.value_accuracy_best': '22.745'}
[E=14/40, S=24980] {'wandb': 'ReFT_small|gsm8k_python_sdp_galactica_125m_08', 'lr': '1.4676e-05', 'T.loss': '0.02713', 'Eval.Gen.value_accuracy_best': '22.745'}
[E=14/40, S=24990] {'wandb': 'ReFT_small|gsm8k_python_sdp_galactica_125m_08', 'lr': '1.4673e-05', 'T.loss': '0.017338', 'Eval.Gen.value_accuracy_best': '22.745'}
[E=14/40, S=25000] {'wandb': 'ReFT_small|gsm8k_python_sdp_galactica_125m_08', 'lr': '1.467e-05', 'T.loss': '0.023788', 'Eval.Gen.value_accuracy_best': '22.745'}
[E=14/40, S=25010] {'wandb': 'ReFT_small|gsm8k_python_sdp_galactica_125m_08', 'lr': '1.4667e-05', 'T.loss': '0.016136', 'Eval.Gen.value_accuracy_best': '22.745'}
[E=14/40, S=25020] {'wandb': 'ReFT_small|gsm8k_python_sdp_galactica_125m_08', 'lr': '1.4664e-05', 'T.loss': '0.012314', 'Eval.Gen.value_accuracy_best': '22.745'}
[E=14/40, S=25030] {'wandb': 'ReFT_small|gsm8k_python_sdp_galactica_125m_08', 'lr': '1.4661e-05', 'T.loss': '0.021912', 'Eval.Gen.value_accuracy_best': '22.745'}
[E=14/40, S=25040] {'wandb': 'ReFT_small|gsm8k_python_sdp_galactica_125m_08', 'lr': '1.4658e-05', 'T.loss': '0.019444', 'Eval.Gen.value_accuracy_best': '22.745'}
[E=14/40, S=25050] {'wandb': 'ReFT_small|gsm8k_python_sdp_galactica_125m_08', 'lr': '1.4655e-05', 'T.loss': '0.03772', 'Eval.Gen.value_accuracy_best': '22.745'}
[E=14/40, S=25060] {'wandb': 'ReFT_small|gsm8k_python_sdp_galactica_125m_08', 'lr': '1.4652e-05', 'T.loss': '0.020348', 'Eval.Gen.value_accuracy_best': '22.745'}
[E=14/40, S=25070] {'wandb': 'ReFT_small|gsm8k_python_sdp_galactica_125m_08', 'lr': '1.4649e-05', 'T.loss': '0.035583', 'Eval.Gen.value_accuracy_best': '22.745'}
[E=14/40, S=25080] {'wandb': 'ReFT_small|gsm8k_python_sdp_galactica_125m_08', 'lr': '1.4646e-05', 'T.loss': '0.036606', 'Eval.Gen.value_accuracy_best': '22.745'}
[E=14/40, S=25090] {'wandb': 'ReFT_small|gsm8k_python_sdp_galactica_125m_08', 'lr': '1.4643e-05', 'T.loss': '0.017223', 'Eval.Gen.value_accuracy_best': '22.745'}
[E=14/40, S=25100] {'wandb': 'ReFT_small|gsm8k_python_sdp_galactica_125m_08', 'lr': '1.464e-05', 'T.loss': '0.026768', 'Eval.Gen.value_accuracy_best': '22.745'}
[E=14/40, S=25110] {'wandb': 'ReFT_small|gsm8k_python_sdp_galactica_125m_08', 'lr': '1.4637e-05', 'T.loss': '0.01685', 'Eval.Gen.value_accuracy_best': '22.745'}
[E=14/40, S=25120] {'wandb': 'ReFT_small|gsm8k_python_sdp_galactica_125m_08', 'lr': '1.4634e-05', 'T.loss': '0.038467', 'Eval.Gen.value_accuracy_best': '22.745'}
[E=14/40, S=25130] {'wandb': 'ReFT_small|gsm8k_python_sdp_galactica_125m_08', 'lr': '1.4631e-05', 'T.loss': '0.024887', 'Eval.Gen.value_accuracy_best': '22.745'}
[E=14/40, S=25140] {'wandb': 'ReFT_small|gsm8k_python_sdp_galactica_125m_08', 'lr': '1.4628e-05', 'T.loss': '0.012985', 'Eval.Gen.value_accuracy_best': '22.745'}
[E=14/40, S=25150] {'wandb': 'ReFT_small|gsm8k_python_sdp_galactica_125m_08', 'lr': '1.4624e-05', 'T.loss': '0.016863', 'Eval.Gen.value_accuracy_best': '22.745'}
[E=14/40, S=25160] {'wandb': 'ReFT_small|gsm8k_python_sdp_galactica_125m_08', 'lr': '1.4621e-05', 'T.loss': '0.020212', 'Eval.Gen.value_accuracy_best': '22.745'}
[E=14/40, S=25170] {'wandb': 'ReFT_small|gsm8k_python_sdp_galactica_125m_08', 'lr': '1.4618e-05', 'T.loss': '0.019451', 'Eval.Gen.value_accuracy_best': '22.745'}
[E=14/40, S=25180] {'wandb': 'ReFT_small|gsm8k_python_sdp_galactica_125m_08', 'lr': '1.4615e-05', 'T.loss': '0.027542', 'Eval.Gen.value_accuracy_best': '22.745'}
[E=14/40, S=25190] {'wandb': 'ReFT_small|gsm8k_python_sdp_galactica_125m_08', 'lr': '1.4612e-05', 'T.loss': '0.027344', 'Eval.Gen.value_accuracy_best': '22.745'}
[E=14/40, S=25200] {'wandb': 'ReFT_small|gsm8k_python_sdp_galactica_125m_08', 'lr': '1.4609e-05', 'T.loss': '0.015442', 'Eval.Gen.value_accuracy_best': '22.745'}
[E=14/40, S=25210] {'wandb': 'ReFT_small|gsm8k_python_sdp_galactica_125m_08', 'lr': '1.4606e-05', 'T.loss': '0.01968', 'Eval.Gen.value_accuracy_best': '22.745'}
[E=14/40, S=25220] {'wandb': 'ReFT_small|gsm8k_python_sdp_galactica_125m_08', 'lr': '1.4603e-05', 'T.loss': '0.017921', 'Eval.Gen.value_accuracy_best': '22.745'}
[E=14/40, S=25230] {'wandb': 'ReFT_small|gsm8k_python_sdp_galactica_125m_08', 'lr': '1.46e-05', 'T.loss': '0.033638', 'Eval.Gen.value_accuracy_best': '22.745'}
[E=14/40, S=25240] {'wandb': 'ReFT_small|gsm8k_python_sdp_galactica_125m_08', 'lr': '1.4597e-05', 'T.loss': '0.020668', 'Eval.Gen.value_accuracy_best': '22.745'}
[E=14/40, S=25250] {'wandb': 'ReFT_small|gsm8k_python_sdp_galactica_125m_08', 'lr': '1.4594e-05', 'T.loss': '0.01907', 'Eval.Gen.value_accuracy_best': '22.745'}
[E=14/40, S=25260] {'wandb': 'ReFT_small|gsm8k_python_sdp_galactica_125m_08', 'lr': '1.4591e-05', 'T.loss': '0.035557', 'Eval.Gen.value_accuracy_best': '22.745'}
[E=14/40, S=25270] {'wandb': 'ReFT_small|gsm8k_python_sdp_galactica_125m_08', 'lr': '1.4588e-05', 'T.loss': '0.021713', 'Eval.Gen.value_accuracy_best': '22.745'}
[E=14/40, S=25280] {'wandb': 'ReFT_small|gsm8k_python_sdp_galactica_125m_08', 'lr': '1.4585e-05', 'T.loss': '0.023445', 'Eval.Gen.value_accuracy_best': '22.745'}
[E=14/40, S=25290] {'wandb': 'ReFT_small|gsm8k_python_sdp_galactica_125m_08', 'lr': '1.4582e-05', 'T.loss': '0.029869', 'Eval.Gen.value_accuracy_best': '22.745'}
[E=14/40, S=25300] {'wandb': 'ReFT_small|gsm8k_python_sdp_galactica_125m_08', 'lr': '1.4579e-05', 'T.loss': '0.01741', 'Eval.Gen.value_accuracy_best': '22.745'}
[E=14/40, S=25310] {'wandb': 'ReFT_small|gsm8k_python_sdp_galactica_125m_08', 'lr': '1.4576e-05', 'T.loss': '0.021614', 'Eval.Gen.value_accuracy_best': '22.745'}
[E=14/40, S=25320] {'wandb': 'ReFT_small|gsm8k_python_sdp_galactica_125m_08', 'lr': '1.4573e-05', 'T.loss': '0.015774', 'Eval.Gen.value_accuracy_best': '22.745'}
[E=14/40, S=25330] {'wandb': 'ReFT_small|gsm8k_python_sdp_galactica_125m_08', 'lr': '1.457e-05', 'T.loss': '0.012619', 'Eval.Gen.value_accuracy_best': '22.745'}
[E=14/40, S=25340] {'wandb': 'ReFT_small|gsm8k_python_sdp_galactica_125m_08', 'lr': '1.4567e-05', 'T.loss': '0.020119', 'Eval.Gen.value_accuracy_best': '22.745'}
[E=14/40, S=25350] {'wandb': 'ReFT_small|gsm8k_python_sdp_galactica_125m_08', 'lr': '1.4564e-05', 'T.loss': '0.02116', 'Eval.Gen.value_accuracy_best': '22.745'}
[E=14/40, S=25360] {'wandb': 'ReFT_small|gsm8k_python_sdp_galactica_125m_08', 'lr': '1.4561e-05', 'T.loss': '0.011467', 'Eval.Gen.value_accuracy_best': '22.745'}
[E=14/40, S=25370] {'wandb': 'ReFT_small|gsm8k_python_sdp_galactica_125m_08', 'lr': '1.4558e-05', 'T.loss': '0.039474', 'Eval.Gen.value_accuracy_best': '22.745'}
[E=14/40, S=25380] {'wandb': 'ReFT_small|gsm8k_python_sdp_galactica_125m_08', 'lr': '1.4555e-05', 'T.loss': '0.022255', 'Eval.Gen.value_accuracy_best': '22.745'}
[E=14/40, S=25390] {'wandb': 'ReFT_small|gsm8k_python_sdp_galactica_125m_08', 'lr': '1.4552e-05', 'T.loss': '0.019379', 'Eval.Gen.value_accuracy_best': '22.745'}
[E=14/40, S=25400] {'wandb': 'ReFT_small|gsm8k_python_sdp_galactica_125m_08', 'lr': '1.4549e-05', 'T.loss': '0.015959', 'Eval.Gen.value_accuracy_best': '22.745'}
[E=14/40, S=25410] {'wandb': 'ReFT_small|gsm8k_python_sdp_galactica_125m_08', 'lr': '1.4546e-05', 'T.loss': '0.033936', 'Eval.Gen.value_accuracy_best': '22.745'}
[E=14/40, S=25420] {'wandb': 'ReFT_small|gsm8k_python_sdp_galactica_125m_08', 'lr': '1.4543e-05', 'T.loss': '0.0095406', 'Eval.Gen.value_accuracy_best': '22.745'}
[E=14/40, S=25430] {'wandb': 'ReFT_small|gsm8k_python_sdp_galactica_125m_08', 'lr': '1.454e-05', 'T.loss': '0.016083', 'Eval.Gen.value_accuracy_best': '22.745'}
[E=14/40, S=25440] {'wandb': 'ReFT_small|gsm8k_python_sdp_galactica_125m_08', 'lr': '1.4537e-05', 'T.loss': '0.017262', 'Eval.Gen.value_accuracy_best': '22.745'}
[E=14/40, S=25450] {'wandb': 'ReFT_small|gsm8k_python_sdp_galactica_125m_08', 'lr': '1.4534e-05', 'T.loss': '0.014786', 'Eval.Gen.value_accuracy_best': '22.745'}
[E=14/40, S=25460] {'wandb': 'ReFT_small|gsm8k_python_sdp_galactica_125m_08', 'lr': '1.4531e-05', 'T.loss': '0.014137', 'Eval.Gen.value_accuracy_best': '22.745'}
[E=14/40, S=25470] {'wandb': 'ReFT_small|gsm8k_python_sdp_galactica_125m_08', 'lr': '1.4528e-05', 'T.loss': '0.0074196', 'Eval.Gen.value_accuracy_best': '22.745'}
[E=14/40, S=25480] {'wandb': 'ReFT_small|gsm8k_python_sdp_galactica_125m_08', 'lr': '1.4525e-05', 'T.loss': '0.029678', 'Eval.Gen.value_accuracy_best': '22.745'}
[E=14/40, S=25490] {'wandb': 'ReFT_small|gsm8k_python_sdp_galactica_125m_08', 'lr': '1.4522e-05', 'T.loss': '0.02018', 'Eval.Gen.value_accuracy_best': '22.745'}
[E=14/40, S=25500] {'wandb': 'ReFT_small|gsm8k_python_sdp_galactica_125m_08', 'lr': '1.4519e-05', 'T.loss': '0.010841', 'Eval.Gen.value_accuracy_best': '22.745'}
[E=14/40, S=25510] {'wandb': 'ReFT_small|gsm8k_python_sdp_galactica_125m_08', 'lr': '1.4516e-05', 'T.loss': '0.027435', 'Eval.Gen.value_accuracy_best': '22.745'}
[E=14/40, S=25520] {'wandb': 'ReFT_small|gsm8k_python_sdp_galactica_125m_08', 'lr': '1.4513e-05', 'T.loss': '0.028435', 'Eval.Gen.value_accuracy_best': '22.745'}
[E=14/40, S=25530] {'wandb': 'ReFT_small|gsm8k_python_sdp_galactica_125m_08', 'lr': '1.451e-05', 'T.loss': '0.016953', 'Eval.Gen.value_accuracy_best': '22.745'}
[E=14/40, S=25540] {'wandb': 'ReFT_small|gsm8k_python_sdp_galactica_125m_08', 'lr': '1.4507e-05', 'T.loss': '0.0289', 'Eval.Gen.value_accuracy_best': '22.745'}
[2025-06-05 20:37:37,137] [INFO] [loss_scaler.py:183:update_scale] [deepspeed] OVERFLOW! Rank 0 Skipping step. Attempted loss scale: 65536, reducing to 32768
[E=14/40, S=25550] {'wandb': 'ReFT_small|gsm8k_python_sdp_galactica_125m_08', 'lr': '1.4504e-05', 'T.loss': '0.017624', 'Eval.Gen.value_accuracy_best': '22.745'}
[E=14/40, S=25560] {'wandb': 'ReFT_small|gsm8k_python_sdp_galactica_125m_08', 'lr': '1.4501e-05', 'T.loss': '0.025002', 'Eval.Gen.value_accuracy_best': '22.745'}
[E=14/40, S=25570] {'wandb': 'ReFT_small|gsm8k_python_sdp_galactica_125m_08', 'lr': '1.4498e-05', 'T.loss': '0.017418', 'Eval.Gen.value_accuracy_best': '22.745'}
[E=14/40, S=25580] {'wandb': 'ReFT_small|gsm8k_python_sdp_galactica_125m_08', 'lr': '1.4495e-05', 'T.loss': '0.027695', 'Eval.Gen.value_accuracy_best': '22.745'}
[E=14/40, S=25590] {'wandb': 'ReFT_small|gsm8k_python_sdp_galactica_125m_08', 'lr': '1.4492e-05', 'T.loss': '0.049988', 'Eval.Gen.value_accuracy_best': '22.745'}
[2025-06-05 20:37:41,418] [INFO] [loss_scaler.py:183:update_scale] [deepspeed] OVERFLOW! Rank 0 Skipping step. Attempted loss scale: 32768, reducing to 16384
[E=14/40, S=25600] {'wandb': 'ReFT_small|gsm8k_python_sdp_galactica_125m_08', 'lr': '1.4489e-05', 'T.loss': '0.038391', 'Eval.Gen.value_accuracy_best': '22.745'}
[E=14/40, S=25610] {'wandb': 'ReFT_small|gsm8k_python_sdp_galactica_125m_08', 'lr': '1.4486e-05', 'T.loss': '0.019695', 'Eval.Gen.value_accuracy_best': '22.745'}
[E=14/40, S=25620] {'wandb': 'ReFT_small|gsm8k_python_sdp_galactica_125m_08', 'lr': '1.4483e-05', 'T.loss': '0.025631', 'Eval.Gen.value_accuracy_best': '22.745'}
[E=14/40, S=25630] {'wandb': 'ReFT_small|gsm8k_python_sdp_galactica_125m_08', 'lr': '1.4479e-05', 'T.loss': '0.019226', 'Eval.Gen.value_accuracy_best': '22.745'}
[E=14/40, S=25640] {'wandb': 'ReFT_small|gsm8k_python_sdp_galactica_125m_08', 'lr': '1.4476e-05', 'T.loss': '0.022415', 'Eval.Gen.value_accuracy_best': '22.745'}
[E=14/40, S=25650] {'wandb': 'ReFT_small|gsm8k_python_sdp_galactica_125m_08', 'lr': '1.4473e-05', 'T.loss': '0.026581', 'Eval.Gen.value_accuracy_best': '22.745'}
[E=14/40, S=25660] {'wandb': 'ReFT_small|gsm8k_python_sdp_galactica_125m_08', 'lr': '1.447e-05', 'T.loss': '0.019501', 'Eval.Gen.value_accuracy_best': '22.745'}
[E=14/40, S=25670] {'wandb': 'ReFT_small|gsm8k_python_sdp_galactica_125m_08', 'lr': '1.4467e-05', 'T.loss': '0.016205', 'Eval.Gen.value_accuracy_best': '22.745'}
[E=14/40, S=25680] {'wandb': 'ReFT_small|gsm8k_python_sdp_galactica_125m_08', 'lr': '1.4464e-05', 'T.loss': '0.023895', 'Eval.Gen.value_accuracy_best': '22.745'}
[E=14/40, S=25690] {'wandb': 'ReFT_small|gsm8k_python_sdp_galactica_125m_08', 'lr': '1.4461e-05', 'T.loss': '0.019661', 'Eval.Gen.value_accuracy_best': '22.745'}
[E=14/40, S=25700] {'wandb': 'ReFT_small|gsm8k_python_sdp_galactica_125m_08', 'lr': '1.4458e-05', 'T.loss': '0.023575', 'Eval.Gen.value_accuracy_best': '22.745'}
[E=14/40, S=25710] {'wandb': 'ReFT_small|gsm8k_python_sdp_galactica_125m_08', 'lr': '1.4455e-05', 'T.loss': '0.016617', 'Eval.Gen.value_accuracy_best': '22.745'}
[E=14/40, S=25720] {'wandb': 'ReFT_small|gsm8k_python_sdp_galactica_125m_08', 'lr': '1.4452e-05', 'T.loss': '0.01646', 'Eval.Gen.value_accuracy_best': '22.745'}
[E=14/40, S=25730] {'wandb': 'ReFT_small|gsm8k_python_sdp_galactica_125m_08', 'lr': '1.4449e-05', 'T.loss': '0.0088329', 'Eval.Gen.value_accuracy_best': '22.745'}
[E=14/40, S=25740] {'wandb': 'ReFT_small|gsm8k_python_sdp_galactica_125m_08', 'lr': '1.4446e-05', 'T.loss': '0.012066', 'Eval.Gen.value_accuracy_best': '22.745'}
name 'sebastian_sheep' is not defined
name 'speed_3' is not defined
name 'tree_cost_per_year' is not defined
name 'vacuum_cleaners_left' is not defined
name 'pineapple_drink_initial' is not defined
name 'customers_3_dvd_sets' is not defined
name 'candle_melting_time_hours' is not defined
local variable 'pizza_cost' referenced before assignment
name 'days_per_week_total' is not defined
name 'walk_speed' is not defined
local variable 'pieces_per_pie' referenced before assignment
name 'eggs_per_dozen' is not defined
invalid syntax (<string>, line 7)
name 'diamond' is not defined
local variable 'round_down_price' referenced before assignment
name 'days_rest_per_180_days' is not defined
invalid syntax (<string>, line 5)
local variable 'friend_4' referenced before assignment
invalid syntax (<string>, line 8)
local variable 'vehicles_added_day_3' referenced before assignment
name 'lylah_salary_four_years_ago' is not defined
local variable 'cost_per_patient' referenced before assignment
local variable 'tax_amount' referenced before assignment
name 'num_admission_cost' is not defined
name 'loser_run_distance' is not defined
name 'red_car_cost' is not defined
local variable 'girls' referenced before assignment
name 'straw_per_rabbit' is not defined
name 'num_rides' is not defined
name 'white_plastic_flamingos' is not defined
'float' object is not callable
local variable 'pool_1_water_after' referenced before assignment
local variable 'cost_after_upgrade' referenced before assignment
name 'girlfriend_tomatoes_per_week' is not defined
name 'pages_per_page' is not defined
name 'sister_calories_monday' is not defined
name 'apples' is not defined
unterminated string literal (detected at line 10) (<string>, line 10)
name 'brokerage_fee' is not defined
name 'warmup_time' is not defined
local variable 'cards_with_letter_d' referenced before assignment
name 'age_in_sum' is not defined
name 'adult_children' is not defined
invalid syntax (<string>, line 7)
name 'months_per_year' is not defined
invalid syntax (<string>, line 6)
name 'total_arms_per_three_days' is not defined
local variable 'ratio_electric_poles' referenced before assignment
local variable 'women_left' referenced before assignment
local variable 'cream_strength_difference' referenced before assignment
local variable 'people_without_old_record' referenced before assignment
local variable 'junior_employees' referenced before assignment
name 'job_a_net_pay_rate' is not defined
name 'shares_after_first_year' is not defined
invalid syntax (<string>, line 5)
invalid syntax (<string>, line 9)
local variable 'revenue_difference_percent' referenced before assignment
name 'medicine_cost_per_week' is not defined
name 'speed_after_detour' is not defined
local variable 'boys_present' referenced before assignment
invalid syntax (<string>, line 6)
invalid syntax. Perhaps you forgot a comma? (<string>, line 7)
name 'chloe_time' is not defined
local variable 'ribbon_per_gift_with_bow' referenced before assignment
invalid syntax (<string>, line 7)
invalid syntax (<string>, line 5)
object of type 'int' has no len()
name 'meat_total' is not defined
name 'corns_more' is not defined
name 'minutes_to_read_at_airport' is not defined
name 'bank_1_money' is not defined
name 'birds_per_person' is not defined
name 'soup_price' is not defined
name 'mixed_bowls' is not defined
invalid syntax (<string>, line 8)
local variable 'sneakers_price_per_week' referenced before assignment
name 'apple_value_total' is not defined
name 'jennifer_dog_spotted_percent' is not defined
name 'plastic_bottles_total' is not defined
name 'baseball_cards_given' is not defined
name 'pillow_cases' is not defined
invalid syntax (<string>, line 7)
name 'normal_price' is not defined
local variable 'trays_total' referenced before assignment
invalid syntax (<string>, line 8)
name 'rounds_per_fight' is not defined
local variable 'wool_per_total' referenced before assignment
name 'hours_with_2_weeks' is not defined
local variable 'passengers_on_2' referenced before assignment
name 'weeks_per_month' is not defined
local variable 'total_after_discount' referenced before assignment
invalid syntax (<string>, line 8)
local variable 'bottles_initial' referenced before assignment
name 'sharon_money_initial_money' is not defined
name 'water_per_5_calories' is not defined
local variable 'green_jelly_beans' referenced before assignment
name 'implant_cost' is not defined
invalid syntax (<string>, line 5)
name 'pumps_used_per_pump' is not defined
invalid decimal literal (<string>, line 10)
invalid syntax (<string>, line 5)
local variable 'flowers_boomed' referenced before assignment
invalid decimal literal (<string>, line 6)
local variable 'dress_pants_cost' referenced before assignment
name 'purchase_time' is not defined
name 'walnuts_mixed_cost' is not defined
name 'aurelia_money' is not defined
name 'total_after' is not defined
invalid syntax (<string>, line 9)
name 'total_bill' is not defined
name 'apple_price' is not defined
local variable 'high_chairs' referenced before assignment
name 'combined_gravel_total' is not defined
invalid syntax (<string>, line 5)
invalid syntax (<string>, line 7)
name 'right_foot_count' is not defined
name 'num_years' is not defined
name 'size_medium' is not defined
local variable 'people_heath_12' referenced before assignment
name 'girls_girls' is not defined
name 'daily_classes' is not defined
name 'oldest_movies_cost' is not defined
name 'hours_unhiked' is not defined
invalid syntax (<string>, line 7)
name 'pizzas_cost_20' is not defined
unindent does not match any outer indentation level (<string>, line 5)
name 'flowers_picked_6' is not defined
name 'oil_per_salt' is not defined
name 'kagiyami_height' is not defined
name 'tips_amount' is not defined
name 'badges_per_month' is not defined
local variable 'fawn_books' referenced before assignment
name 'denise_pages_read_more' is not defined
invalid syntax (<string>, line 7)
name 'bread_slices_per_day' is not defined
name 'widgets_per_eer_widgets' is not defined
name 'cost_24_hours_after_add' is not defined
name 'goats' is not defined
name 'students' is not defined
invalid syntax (<string>, line 10)
invalid syntax (<string>, line 6)
local variable 'adelwolfe_pikemon' referenced before assignment
name 'petunia_cost' is not defined
local variable 'total_weight_needed' referenced before assignment
invalid syntax (<string>, line 9)
name 'dad_age_comet_age_comet_years' is not defined
name 'first_plane_travels' is not defined
invalid syntax (<string>, line 9)
local variable 'minutes_per_day' referenced before assignment
name 'apples_mowed' is not defined
local variable 'total_portraits' referenced before assignment
invalid syntax (<string>, line 7)
name 'red_balloons_added' is not defined
name 'chance_marcus_total' is not defined
name 'lawn_days' is not defined
local variable 'weekend_movies' referenced before assignment
name 'pill' is not defined
name 'tons_per_lorry' is not defined
name 'classmates_left' is not defined
name 'toothpicks_saved' is not defined
name 'sam_fence' is not defined
local variable 'ball_initial_height' referenced before assignment
local variable 'books_cost' referenced before assignment
invalid syntax (<string>, line 6)
local variable 'stickers_kris_given' referenced before assignment
invalid decimal literal (<string>, line 6)
name 'planks_per_log' is not defined
invalid syntax (<string>, line 5)
name 'juices_needed' is not defined
name 'ronnie_money_after' is not defined
name 'regular_box_cost' is not defined
name 'hours_per_hour' is not defined
invalid syntax (<string>, line 5)
local variable 'call_cost_after_16_minutes' referenced before assignment
invalid syntax. Perhaps you forgot a comma? (<string>, line 8)
local variable 'profit_per_egg' referenced before assignment
name 'bags_cost' is not defined
local variable 'incorrect_questions_needed' referenced before assignment
name 'flashlights_per_room_total' is not defined
name 'robot_head_ratio' is not defined
name 'plants_needed_one_day' is not defined
name 'speed_per_minute' is not defined
invalid syntax (<string>, line 11)
name 'num_adults' is not defined
invalid syntax (<string>, line 5)
invalid syntax (<string>, line 7)
local variable 'days_after' referenced before assignment
unindent does not match any outer indentation level (<string>, line 5)
invalid syntax (<string>, line 7)
local variable 'total_food_cost_per_week' referenced before assignment
name 'ana_oranges_peeled' is not defined
name 'mechanic_discount' is not defined
[Eval Info] value_accuracy: 22.517%
[E=14/40, S=25746] {'wandb': 'ReFT_small|gsm8k_python_sdp_galactica_125m_08', 'lr': '1.4444e-05', 'T.loss': '0.011681', 'Eval.Gen.value_accuracy': '22.517', 'Eval.Gen.value_accuracy_best': '22.745'}
[E=15/40, S=25750] {'wandb': 'ReFT_small|gsm8k_python_sdp_galactica_125m_08', 'lr': '1.4443e-05', 'T.loss': '0.014065', 'Eval.Gen.value_accuracy_best': '22.745'}
[E=15/40, S=25760] {'wandb': 'ReFT_small|gsm8k_python_sdp_galactica_125m_08', 'lr': '1.444e-05', 'T.loss': '0.011402', 'Eval.Gen.value_accuracy_best': '22.745'}
[E=15/40, S=25770] {'wandb': 'ReFT_small|gsm8k_python_sdp_galactica_125m_08', 'lr': '1.4437e-05', 'T.loss': '0.023163', 'Eval.Gen.value_accuracy_best': '22.745'}
[E=15/40, S=25780] {'wandb': 'ReFT_small|gsm8k_python_sdp_galactica_125m_08', 'lr': '1.4434e-05', 'T.loss': '0.012194', 'Eval.Gen.value_accuracy_best': '22.745'}
[E=15/40, S=25790] {'wandb': 'ReFT_small|gsm8k_python_sdp_galactica_125m_08', 'lr': '1.4431e-05', 'T.loss': '0.011002', 'Eval.Gen.value_accuracy_best': '22.745'}
[E=15/40, S=25800] {'wandb': 'ReFT_small|gsm8k_python_sdp_galactica_125m_08', 'lr': '1.4428e-05', 'T.loss': '0.017502', 'Eval.Gen.value_accuracy_best': '22.745'}
[E=15/40, S=25810] {'wandb': 'ReFT_small|gsm8k_python_sdp_galactica_125m_08', 'lr': '1.4425e-05', 'T.loss': '0.014305', 'Eval.Gen.value_accuracy_best': '22.745'}
[E=15/40, S=25820] {'wandb': 'ReFT_small|gsm8k_python_sdp_galactica_125m_08', 'lr': '1.4422e-05', 'T.loss': '0.013775', 'Eval.Gen.value_accuracy_best': '22.745'}
[E=15/40, S=25830] {'wandb': 'ReFT_small|gsm8k_python_sdp_galactica_125m_08', 'lr': '1.4419e-05', 'T.loss': '0.012215', 'Eval.Gen.value_accuracy_best': '22.745'}
[E=15/40, S=25840] {'wandb': 'ReFT_small|gsm8k_python_sdp_galactica_125m_08', 'lr': '1.4416e-05', 'T.loss': '0.019875', 'Eval.Gen.value_accuracy_best': '22.745'}
[E=15/40, S=25850] {'wandb': 'ReFT_small|gsm8k_python_sdp_galactica_125m_08', 'lr': '1.4413e-05', 'T.loss': '0.025673', 'Eval.Gen.value_accuracy_best': '22.745'}
[E=15/40, S=25860] {'wandb': 'ReFT_small|gsm8k_python_sdp_galactica_125m_08', 'lr': '1.441e-05', 'T.loss': '0.015053', 'Eval.Gen.value_accuracy_best': '22.745'}
[E=15/40, S=25870] {'wandb': 'ReFT_small|gsm8k_python_sdp_galactica_125m_08', 'lr': '1.4407e-05', 'T.loss': '0.0073357', 'Eval.Gen.value_accuracy_best': '22.745'}
[E=15/40, S=25880] {'wandb': 'ReFT_small|gsm8k_python_sdp_galactica_125m_08', 'lr': '1.4404e-05', 'T.loss': '0.028015', 'Eval.Gen.value_accuracy_best': '22.745'}
[E=15/40, S=25890] {'wandb': 'ReFT_small|gsm8k_python_sdp_galactica_125m_08', 'lr': '1.4401e-05', 'T.loss': '0.020477', 'Eval.Gen.value_accuracy_best': '22.745'}
[E=15/40, S=25900] {'wandb': 'ReFT_small|gsm8k_python_sdp_galactica_125m_08', 'lr': '1.4398e-05', 'T.loss': '0.018608', 'Eval.Gen.value_accuracy_best': '22.745'}
[E=15/40, S=25910] {'wandb': 'ReFT_small|gsm8k_python_sdp_galactica_125m_08', 'lr': '1.4395e-05', 'T.loss': '0.026722', 'Eval.Gen.value_accuracy_best': '22.745'}
[E=15/40, S=25920] {'wandb': 'ReFT_small|gsm8k_python_sdp_galactica_125m_08', 'lr': '1.4392e-05', 'T.loss': '0.016109', 'Eval.Gen.value_accuracy_best': '22.745'}
[E=15/40, S=25930] {'wandb': 'ReFT_small|gsm8k_python_sdp_galactica_125m_08', 'lr': '1.4389e-05', 'T.loss': '0.020424', 'Eval.Gen.value_accuracy_best': '22.745'}
[E=15/40, S=25940] {'wandb': 'ReFT_small|gsm8k_python_sdp_galactica_125m_08', 'lr': '1.4386e-05', 'T.loss': '0.014912', 'Eval.Gen.value_accuracy_best': '22.745'}
[E=15/40, S=25950] {'wandb': 'ReFT_small|gsm8k_python_sdp_galactica_125m_08', 'lr': '1.4383e-05', 'T.loss': '0.04393', 'Eval.Gen.value_accuracy_best': '22.745'}
[E=15/40, S=25960] {'wandb': 'ReFT_small|gsm8k_python_sdp_galactica_125m_08', 'lr': '1.438e-05', 'T.loss': '0.013306', 'Eval.Gen.value_accuracy_best': '22.745'}
[E=15/40, S=25970] {'wandb': 'ReFT_small|gsm8k_python_sdp_galactica_125m_08', 'lr': '1.4377e-05', 'T.loss': '0.017475', 'Eval.Gen.value_accuracy_best': '22.745'}
[E=15/40, S=25980] {'wandb': 'ReFT_small|gsm8k_python_sdp_galactica_125m_08', 'lr': '1.4374e-05', 'T.loss': '0.0066395', 'Eval.Gen.value_accuracy_best': '22.745'}
[E=15/40, S=25990] {'wandb': 'ReFT_small|gsm8k_python_sdp_galactica_125m_08', 'lr': '1.4371e-05', 'T.loss': '0.011341', 'Eval.Gen.value_accuracy_best': '22.745'}
[E=15/40, S=26000] {'wandb': 'ReFT_small|gsm8k_python_sdp_galactica_125m_08', 'lr': '1.4368e-05', 'T.loss': '0.013308', 'Eval.Gen.value_accuracy_best': '22.745'}
[E=15/40, S=26010] {'wandb': 'ReFT_small|gsm8k_python_sdp_galactica_125m_08', 'lr': '1.4365e-05', 'T.loss': '0.015347', 'Eval.Gen.value_accuracy_best': '22.745'}
[E=15/40, S=26020] {'wandb': 'ReFT_small|gsm8k_python_sdp_galactica_125m_08', 'lr': '1.4362e-05', 'T.loss': '0.029678', 'Eval.Gen.value_accuracy_best': '22.745'}
[E=15/40, S=26030] {'wandb': 'ReFT_small|gsm8k_python_sdp_galactica_125m_08', 'lr': '1.4359e-05', 'T.loss': '0.017914', 'Eval.Gen.value_accuracy_best': '22.745'}
[E=15/40, S=26040] {'wandb': 'ReFT_small|gsm8k_python_sdp_galactica_125m_08', 'lr': '1.4356e-05', 'T.loss': '0.013687', 'Eval.Gen.value_accuracy_best': '22.745'}
[E=15/40, S=26050] {'wandb': 'ReFT_small|gsm8k_python_sdp_galactica_125m_08', 'lr': '1.4353e-05', 'T.loss': '0.023048', 'Eval.Gen.value_accuracy_best': '22.745'}
[E=15/40, S=26060] {'wandb': 'ReFT_small|gsm8k_python_sdp_galactica_125m_08', 'lr': '1.435e-05', 'T.loss': '0.014084', 'Eval.Gen.value_accuracy_best': '22.745'}
[E=15/40, S=26070] {'wandb': 'ReFT_small|gsm8k_python_sdp_galactica_125m_08', 'lr': '1.4347e-05', 'T.loss': '0.024162', 'Eval.Gen.value_accuracy_best': '22.745'}
[E=15/40, S=26080] {'wandb': 'ReFT_small|gsm8k_python_sdp_galactica_125m_08', 'lr': '1.4344e-05', 'T.loss': '0.02422', 'Eval.Gen.value_accuracy_best': '22.745'}
[E=15/40, S=26090] {'wandb': 'ReFT_small|gsm8k_python_sdp_galactica_125m_08', 'lr': '1.4341e-05', 'T.loss': '0.01112', 'Eval.Gen.value_accuracy_best': '22.745'}
[E=15/40, S=26100] {'wandb': 'ReFT_small|gsm8k_python_sdp_galactica_125m_08', 'lr': '1.4338e-05', 'T.loss': '0.015064', 'Eval.Gen.value_accuracy_best': '22.745'}
[E=15/40, S=26110] {'wandb': 'ReFT_small|gsm8k_python_sdp_galactica_125m_08', 'lr': '1.4334e-05', 'T.loss': '0.019684', 'Eval.Gen.value_accuracy_best': '22.745'}
[E=15/40, S=26120] {'wandb': 'ReFT_small|gsm8k_python_sdp_galactica_125m_08', 'lr': '1.4331e-05', 'T.loss': '0.018127', 'Eval.Gen.value_accuracy_best': '22.745'}
[E=15/40, S=26130] {'wandb': 'ReFT_small|gsm8k_python_sdp_galactica_125m_08', 'lr': '1.4328e-05', 'T.loss': '0.012424', 'Eval.Gen.value_accuracy_best': '22.745'}
[E=15/40, S=26140] {'wandb': 'ReFT_small|gsm8k_python_sdp_galactica_125m_08', 'lr': '1.4325e-05', 'T.loss': '0.019632', 'Eval.Gen.value_accuracy_best': '22.745'}
[E=15/40, S=26150] {'wandb': 'ReFT_small|gsm8k_python_sdp_galactica_125m_08', 'lr': '1.4322e-05', 'T.loss': '0.015083', 'Eval.Gen.value_accuracy_best': '22.745'}
[2025-06-05 20:44:39,194] [INFO] [loss_scaler.py:183:update_scale] [deepspeed] OVERFLOW! Rank 0 Skipping step. Attempted loss scale: 16384, reducing to 8192
[E=15/40, S=26160] {'wandb': 'ReFT_small|gsm8k_python_sdp_galactica_125m_08', 'lr': '1.4319e-05', 'T.loss': '0.026573', 'Eval.Gen.value_accuracy_best': '22.745'}
[E=15/40, S=26170] {'wandb': 'ReFT_small|gsm8k_python_sdp_galactica_125m_08', 'lr': '1.4316e-05', 'T.loss': '0.025887', 'Eval.Gen.value_accuracy_best': '22.745'}
[E=15/40, S=26180] {'wandb': 'ReFT_small|gsm8k_python_sdp_galactica_125m_08', 'lr': '1.4313e-05', 'T.loss': '0.013039', 'Eval.Gen.value_accuracy_best': '22.745'}
[E=15/40, S=26190] {'wandb': 'ReFT_small|gsm8k_python_sdp_galactica_125m_08', 'lr': '1.431e-05', 'T.loss': '0.022354', 'Eval.Gen.value_accuracy_best': '22.745'}
[E=15/40, S=26200] {'wandb': 'ReFT_small|gsm8k_python_sdp_galactica_125m_08', 'lr': '1.4307e-05', 'T.loss': '0.015667', 'Eval.Gen.value_accuracy_best': '22.745'}
[E=15/40, S=26210] {'wandb': 'ReFT_small|gsm8k_python_sdp_galactica_125m_08', 'lr': '1.4304e-05', 'T.loss': '0.026302', 'Eval.Gen.value_accuracy_best': '22.745'}
[E=15/40, S=26220] {'wandb': 'ReFT_small|gsm8k_python_sdp_galactica_125m_08', 'lr': '1.4301e-05', 'T.loss': '0.011093', 'Eval.Gen.value_accuracy_best': '22.745'}
[E=15/40, S=26230] {'wandb': 'ReFT_small|gsm8k_python_sdp_galactica_125m_08', 'lr': '1.4298e-05', 'T.loss': '0.013313', 'Eval.Gen.value_accuracy_best': '22.745'}
[E=15/40, S=26240] {'wandb': 'ReFT_small|gsm8k_python_sdp_galactica_125m_08', 'lr': '1.4295e-05', 'T.loss': '0.013744', 'Eval.Gen.value_accuracy_best': '22.745'}
[E=15/40, S=26250] {'wandb': 'ReFT_small|gsm8k_python_sdp_galactica_125m_08', 'lr': '1.4292e-05', 'T.loss': '0.019722', 'Eval.Gen.value_accuracy_best': '22.745'}
[E=15/40, S=26260] {'wandb': 'ReFT_small|gsm8k_python_sdp_galactica_125m_08', 'lr': '1.4289e-05', 'T.loss': '0.020248', 'Eval.Gen.value_accuracy_best': '22.745'}
[E=15/40, S=26270] {'wandb': 'ReFT_small|gsm8k_python_sdp_galactica_125m_08', 'lr': '1.4286e-05', 'T.loss': '0.020782', 'Eval.Gen.value_accuracy_best': '22.745'}
[E=15/40, S=26280] {'wandb': 'ReFT_small|gsm8k_python_sdp_galactica_125m_08', 'lr': '1.4283e-05', 'T.loss': '0.022526', 'Eval.Gen.value_accuracy_best': '22.745'}
[E=15/40, S=26290] {'wandb': 'ReFT_small|gsm8k_python_sdp_galactica_125m_08', 'lr': '1.428e-05', 'T.loss': '0.011471', 'Eval.Gen.value_accuracy_best': '22.745'}
[E=15/40, S=26300] {'wandb': 'ReFT_small|gsm8k_python_sdp_galactica_125m_08', 'lr': '1.4277e-05', 'T.loss': '0.0068569', 'Eval.Gen.value_accuracy_best': '22.745'}
[E=15/40, S=26310] {'wandb': 'ReFT_small|gsm8k_python_sdp_galactica_125m_08', 'lr': '1.4274e-05', 'T.loss': '0.019737', 'Eval.Gen.value_accuracy_best': '22.745'}
[E=15/40, S=26320] {'wandb': 'ReFT_small|gsm8k_python_sdp_galactica_125m_08', 'lr': '1.4271e-05', 'T.loss': '0.018372', 'Eval.Gen.value_accuracy_best': '22.745'}
[E=15/40, S=26330] {'wandb': 'ReFT_small|gsm8k_python_sdp_galactica_125m_08', 'lr': '1.4268e-05', 'T.loss': '0.0087757', 'Eval.Gen.value_accuracy_best': '22.745'}
[E=15/40, S=26340] {'wandb': 'ReFT_small|gsm8k_python_sdp_galactica_125m_08', 'lr': '1.4265e-05', 'T.loss': '0.0098906', 'Eval.Gen.value_accuracy_best': '22.745'}
[E=15/40, S=26350] {'wandb': 'ReFT_small|gsm8k_python_sdp_galactica_125m_08', 'lr': '1.4262e-05', 'T.loss': '0.012892', 'Eval.Gen.value_accuracy_best': '22.745'}
[E=15/40, S=26360] {'wandb': 'ReFT_small|gsm8k_python_sdp_galactica_125m_08', 'lr': '1.4259e-05', 'T.loss': '0.014313', 'Eval.Gen.value_accuracy_best': '22.745'}
[E=15/40, S=26370] {'wandb': 'ReFT_small|gsm8k_python_sdp_galactica_125m_08', 'lr': '1.4256e-05', 'T.loss': '0.010815', 'Eval.Gen.value_accuracy_best': '22.745'}
[E=15/40, S=26380] {'wandb': 'ReFT_small|gsm8k_python_sdp_galactica_125m_08', 'lr': '1.4253e-05', 'T.loss': '0.013203', 'Eval.Gen.value_accuracy_best': '22.745'}
[E=15/40, S=26390] {'wandb': 'ReFT_small|gsm8k_python_sdp_galactica_125m_08', 'lr': '1.425e-05', 'T.loss': '0.015015', 'Eval.Gen.value_accuracy_best': '22.745'}
[E=15/40, S=26400] {'wandb': 'ReFT_small|gsm8k_python_sdp_galactica_125m_08', 'lr': '1.4247e-05', 'T.loss': '0.014835', 'Eval.Gen.value_accuracy_best': '22.745'}
[E=15/40, S=26410] {'wandb': 'ReFT_small|gsm8k_python_sdp_galactica_125m_08', 'lr': '1.4244e-05', 'T.loss': '0.027992', 'Eval.Gen.value_accuracy_best': '22.745'}
[E=15/40, S=26420] {'wandb': 'ReFT_small|gsm8k_python_sdp_galactica_125m_08', 'lr': '1.4241e-05', 'T.loss': '0.015022', 'Eval.Gen.value_accuracy_best': '22.745'}
[E=15/40, S=26430] {'wandb': 'ReFT_small|gsm8k_python_sdp_galactica_125m_08', 'lr': '1.4238e-05', 'T.loss': '0.0089722', 'Eval.Gen.value_accuracy_best': '22.745'}
[E=15/40, S=26440] {'wandb': 'ReFT_small|gsm8k_python_sdp_galactica_125m_08', 'lr': '1.4235e-05', 'T.loss': '0.012993', 'Eval.Gen.value_accuracy_best': '22.745'}
[E=15/40, S=26450] {'wandb': 'ReFT_small|gsm8k_python_sdp_galactica_125m_08', 'lr': '1.4232e-05', 'T.loss': '0.030518', 'Eval.Gen.value_accuracy_best': '22.745'}
[E=15/40, S=26460] {'wandb': 'ReFT_small|gsm8k_python_sdp_galactica_125m_08', 'lr': '1.4229e-05', 'T.loss': '0.019112', 'Eval.Gen.value_accuracy_best': '22.745'}
[E=15/40, S=26470] {'wandb': 'ReFT_small|gsm8k_python_sdp_galactica_125m_08', 'lr': '1.4226e-05', 'T.loss': '0.012299', 'Eval.Gen.value_accuracy_best': '22.745'}
[E=15/40, S=26480] {'wandb': 'ReFT_small|gsm8k_python_sdp_galactica_125m_08', 'lr': '1.4223e-05', 'T.loss': '0.0070724', 'Eval.Gen.value_accuracy_best': '22.745'}
[E=15/40, S=26490] {'wandb': 'ReFT_small|gsm8k_python_sdp_galactica_125m_08', 'lr': '1.422e-05', 'T.loss': '0.027275', 'Eval.Gen.value_accuracy_best': '22.745'}
[E=15/40, S=26500] {'wandb': 'ReFT_small|gsm8k_python_sdp_galactica_125m_08', 'lr': '1.4217e-05', 'T.loss': '0.016273', 'Eval.Gen.value_accuracy_best': '22.745'}
[E=15/40, S=26510] {'wandb': 'ReFT_small|gsm8k_python_sdp_galactica_125m_08', 'lr': '1.4214e-05', 'T.loss': '0.012165', 'Eval.Gen.value_accuracy_best': '22.745'}
[E=15/40, S=26520] {'wandb': 'ReFT_small|gsm8k_python_sdp_galactica_125m_08', 'lr': '1.4211e-05', 'T.loss': '0.025356', 'Eval.Gen.value_accuracy_best': '22.745'}
[E=15/40, S=26530] {'wandb': 'ReFT_small|gsm8k_python_sdp_galactica_125m_08', 'lr': '1.4208e-05', 'T.loss': '0.015783', 'Eval.Gen.value_accuracy_best': '22.745'}
[E=15/40, S=26540] {'wandb': 'ReFT_small|gsm8k_python_sdp_galactica_125m_08', 'lr': '1.4205e-05', 'T.loss': '0.026073', 'Eval.Gen.value_accuracy_best': '22.745'}
[E=15/40, S=26550] {'wandb': 'ReFT_small|gsm8k_python_sdp_galactica_125m_08', 'lr': '1.4202e-05', 'T.loss': '0.020187', 'Eval.Gen.value_accuracy_best': '22.745'}
[E=15/40, S=26560] {'wandb': 'ReFT_small|gsm8k_python_sdp_galactica_125m_08', 'lr': '1.4199e-05', 'T.loss': '0.010551', 'Eval.Gen.value_accuracy_best': '22.745'}
[E=15/40, S=26570] {'wandb': 'ReFT_small|gsm8k_python_sdp_galactica_125m_08', 'lr': '1.4196e-05', 'T.loss': '0.0088272', 'Eval.Gen.value_accuracy_best': '22.745'}
[E=15/40, S=26580] {'wandb': 'ReFT_small|gsm8k_python_sdp_galactica_125m_08', 'lr': '1.4192e-05', 'T.loss': '0.016613', 'Eval.Gen.value_accuracy_best': '22.745'}
[E=15/40, S=26590] {'wandb': 'ReFT_small|gsm8k_python_sdp_galactica_125m_08', 'lr': '1.4189e-05', 'T.loss': '0.01873', 'Eval.Gen.value_accuracy_best': '22.745'}
[E=15/40, S=26600] {'wandb': 'ReFT_small|gsm8k_python_sdp_galactica_125m_08', 'lr': '1.4186e-05', 'T.loss': '0.025566', 'Eval.Gen.value_accuracy_best': '22.745'}
[E=15/40, S=26610] {'wandb': 'ReFT_small|gsm8k_python_sdp_galactica_125m_08', 'lr': '1.4183e-05', 'T.loss': '0.0089817', 'Eval.Gen.value_accuracy_best': '22.745'}
[E=15/40, S=26620] {'wandb': 'ReFT_small|gsm8k_python_sdp_galactica_125m_08', 'lr': '1.418e-05', 'T.loss': '0.014526', 'Eval.Gen.value_accuracy_best': '22.745'}
[E=15/40, S=26630] {'wandb': 'ReFT_small|gsm8k_python_sdp_galactica_125m_08', 'lr': '1.4177e-05', 'T.loss': '0.024109', 'Eval.Gen.value_accuracy_best': '22.745'}
[E=15/40, S=26640] {'wandb': 'ReFT_small|gsm8k_python_sdp_galactica_125m_08', 'lr': '1.4174e-05', 'T.loss': '0.021255', 'Eval.Gen.value_accuracy_best': '22.745'}
[E=15/40, S=26650] {'wandb': 'ReFT_small|gsm8k_python_sdp_galactica_125m_08', 'lr': '1.4171e-05', 'T.loss': '0.014336', 'Eval.Gen.value_accuracy_best': '22.745'}
[E=15/40, S=26660] {'wandb': 'ReFT_small|gsm8k_python_sdp_galactica_125m_08', 'lr': '1.4168e-05', 'T.loss': '0.017218', 'Eval.Gen.value_accuracy_best': '22.745'}
[E=15/40, S=26670] {'wandb': 'ReFT_small|gsm8k_python_sdp_galactica_125m_08', 'lr': '1.4165e-05', 'T.loss': '0.025124', 'Eval.Gen.value_accuracy_best': '22.745'}
[E=15/40, S=26680] {'wandb': 'ReFT_small|gsm8k_python_sdp_galactica_125m_08', 'lr': '1.4162e-05', 'T.loss': '0.013588', 'Eval.Gen.value_accuracy_best': '22.745'}
[E=15/40, S=26690] {'wandb': 'ReFT_small|gsm8k_python_sdp_galactica_125m_08', 'lr': '1.4159e-05', 'T.loss': '0.019093', 'Eval.Gen.value_accuracy_best': '22.745'}
[E=15/40, S=26700] {'wandb': 'ReFT_small|gsm8k_python_sdp_galactica_125m_08', 'lr': '1.4156e-05', 'T.loss': '0.022034', 'Eval.Gen.value_accuracy_best': '22.745'}
[E=15/40, S=26710] {'wandb': 'ReFT_small|gsm8k_python_sdp_galactica_125m_08', 'lr': '1.4153e-05', 'T.loss': '0.0092964', 'Eval.Gen.value_accuracy_best': '22.745'}
[E=15/40, S=26720] {'wandb': 'ReFT_small|gsm8k_python_sdp_galactica_125m_08', 'lr': '1.415e-05', 'T.loss': '0.014309', 'Eval.Gen.value_accuracy_best': '22.745'}
[E=15/40, S=26730] {'wandb': 'ReFT_small|gsm8k_python_sdp_galactica_125m_08', 'lr': '1.4147e-05', 'T.loss': '0.013071', 'Eval.Gen.value_accuracy_best': '22.745'}
[E=15/40, S=26740] {'wandb': 'ReFT_small|gsm8k_python_sdp_galactica_125m_08', 'lr': '1.4144e-05', 'T.loss': '0.027588', 'Eval.Gen.value_accuracy_best': '22.745'}
[E=15/40, S=26750] {'wandb': 'ReFT_small|gsm8k_python_sdp_galactica_125m_08', 'lr': '1.4141e-05', 'T.loss': '0.016071', 'Eval.Gen.value_accuracy_best': '22.745'}
[E=15/40, S=26760] {'wandb': 'ReFT_small|gsm8k_python_sdp_galactica_125m_08', 'lr': '1.4138e-05', 'T.loss': '0.017891', 'Eval.Gen.value_accuracy_best': '22.745'}
[E=15/40, S=26770] {'wandb': 'ReFT_small|gsm8k_python_sdp_galactica_125m_08', 'lr': '1.4135e-05', 'T.loss': '0.016933', 'Eval.Gen.value_accuracy_best': '22.745'}
[E=15/40, S=26780] {'wandb': 'ReFT_small|gsm8k_python_sdp_galactica_125m_08', 'lr': '1.4132e-05', 'T.loss': '0.030441', 'Eval.Gen.value_accuracy_best': '22.745'}
[E=15/40, S=26790] {'wandb': 'ReFT_small|gsm8k_python_sdp_galactica_125m_08', 'lr': '1.4129e-05', 'T.loss': '0.0078545', 'Eval.Gen.value_accuracy_best': '22.745'}
[E=15/40, S=26800] {'wandb': 'ReFT_small|gsm8k_python_sdp_galactica_125m_08', 'lr': '1.4126e-05', 'T.loss': '0.020103', 'Eval.Gen.value_accuracy_best': '22.745'}
[E=15/40, S=26810] {'wandb': 'ReFT_small|gsm8k_python_sdp_galactica_125m_08', 'lr': '1.4123e-05', 'T.loss': '0.016251', 'Eval.Gen.value_accuracy_best': '22.745'}
[E=15/40, S=26820] {'wandb': 'ReFT_small|gsm8k_python_sdp_galactica_125m_08', 'lr': '1.412e-05', 'T.loss': '0.013985', 'Eval.Gen.value_accuracy_best': '22.745'}
[E=15/40, S=26830] {'wandb': 'ReFT_small|gsm8k_python_sdp_galactica_125m_08', 'lr': '1.4117e-05', 'T.loss': '0.017189', 'Eval.Gen.value_accuracy_best': '22.745'}
[E=15/40, S=26840] {'wandb': 'ReFT_small|gsm8k_python_sdp_galactica_125m_08', 'lr': '1.4114e-05', 'T.loss': '0.010088', 'Eval.Gen.value_accuracy_best': '22.745'}
[E=15/40, S=26850] {'wandb': 'ReFT_small|gsm8k_python_sdp_galactica_125m_08', 'lr': '1.4111e-05', 'T.loss': '0.018253', 'Eval.Gen.value_accuracy_best': '22.745'}
[E=15/40, S=26860] {'wandb': 'ReFT_small|gsm8k_python_sdp_galactica_125m_08', 'lr': '1.4108e-05', 'T.loss': '0.010946', 'Eval.Gen.value_accuracy_best': '22.745'}
[E=15/40, S=26870] {'wandb': 'ReFT_small|gsm8k_python_sdp_galactica_125m_08', 'lr': '1.4105e-05', 'T.loss': '0.014309', 'Eval.Gen.value_accuracy_best': '22.745'}
[E=15/40, S=26880] {'wandb': 'ReFT_small|gsm8k_python_sdp_galactica_125m_08', 'lr': '1.4102e-05', 'T.loss': '0.01079', 'Eval.Gen.value_accuracy_best': '22.745'}
[E=15/40, S=26890] {'wandb': 'ReFT_small|gsm8k_python_sdp_galactica_125m_08', 'lr': '1.4099e-05', 'T.loss': '0.015339', 'Eval.Gen.value_accuracy_best': '22.745'}
[E=15/40, S=26900] {'wandb': 'ReFT_small|gsm8k_python_sdp_galactica_125m_08', 'lr': '1.4096e-05', 'T.loss': '0.027039', 'Eval.Gen.value_accuracy_best': '22.745'}
[E=15/40, S=26910] {'wandb': 'ReFT_small|gsm8k_python_sdp_galactica_125m_08', 'lr': '1.4093e-05', 'T.loss': '0.015678', 'Eval.Gen.value_accuracy_best': '22.745'}
[E=15/40, S=26920] {'wandb': 'ReFT_small|gsm8k_python_sdp_galactica_125m_08', 'lr': '1.409e-05', 'T.loss': '0.0081463', 'Eval.Gen.value_accuracy_best': '22.745'}
[E=15/40, S=26930] {'wandb': 'ReFT_small|gsm8k_python_sdp_galactica_125m_08', 'lr': '1.4087e-05', 'T.loss': '0.013023', 'Eval.Gen.value_accuracy_best': '22.745'}
[E=15/40, S=26940] {'wandb': 'ReFT_small|gsm8k_python_sdp_galactica_125m_08', 'lr': '1.4084e-05', 'T.loss': '0.021389', 'Eval.Gen.value_accuracy_best': '22.745'}
[E=15/40, S=26950] {'wandb': 'ReFT_small|gsm8k_python_sdp_galactica_125m_08', 'lr': '1.4081e-05', 'T.loss': '0.02346', 'Eval.Gen.value_accuracy_best': '22.745'}
[E=15/40, S=26960] {'wandb': 'ReFT_small|gsm8k_python_sdp_galactica_125m_08', 'lr': '1.4078e-05', 'T.loss': '0.014137', 'Eval.Gen.value_accuracy_best': '22.745'}
[E=15/40, S=26970] {'wandb': 'ReFT_small|gsm8k_python_sdp_galactica_125m_08', 'lr': '1.4075e-05', 'T.loss': '0.011461', 'Eval.Gen.value_accuracy_best': '22.745'}
[E=15/40, S=26980] {'wandb': 'ReFT_small|gsm8k_python_sdp_galactica_125m_08', 'lr': '1.4072e-05', 'T.loss': '0.017109', 'Eval.Gen.value_accuracy_best': '22.745'}
[E=15/40, S=26990] {'wandb': 'ReFT_small|gsm8k_python_sdp_galactica_125m_08', 'lr': '1.4069e-05', 'T.loss': '0.031242', 'Eval.Gen.value_accuracy_best': '22.745'}
[E=15/40, S=27000] {'wandb': 'ReFT_small|gsm8k_python_sdp_galactica_125m_08', 'lr': '1.4066e-05', 'T.loss': '0.02021', 'Eval.Gen.value_accuracy_best': '22.745'}
[E=15/40, S=27010] {'wandb': 'ReFT_small|gsm8k_python_sdp_galactica_125m_08', 'lr': '1.4063e-05', 'T.loss': '0.0224', 'Eval.Gen.value_accuracy_best': '22.745'}
[E=15/40, S=27020] {'wandb': 'ReFT_small|gsm8k_python_sdp_galactica_125m_08', 'lr': '1.406e-05', 'T.loss': '0.035126', 'Eval.Gen.value_accuracy_best': '22.745'}
[E=15/40, S=27030] {'wandb': 'ReFT_small|gsm8k_python_sdp_galactica_125m_08', 'lr': '1.4057e-05', 'T.loss': '0.025063', 'Eval.Gen.value_accuracy_best': '22.745'}
[E=15/40, S=27040] {'wandb': 'ReFT_small|gsm8k_python_sdp_galactica_125m_08', 'lr': '1.4054e-05', 'T.loss': '0.012691', 'Eval.Gen.value_accuracy_best': '22.745'}
[E=15/40, S=27050] {'wandb': 'ReFT_small|gsm8k_python_sdp_galactica_125m_08', 'lr': '1.4051e-05', 'T.loss': '0.017914', 'Eval.Gen.value_accuracy_best': '22.745'}
[E=15/40, S=27060] {'wandb': 'ReFT_small|gsm8k_python_sdp_galactica_125m_08', 'lr': '1.4047e-05', 'T.loss': '0.020416', 'Eval.Gen.value_accuracy_best': '22.745'}
[E=15/40, S=27070] {'wandb': 'ReFT_small|gsm8k_python_sdp_galactica_125m_08', 'lr': '1.4044e-05', 'T.loss': '0.011007', 'Eval.Gen.value_accuracy_best': '22.745'}
[E=15/40, S=27080] {'wandb': 'ReFT_small|gsm8k_python_sdp_galactica_125m_08', 'lr': '1.4041e-05', 'T.loss': '0.016527', 'Eval.Gen.value_accuracy_best': '22.745'}
[E=15/40, S=27090] {'wandb': 'ReFT_small|gsm8k_python_sdp_galactica_125m_08', 'lr': '1.4038e-05', 'T.loss': '0.015823', 'Eval.Gen.value_accuracy_best': '22.745'}
[E=15/40, S=27100] {'wandb': 'ReFT_small|gsm8k_python_sdp_galactica_125m_08', 'lr': '1.4035e-05', 'T.loss': '0.01123', 'Eval.Gen.value_accuracy_best': '22.745'}
[E=15/40, S=27110] {'wandb': 'ReFT_small|gsm8k_python_sdp_galactica_125m_08', 'lr': '1.4032e-05', 'T.loss': '0.017982', 'Eval.Gen.value_accuracy_best': '22.745'}
[E=15/40, S=27120] {'wandb': 'ReFT_small|gsm8k_python_sdp_galactica_125m_08', 'lr': '1.4029e-05', 'T.loss': '0.031387', 'Eval.Gen.value_accuracy_best': '22.745'}
[E=15/40, S=27130] {'wandb': 'ReFT_small|gsm8k_python_sdp_galactica_125m_08', 'lr': '1.4026e-05', 'T.loss': '0.017731', 'Eval.Gen.value_accuracy_best': '22.745'}
[E=15/40, S=27140] {'wandb': 'ReFT_small|gsm8k_python_sdp_galactica_125m_08', 'lr': '1.4023e-05', 'T.loss': '0.018486', 'Eval.Gen.value_accuracy_best': '22.745'}
[E=15/40, S=27150] {'wandb': 'ReFT_small|gsm8k_python_sdp_galactica_125m_08', 'lr': '1.402e-05', 'T.loss': '0.0086498', 'Eval.Gen.value_accuracy_best': '22.745'}
[E=15/40, S=27160] {'wandb': 'ReFT_small|gsm8k_python_sdp_galactica_125m_08', 'lr': '1.4017e-05', 'T.loss': '0.027725', 'Eval.Gen.value_accuracy_best': '22.745'}
[E=15/40, S=27170] {'wandb': 'ReFT_small|gsm8k_python_sdp_galactica_125m_08', 'lr': '1.4014e-05', 'T.loss': '0.013401', 'Eval.Gen.value_accuracy_best': '22.745'}
[E=15/40, S=27180] {'wandb': 'ReFT_small|gsm8k_python_sdp_galactica_125m_08', 'lr': '1.4011e-05', 'T.loss': '0.016197', 'Eval.Gen.value_accuracy_best': '22.745'}
[E=15/40, S=27190] {'wandb': 'ReFT_small|gsm8k_python_sdp_galactica_125m_08', 'lr': '1.4008e-05', 'T.loss': '0.015617', 'Eval.Gen.value_accuracy_best': '22.745'}
[E=15/40, S=27200] {'wandb': 'ReFT_small|gsm8k_python_sdp_galactica_125m_08', 'lr': '1.4005e-05', 'T.loss': '0.012365', 'Eval.Gen.value_accuracy_best': '22.745'}
[E=15/40, S=27210] {'wandb': 'ReFT_small|gsm8k_python_sdp_galactica_125m_08', 'lr': '1.4002e-05', 'T.loss': '0.030441', 'Eval.Gen.value_accuracy_best': '22.745'}
[E=15/40, S=27220] {'wandb': 'ReFT_small|gsm8k_python_sdp_galactica_125m_08', 'lr': '1.3999e-05', 'T.loss': '0.01046', 'Eval.Gen.value_accuracy_best': '22.745'}
[E=15/40, S=27230] {'wandb': 'ReFT_small|gsm8k_python_sdp_galactica_125m_08', 'lr': '1.3996e-05', 'T.loss': '0.028902', 'Eval.Gen.value_accuracy_best': '22.745'}
[E=15/40, S=27240] {'wandb': 'ReFT_small|gsm8k_python_sdp_galactica_125m_08', 'lr': '1.3993e-05', 'T.loss': '0.018524', 'Eval.Gen.value_accuracy_best': '22.745'}
[E=15/40, S=27250] {'wandb': 'ReFT_small|gsm8k_python_sdp_galactica_125m_08', 'lr': '1.399e-05', 'T.loss': '0.02166', 'Eval.Gen.value_accuracy_best': '22.745'}
[E=15/40, S=27260] {'wandb': 'ReFT_small|gsm8k_python_sdp_galactica_125m_08', 'lr': '1.3987e-05', 'T.loss': '0.0063515', 'Eval.Gen.value_accuracy_best': '22.745'}
[E=15/40, S=27270] {'wandb': 'ReFT_small|gsm8k_python_sdp_galactica_125m_08', 'lr': '1.3984e-05', 'T.loss': '0.018848', 'Eval.Gen.value_accuracy_best': '22.745'}
[E=15/40, S=27280] {'wandb': 'ReFT_small|gsm8k_python_sdp_galactica_125m_08', 'lr': '1.3981e-05', 'T.loss': '0.011957', 'Eval.Gen.value_accuracy_best': '22.745'}
[E=15/40, S=27290] {'wandb': 'ReFT_small|gsm8k_python_sdp_galactica_125m_08', 'lr': '1.3978e-05', 'T.loss': '0.025131', 'Eval.Gen.value_accuracy_best': '22.745'}
[E=15/40, S=27300] {'wandb': 'ReFT_small|gsm8k_python_sdp_galactica_125m_08', 'lr': '1.3975e-05', 'T.loss': '0.019947', 'Eval.Gen.value_accuracy_best': '22.745'}
[E=15/40, S=27310] {'wandb': 'ReFT_small|gsm8k_python_sdp_galactica_125m_08', 'lr': '1.3972e-05', 'T.loss': '0.020435', 'Eval.Gen.value_accuracy_best': '22.745'}
[E=15/40, S=27320] {'wandb': 'ReFT_small|gsm8k_python_sdp_galactica_125m_08', 'lr': '1.3969e-05', 'T.loss': '0.017786', 'Eval.Gen.value_accuracy_best': '22.745'}
[E=15/40, S=27330] {'wandb': 'ReFT_small|gsm8k_python_sdp_galactica_125m_08', 'lr': '1.3966e-05', 'T.loss': '0.021446', 'Eval.Gen.value_accuracy_best': '22.745'}
[E=15/40, S=27340] {'wandb': 'ReFT_small|gsm8k_python_sdp_galactica_125m_08', 'lr': '1.3963e-05', 'T.loss': '0.016479', 'Eval.Gen.value_accuracy_best': '22.745'}
[E=15/40, S=27350] {'wandb': 'ReFT_small|gsm8k_python_sdp_galactica_125m_08', 'lr': '1.396e-05', 'T.loss': '0.02317', 'Eval.Gen.value_accuracy_best': '22.745'}
[E=15/40, S=27360] {'wandb': 'ReFT_small|gsm8k_python_sdp_galactica_125m_08', 'lr': '1.3957e-05', 'T.loss': '0.01619', 'Eval.Gen.value_accuracy_best': '22.745'}
[E=15/40, S=27370] {'wandb': 'ReFT_small|gsm8k_python_sdp_galactica_125m_08', 'lr': '1.3954e-05', 'T.loss': '0.03508', 'Eval.Gen.value_accuracy_best': '22.745'}
[E=15/40, S=27380] {'wandb': 'ReFT_small|gsm8k_python_sdp_galactica_125m_08', 'lr': '1.3951e-05', 'T.loss': '0.028793', 'Eval.Gen.value_accuracy_best': '22.745'}
[E=15/40, S=27390] {'wandb': 'ReFT_small|gsm8k_python_sdp_galactica_125m_08', 'lr': '1.3948e-05', 'T.loss': '0.020004', 'Eval.Gen.value_accuracy_best': '22.745'}
[E=15/40, S=27400] {'wandb': 'ReFT_small|gsm8k_python_sdp_galactica_125m_08', 'lr': '1.3945e-05', 'T.loss': '0.028915', 'Eval.Gen.value_accuracy_best': '22.745'}
[E=15/40, S=27410] {'wandb': 'ReFT_small|gsm8k_python_sdp_galactica_125m_08', 'lr': '1.3942e-05', 'T.loss': '0.024872', 'Eval.Gen.value_accuracy_best': '22.745'}
[E=15/40, S=27420] {'wandb': 'ReFT_small|gsm8k_python_sdp_galactica_125m_08', 'lr': '1.3939e-05', 'T.loss': '0.020042', 'Eval.Gen.value_accuracy_best': '22.745'}
[E=15/40, S=27430] {'wandb': 'ReFT_small|gsm8k_python_sdp_galactica_125m_08', 'lr': '1.3936e-05', 'T.loss': '0.027733', 'Eval.Gen.value_accuracy_best': '22.745'}
[E=15/40, S=27440] {'wandb': 'ReFT_small|gsm8k_python_sdp_galactica_125m_08', 'lr': '1.3933e-05', 'T.loss': '0.020058', 'Eval.Gen.value_accuracy_best': '22.745'}
[E=15/40, S=27450] {'wandb': 'ReFT_small|gsm8k_python_sdp_galactica_125m_08', 'lr': '1.393e-05', 'T.loss': '0.015945', 'Eval.Gen.value_accuracy_best': '22.745'}
[E=15/40, S=27460] {'wandb': 'ReFT_small|gsm8k_python_sdp_galactica_125m_08', 'lr': '1.3927e-05', 'T.loss': '0.023079', 'Eval.Gen.value_accuracy_best': '22.745'}
[E=15/40, S=27470] {'wandb': 'ReFT_small|gsm8k_python_sdp_galactica_125m_08', 'lr': '1.3924e-05', 'T.loss': '0.024956', 'Eval.Gen.value_accuracy_best': '22.745'}
[E=15/40, S=27480] {'wandb': 'ReFT_small|gsm8k_python_sdp_galactica_125m_08', 'lr': '1.3921e-05', 'T.loss': '0.033302', 'Eval.Gen.value_accuracy_best': '22.745'}
[E=15/40, S=27490] {'wandb': 'ReFT_small|gsm8k_python_sdp_galactica_125m_08', 'lr': '1.3918e-05', 'T.loss': '0.027405', 'Eval.Gen.value_accuracy_best': '22.745'}
[E=15/40, S=27500] {'wandb': 'ReFT_small|gsm8k_python_sdp_galactica_125m_08', 'lr': '1.3915e-05', 'T.loss': '0.028046', 'Eval.Gen.value_accuracy_best': '22.745'}
[E=15/40, S=27510] {'wandb': 'ReFT_small|gsm8k_python_sdp_galactica_125m_08', 'lr': '1.3912e-05', 'T.loss': '0.017174', 'Eval.Gen.value_accuracy_best': '22.745'}
[E=15/40, S=27520] {'wandb': 'ReFT_small|gsm8k_python_sdp_galactica_125m_08', 'lr': '1.3909e-05', 'T.loss': '0.008606', 'Eval.Gen.value_accuracy_best': '22.745'}
[E=15/40, S=27530] {'wandb': 'ReFT_small|gsm8k_python_sdp_galactica_125m_08', 'lr': '1.3906e-05', 'T.loss': '0.02375', 'Eval.Gen.value_accuracy_best': '22.745'}
[E=15/40, S=27540] {'wandb': 'ReFT_small|gsm8k_python_sdp_galactica_125m_08', 'lr': '1.3902e-05', 'T.loss': '0.019379', 'Eval.Gen.value_accuracy_best': '22.745'}
[E=15/40, S=27550] {'wandb': 'ReFT_small|gsm8k_python_sdp_galactica_125m_08', 'lr': '1.3899e-05', 'T.loss': '0.014233', 'Eval.Gen.value_accuracy_best': '22.745'}
[E=15/40, S=27560] {'wandb': 'ReFT_small|gsm8k_python_sdp_galactica_125m_08', 'lr': '1.3896e-05', 'T.loss': '0.01565', 'Eval.Gen.value_accuracy_best': '22.745'}
[E=15/40, S=27570] {'wandb': 'ReFT_small|gsm8k_python_sdp_galactica_125m_08', 'lr': '1.3893e-05', 'T.loss': '0.011881', 'Eval.Gen.value_accuracy_best': '22.745'}
[E=15/40, S=27580] {'wandb': 'ReFT_small|gsm8k_python_sdp_galactica_125m_08', 'lr': '1.389e-05', 'T.loss': '0.0094833', 'Eval.Gen.value_accuracy_best': '22.745'}
name 'house_value_before_repair' is not defined
name 'toulouse_sheep' is not defined
name 'distance_final' is not defined
name 'mini_cupcakes_cost' is not defined
name 'lemons_growth_per_year' is not defined
local variable 'hip_hop_dance' referenced before assignment
local variable 'time_west' referenced before assignment
local variable 'pieces_per_pie' referenced before assignment
name 'occupied_occupied_units' is not defined
name 'eggs_per_dozen' is not defined
local variable 'pounds_remaining' referenced before assignment
name 'driver_weight' is not defined
invalid syntax (<string>, line 5)
local variable 'salary_after_five_years' referenced before assignment
local variable 'gift_bags_left' referenced before assignment
name 'friend_4' is not defined
name 'jigsaw_pieces_board' is not defined
local variable 'episodes_wednesday' referenced before assignment
invalid syntax (<string>, line 7)
invalid syntax (<string>, line 9)
local variable 'watermelon_cost' referenced before assignment
name 'brian_games_brian_games_difference' is not defined
name 'bees_return_after_2_hours' is not defined
name 'blake_runner_runner_runner_yards' is not defined
name 'locsin_starfish_total' is not defined
name 'hour_of_freelance' is not defined
name 'potatoes_peel_time' is not defined
name 'total_budget' is not defined
local variable 'red_roses_white_carnations' referenced before assignment
local variable 'total_bags' referenced before assignment
name 'company_a_sentence_rate_pb' is not defined
name 'customers_total' is not defined
name 'time_in_pool_2_after_leak' is not defined
name 'pieces_per_minute' is not defined
local variable 'students_exit_c' referenced before assignment
name 'sue_cookies_total' is not defined
name 'redwood_wood_section_length' is not defined
name 'brokerage_fee_percent' is not defined
local variable 'cards_letter_c' referenced before assignment
name 'bids_initial' is not defined
name 'pool_cost' is not defined
name 'cream_strength' is not defined
local variable 'junior_employees' referenced before assignment
name 'charge_rate_after' is not defined
local variable 'job_b_total_pay' referenced before assignment
unindent does not match any outer indentation level (<string>, line 5)
invalid syntax (<string>, line 5)
name 'num_days_increase' is not defined
name 'silo_price' is not defined
name 'medicine_cost_per_week' is not defined
name 'wednesday_hours' is not defined
local variable 'savings_2' referenced before assignment
local variable 'distance_third_city_to_first_city' referenced before assignment
name 'distance_initial' is not defined
invalid syntax (<string>, line 7)
invalid syntax. Perhaps you forgot a comma? (<string>, line 7)
name 'apples_picked_double' is not defined
name 'pitcher_price' is not defined
name 'gifts_total' is not defined
local variable 'steps_taken' referenced before assignment
name 'fireworks_spent' is not defined
integer division or modulo by zero
name 'cake_weight_remaining' is not defined
name 'margareth_packs' is not defined
name 'jon_time_per_percent' is not defined
name 'helium_balloons' is not defined
name 'rubies' is not defined
name 'jennifer_spotted' is not defined
name 'boxes' is not defined
name 'becky_apples_cost_actual' is not defined
invalid syntax (<string>, line 6)
name 'miles_per_hour' is not defined
name 'cost_before_discount' is not defined
invalid syntax (<string>, line 6)
invalid syntax (<string>, line 7)
invalid syntax (<string>, line 8)
local variable 'rob_time' referenced before assignment
local variable 'problems_left' referenced before assignment
invalid syntax (<string>, line 10)
local variable 'bottles_initial' referenced before assignment
name 'savings_per_hour' is not defined
name 'cups_recommended' is not defined
invalid syntax (<string>, line 6)
name 'sandwich_cost' is not defined
name 'affenpinscher_weight' is not defined
invalid syntax (<string>, line 9)
name 'implant_cost' is not defined
name 'cups_sold_4_hours' is not defined
invalid syntax (<string>, line 5)
name 'fish_bags' is not defined
name 'beanstalk_after' is not defined
invalid syntax (<string>, line 5)
name 'cars_price' is not defined
local variable 'riders_with_standing_on_wave' referenced before assignment
name 'classes_cost' is not defined
name 'julie_customers' is not defined
local variable 'dress_pants_cost' referenced before assignment
local variable 'pomegranates_price_after_tax' referenced before assignment
name 'pages_per_page' is not defined
name 'purchase_time' is not defined
name 'chicken_num' is not defined
name 'aurelia_money' is not defined
name 'height_growth_rate' is not defined
local variable 'candies_cost' referenced before assignment
name 'apple' is not defined
name 'tom_points' is not defined
name 'cost_per_snack' is not defined
local variable 'water_total' referenced before assignment
invalid syntax (<string>, line 5)
invalid decimal literal (<string>, line 10)
name 'boris_apples_after' is not defined
name 'tomatoes_per_week' is not defined
name 'gunther_bananas_stolen' is not defined
invalid syntax (<string>, line 7)
local variable 'people_won_big_race_12' referenced before assignment
name 'movies_with_Series' is not defined
local variable 'seconds_left' referenced before assignment
local variable 'pizzas_cost_30' referenced before assignment
invalid syntax (<string>, line 5)
unindent does not match any outer indentation level (<string>, line 5)
name 'sally_rate' is not defined
local variable 'total_trees' referenced before assignment
name 'branches_per_hour' is not defined
name 'mirrors_cost' is not defined
name 'turtle' is not defined
unsupported operand type(s) for /: 'list' and 'int'
name 'anne_books' is not defined
name 'true_question_score' is not defined
name 'total_meal' is not defined
local variable 'notebooks_cost' referenced before assignment
name 'cake_dozen' is not defined
name 'movies_candy_monthly' is not defined
name 'boxes_per_box' is not defined
name 'widgets_widget_3' is not defined
name 'sweet_potato_price' is not defined
invalid syntax (<string>, line 5)
name 'petunias' is not defined
invalid syntax (<string>, line 5)
invalid syntax (<string>, line 9)
invalid syntax (<string>, line 5)
name 'water_pump_day' is not defined
name 'charge_after_7_percent' is not defined
name 'apples_cost' is not defined
local variable 'pages_per_minute' referenced before assignment
name 'ore_per_month_with_iron_pickaxe' is not defined
name 'red_balloons_released' is not defined
invalid syntax (<string>, line 6)
invalid syntax (<string>, line 9)
local variable 'total_sheets' referenced before assignment
name 'becky_jake_slices' is not defined
local variable 'emails_per_week' referenced before assignment
local variable 'num_tests' referenced before assignment
name 'mark_meatballs_eaten' is not defined
name 'banana_per_bunch_individual' is not defined
name 'sam_footage' is not defined
local variable 'starting_height' referenced before assignment
local variable 'sodas_left_after' referenced before assignment
local variable 'time_final' referenced before assignment
invalid syntax (<string>, line 6)
invalid syntax (<string>, line 6)
name 'logs_per_log' is not defined
invalid syntax (<string>, line 5)
name 'bags' is not defined
name 'potatoes_eaten' is not defined
name 'days_eaten_per_day' is not defined
local variable 'passengers_ratio' referenced before assignment
invalid syntax (<string>, line 5)
local variable 'carrey_seashells' referenced before assignment
local variable 'juice_cost' referenced before assignment
name 'land_per_square_meter' is not defined
invalid syntax (<string>, line 8)
invalid syntax (<string>, line 5)
invalid syntax (<string>, line 5)
invalid syntax (<string>, line 5)
name 'mattison_height_first_floor' is not defined
name 'tuna_weight' is not defined
local variable 'passengers_second_station' referenced before assignment
name 'visits_per_visit_initial' is not defined
name 'students_points_per_year' is not defined
name 'length_part' is not defined
name 'windows_needed' is not defined
local variable 'cupcakes_brownies' referenced before assignment
name 'time_at_allan_texas_km' is not defined
local variable 'calls_to_sell_new_cars' referenced before assignment
name 'flashlights_per_person' is not defined
name 'num_adults' is not defined
name 'bowls_quantity' is not defined
name 'shoes_discount' is not defined
name 'honey_cost_per_pound' is not defined
name 'holes_to_fill' is not defined
unindent does not match any outer indentation level (<string>, line 5)
name 'oranges_peeled_time' is not defined
name 'radion_cost' is not defined
[Eval Info] value_accuracy: 23.654%
[E=15/40, S=27585] {'wandb': 'ReFT_small|gsm8k_python_sdp_galactica_125m_08', 'lr': '1.3889e-05', 'T.loss': '0.0062218', 'Eval.Gen.value_accuracy': '23.654', 'Eval.Gen.value_accuracy_best': '23.654'}
[E=16/40, S=27590] {'wandb': 'ReFT_small|gsm8k_python_sdp_galactica_125m_08', 'lr': '1.3887e-05', 'T.loss': '0.0071297', 'Eval.Gen.value_accuracy_best': '23.654'}
[E=16/40, S=27600] {'wandb': 'ReFT_small|gsm8k_python_sdp_galactica_125m_08', 'lr': '1.3884e-05', 'T.loss': '0.015942', 'Eval.Gen.value_accuracy_best': '23.654'}
[E=16/40, S=27610] {'wandb': 'ReFT_small|gsm8k_python_sdp_galactica_125m_08', 'lr': '1.3881e-05', 'T.loss': '0.0107', 'Eval.Gen.value_accuracy_best': '23.654'}
[E=16/40, S=27620] {'wandb': 'ReFT_small|gsm8k_python_sdp_galactica_125m_08', 'lr': '1.3878e-05', 'T.loss': '0.016708', 'Eval.Gen.value_accuracy_best': '23.654'}
[E=16/40, S=27630] {'wandb': 'ReFT_small|gsm8k_python_sdp_galactica_125m_08', 'lr': '1.3875e-05', 'T.loss': '0.01524', 'Eval.Gen.value_accuracy_best': '23.654'}
[E=16/40, S=27640] {'wandb': 'ReFT_small|gsm8k_python_sdp_galactica_125m_08', 'lr': '1.3872e-05', 'T.loss': '0.004797', 'Eval.Gen.value_accuracy_best': '23.654'}
[E=16/40, S=27650] {'wandb': 'ReFT_small|gsm8k_python_sdp_galactica_125m_08', 'lr': '1.3869e-05', 'T.loss': '0.016602', 'Eval.Gen.value_accuracy_best': '23.654'}
[E=16/40, S=27660] {'wandb': 'ReFT_small|gsm8k_python_sdp_galactica_125m_08', 'lr': '1.3866e-05', 'T.loss': '0.0075321', 'Eval.Gen.value_accuracy_best': '23.654'}
[E=16/40, S=27670] {'wandb': 'ReFT_small|gsm8k_python_sdp_galactica_125m_08', 'lr': '1.3863e-05', 'T.loss': '0.023582', 'Eval.Gen.value_accuracy_best': '23.654'}
[E=16/40, S=27680] {'wandb': 'ReFT_small|gsm8k_python_sdp_galactica_125m_08', 'lr': '1.386e-05', 'T.loss': '0.015017', 'Eval.Gen.value_accuracy_best': '23.654'}
[E=16/40, S=27690] {'wandb': 'ReFT_small|gsm8k_python_sdp_galactica_125m_08', 'lr': '1.3857e-05', 'T.loss': '0.01445', 'Eval.Gen.value_accuracy_best': '23.654'}
[E=16/40, S=27700] {'wandb': 'ReFT_small|gsm8k_python_sdp_galactica_125m_08', 'lr': '1.3854e-05', 'T.loss': '0.012146', 'Eval.Gen.value_accuracy_best': '23.654'}
[E=16/40, S=27710] {'wandb': 'ReFT_small|gsm8k_python_sdp_galactica_125m_08', 'lr': '1.3851e-05', 'T.loss': '0.02916', 'Eval.Gen.value_accuracy_best': '23.654'}
[E=16/40, S=27720] {'wandb': 'ReFT_small|gsm8k_python_sdp_galactica_125m_08', 'lr': '1.3848e-05', 'T.loss': '0.012547', 'Eval.Gen.value_accuracy_best': '23.654'}
[E=16/40, S=27730] {'wandb': 'ReFT_small|gsm8k_python_sdp_galactica_125m_08', 'lr': '1.3845e-05', 'T.loss': '0.024517', 'Eval.Gen.value_accuracy_best': '23.654'}
[E=16/40, S=27740] {'wandb': 'ReFT_small|gsm8k_python_sdp_galactica_125m_08', 'lr': '1.3842e-05', 'T.loss': '0.0038805', 'Eval.Gen.value_accuracy_best': '23.654'}
[E=16/40, S=27750] {'wandb': 'ReFT_small|gsm8k_python_sdp_galactica_125m_08', 'lr': '1.3839e-05', 'T.loss': '0.01754', 'Eval.Gen.value_accuracy_best': '23.654'}
[E=16/40, S=27760] {'wandb': 'ReFT_small|gsm8k_python_sdp_galactica_125m_08', 'lr': '1.3836e-05', 'T.loss': '0.018833', 'Eval.Gen.value_accuracy_best': '23.654'}
[E=16/40, S=27770] {'wandb': 'ReFT_small|gsm8k_python_sdp_galactica_125m_08', 'lr': '1.3833e-05', 'T.loss': '0.013916', 'Eval.Gen.value_accuracy_best': '23.654'}
[E=16/40, S=27780] {'wandb': 'ReFT_small|gsm8k_python_sdp_galactica_125m_08', 'lr': '1.383e-05', 'T.loss': '0.0051517', 'Eval.Gen.value_accuracy_best': '23.654'}
[E=16/40, S=27790] {'wandb': 'ReFT_small|gsm8k_python_sdp_galactica_125m_08', 'lr': '1.3827e-05', 'T.loss': '0.0088634', 'Eval.Gen.value_accuracy_best': '23.654'}
[E=16/40, S=27800] {'wandb': 'ReFT_small|gsm8k_python_sdp_galactica_125m_08', 'lr': '1.3824e-05', 'T.loss': '0.015575', 'Eval.Gen.value_accuracy_best': '23.654'}
[E=16/40, S=27810] {'wandb': 'ReFT_small|gsm8k_python_sdp_galactica_125m_08', 'lr': '1.3821e-05', 'T.loss': '0.01786', 'Eval.Gen.value_accuracy_best': '23.654'}
[E=16/40, S=27820] {'wandb': 'ReFT_small|gsm8k_python_sdp_galactica_125m_08', 'lr': '1.3818e-05', 'T.loss': '0.018215', 'Eval.Gen.value_accuracy_best': '23.654'}
[E=16/40, S=27830] {'wandb': 'ReFT_small|gsm8k_python_sdp_galactica_125m_08', 'lr': '1.3815e-05', 'T.loss': '0.0090942', 'Eval.Gen.value_accuracy_best': '23.654'}
[E=16/40, S=27840] {'wandb': 'ReFT_small|gsm8k_python_sdp_galactica_125m_08', 'lr': '1.3812e-05', 'T.loss': '0.0083294', 'Eval.Gen.value_accuracy_best': '23.654'}
[E=16/40, S=27850] {'wandb': 'ReFT_small|gsm8k_python_sdp_galactica_125m_08', 'lr': '1.3809e-05', 'T.loss': '0.0099068', 'Eval.Gen.value_accuracy_best': '23.654'}
[E=16/40, S=27860] {'wandb': 'ReFT_small|gsm8k_python_sdp_galactica_125m_08', 'lr': '1.3806e-05', 'T.loss': '0.014258', 'Eval.Gen.value_accuracy_best': '23.654'}
[E=16/40, S=27870] {'wandb': 'ReFT_small|gsm8k_python_sdp_galactica_125m_08', 'lr': '1.3803e-05', 'T.loss': '0.011902', 'Eval.Gen.value_accuracy_best': '23.654'}
[E=16/40, S=27880] {'wandb': 'ReFT_small|gsm8k_python_sdp_galactica_125m_08', 'lr': '1.38e-05', 'T.loss': '0.023293', 'Eval.Gen.value_accuracy_best': '23.654'}
[E=16/40, S=27890] {'wandb': 'ReFT_small|gsm8k_python_sdp_galactica_125m_08', 'lr': '1.3797e-05', 'T.loss': '0.014111', 'Eval.Gen.value_accuracy_best': '23.654'}
[E=16/40, S=27900] {'wandb': 'ReFT_small|gsm8k_python_sdp_galactica_125m_08', 'lr': '1.3794e-05', 'T.loss': '0.017788', 'Eval.Gen.value_accuracy_best': '23.654'}
[E=16/40, S=27910] {'wandb': 'ReFT_small|gsm8k_python_sdp_galactica_125m_08', 'lr': '1.3791e-05', 'T.loss': '0.026871', 'Eval.Gen.value_accuracy_best': '23.654'}
[E=16/40, S=27920] {'wandb': 'ReFT_small|gsm8k_python_sdp_galactica_125m_08', 'lr': '1.3788e-05', 'T.loss': '0.015289', 'Eval.Gen.value_accuracy_best': '23.654'}
[E=16/40, S=27930] {'wandb': 'ReFT_small|gsm8k_python_sdp_galactica_125m_08', 'lr': '1.3785e-05', 'T.loss': '0.013107', 'Eval.Gen.value_accuracy_best': '23.654'}
[E=16/40, S=27940] {'wandb': 'ReFT_small|gsm8k_python_sdp_galactica_125m_08', 'lr': '1.3782e-05', 'T.loss': '0.014633', 'Eval.Gen.value_accuracy_best': '23.654'}
[E=16/40, S=27950] {'wandb': 'ReFT_small|gsm8k_python_sdp_galactica_125m_08', 'lr': '1.3779e-05', 'T.loss': '0.022688', 'Eval.Gen.value_accuracy_best': '23.654'}
[E=16/40, S=27960] {'wandb': 'ReFT_small|gsm8k_python_sdp_galactica_125m_08', 'lr': '1.3776e-05', 'T.loss': '0.0074215', 'Eval.Gen.value_accuracy_best': '23.654'}
[E=16/40, S=27970] {'wandb': 'ReFT_small|gsm8k_python_sdp_galactica_125m_08', 'lr': '1.3773e-05', 'T.loss': '0.020126', 'Eval.Gen.value_accuracy_best': '23.654'}
[E=16/40, S=27980] {'wandb': 'ReFT_small|gsm8k_python_sdp_galactica_125m_08', 'lr': '1.377e-05', 'T.loss': '0.011641', 'Eval.Gen.value_accuracy_best': '23.654'}
[E=16/40, S=27990] {'wandb': 'ReFT_small|gsm8k_python_sdp_galactica_125m_08', 'lr': '1.3767e-05', 'T.loss': '0.016647', 'Eval.Gen.value_accuracy_best': '23.654'}
[E=16/40, S=28000] {'wandb': 'ReFT_small|gsm8k_python_sdp_galactica_125m_08', 'lr': '1.3764e-05', 'T.loss': '0.020279', 'Eval.Gen.value_accuracy_best': '23.654'}
[E=16/40, S=28010] {'wandb': 'ReFT_small|gsm8k_python_sdp_galactica_125m_08', 'lr': '1.376e-05', 'T.loss': '0.025513', 'Eval.Gen.value_accuracy_best': '23.654'}
[E=16/40, S=28020] {'wandb': 'ReFT_small|gsm8k_python_sdp_galactica_125m_08', 'lr': '1.3757e-05', 'T.loss': '0.012159', 'Eval.Gen.value_accuracy_best': '23.654'}
[E=16/40, S=28030] {'wandb': 'ReFT_small|gsm8k_python_sdp_galactica_125m_08', 'lr': '1.3754e-05', 'T.loss': '0.017941', 'Eval.Gen.value_accuracy_best': '23.654'}
[E=16/40, S=28040] {'wandb': 'ReFT_small|gsm8k_python_sdp_galactica_125m_08', 'lr': '1.3751e-05', 'T.loss': '0.013359', 'Eval.Gen.value_accuracy_best': '23.654'}
[E=16/40, S=28050] {'wandb': 'ReFT_small|gsm8k_python_sdp_galactica_125m_08', 'lr': '1.3748e-05', 'T.loss': '0.01704', 'Eval.Gen.value_accuracy_best': '23.654'}
[E=16/40, S=28060] {'wandb': 'ReFT_small|gsm8k_python_sdp_galactica_125m_08', 'lr': '1.3745e-05', 'T.loss': '0.025551', 'Eval.Gen.value_accuracy_best': '23.654'}
[E=16/40, S=28070] {'wandb': 'ReFT_small|gsm8k_python_sdp_galactica_125m_08', 'lr': '1.3742e-05', 'T.loss': '0.01947', 'Eval.Gen.value_accuracy_best': '23.654'}
[E=16/40, S=28080] {'wandb': 'ReFT_small|gsm8k_python_sdp_galactica_125m_08', 'lr': '1.3739e-05', 'T.loss': '0.011967', 'Eval.Gen.value_accuracy_best': '23.654'}
[E=16/40, S=28090] {'wandb': 'ReFT_small|gsm8k_python_sdp_galactica_125m_08', 'lr': '1.3736e-05', 'T.loss': '0.0082779', 'Eval.Gen.value_accuracy_best': '23.654'}
[E=16/40, S=28100] {'wandb': 'ReFT_small|gsm8k_python_sdp_galactica_125m_08', 'lr': '1.3733e-05', 'T.loss': '0.017059', 'Eval.Gen.value_accuracy_best': '23.654'}
[E=16/40, S=28110] {'wandb': 'ReFT_small|gsm8k_python_sdp_galactica_125m_08', 'lr': '1.373e-05', 'T.loss': '0.023479', 'Eval.Gen.value_accuracy_best': '23.654'}
[E=16/40, S=28120] {'wandb': 'ReFT_small|gsm8k_python_sdp_galactica_125m_08', 'lr': '1.3727e-05', 'T.loss': '0.010551', 'Eval.Gen.value_accuracy_best': '23.654'}
[E=16/40, S=28130] {'wandb': 'ReFT_small|gsm8k_python_sdp_galactica_125m_08', 'lr': '1.3724e-05', 'T.loss': '0.0082111', 'Eval.Gen.value_accuracy_best': '23.654'}
[E=16/40, S=28140] {'wandb': 'ReFT_small|gsm8k_python_sdp_galactica_125m_08', 'lr': '1.3721e-05', 'T.loss': '0.014423', 'Eval.Gen.value_accuracy_best': '23.654'}
[E=16/40, S=28150] {'wandb': 'ReFT_small|gsm8k_python_sdp_galactica_125m_08', 'lr': '1.3718e-05', 'T.loss': '0.0071545', 'Eval.Gen.value_accuracy_best': '23.654'}
[E=16/40, S=28160] {'wandb': 'ReFT_small|gsm8k_python_sdp_galactica_125m_08', 'lr': '1.3715e-05', 'T.loss': '0.01791', 'Eval.Gen.value_accuracy_best': '23.654'}
[E=16/40, S=28170] {'wandb': 'ReFT_small|gsm8k_python_sdp_galactica_125m_08', 'lr': '1.3712e-05', 'T.loss': '0.019199', 'Eval.Gen.value_accuracy_best': '23.654'}
[E=16/40, S=28180] {'wandb': 'ReFT_small|gsm8k_python_sdp_galactica_125m_08', 'lr': '1.3709e-05', 'T.loss': '0.016298', 'Eval.Gen.value_accuracy_best': '23.654'}
[E=16/40, S=28190] {'wandb': 'ReFT_small|gsm8k_python_sdp_galactica_125m_08', 'lr': '1.3706e-05', 'T.loss': '0.020607', 'Eval.Gen.value_accuracy_best': '23.654'}
[E=16/40, S=28200] {'wandb': 'ReFT_small|gsm8k_python_sdp_galactica_125m_08', 'lr': '1.3703e-05', 'T.loss': '0.0092354', 'Eval.Gen.value_accuracy_best': '23.654'}
[E=16/40, S=28210] {'wandb': 'ReFT_small|gsm8k_python_sdp_galactica_125m_08', 'lr': '1.37e-05', 'T.loss': '0.011078', 'Eval.Gen.value_accuracy_best': '23.654'}
[E=16/40, S=28220] {'wandb': 'ReFT_small|gsm8k_python_sdp_galactica_125m_08', 'lr': '1.3697e-05', 'T.loss': '0.0064297', 'Eval.Gen.value_accuracy_best': '23.654'}
[E=16/40, S=28230] {'wandb': 'ReFT_small|gsm8k_python_sdp_galactica_125m_08', 'lr': '1.3694e-05', 'T.loss': '0.012924', 'Eval.Gen.value_accuracy_best': '23.654'}
[E=16/40, S=28240] {'wandb': 'ReFT_small|gsm8k_python_sdp_galactica_125m_08', 'lr': '1.3691e-05', 'T.loss': '0.015305', 'Eval.Gen.value_accuracy_best': '23.654'}
[E=16/40, S=28250] {'wandb': 'ReFT_small|gsm8k_python_sdp_galactica_125m_08', 'lr': '1.3688e-05', 'T.loss': '0.014496', 'Eval.Gen.value_accuracy_best': '23.654'}
[E=16/40, S=28260] {'wandb': 'ReFT_small|gsm8k_python_sdp_galactica_125m_08', 'lr': '1.3685e-05', 'T.loss': '0.0097885', 'Eval.Gen.value_accuracy_best': '23.654'}
[E=16/40, S=28270] {'wandb': 'ReFT_small|gsm8k_python_sdp_galactica_125m_08', 'lr': '1.3682e-05', 'T.loss': '0.014332', 'Eval.Gen.value_accuracy_best': '23.654'}
[E=16/40, S=28280] {'wandb': 'ReFT_small|gsm8k_python_sdp_galactica_125m_08', 'lr': '1.3679e-05', 'T.loss': '0.012466', 'Eval.Gen.value_accuracy_best': '23.654'}
[E=16/40, S=28290] {'wandb': 'ReFT_small|gsm8k_python_sdp_galactica_125m_08', 'lr': '1.3676e-05', 'T.loss': '0.010204', 'Eval.Gen.value_accuracy_best': '23.654'}
[E=16/40, S=28300] {'wandb': 'ReFT_small|gsm8k_python_sdp_galactica_125m_08', 'lr': '1.3673e-05', 'T.loss': '0.013683', 'Eval.Gen.value_accuracy_best': '23.654'}
[E=16/40, S=28310] {'wandb': 'ReFT_small|gsm8k_python_sdp_galactica_125m_08', 'lr': '1.367e-05', 'T.loss': '0.014225', 'Eval.Gen.value_accuracy_best': '23.654'}
[E=16/40, S=28320] {'wandb': 'ReFT_small|gsm8k_python_sdp_galactica_125m_08', 'lr': '1.3667e-05', 'T.loss': '0.0096283', 'Eval.Gen.value_accuracy_best': '23.654'}
[E=16/40, S=28330] {'wandb': 'ReFT_small|gsm8k_python_sdp_galactica_125m_08', 'lr': '1.3664e-05', 'T.loss': '0.0057802', 'Eval.Gen.value_accuracy_best': '23.654'}
[E=16/40, S=28340] {'wandb': 'ReFT_small|gsm8k_python_sdp_galactica_125m_08', 'lr': '1.3661e-05', 'T.loss': '0.011806', 'Eval.Gen.value_accuracy_best': '23.654'}
[E=16/40, S=28350] {'wandb': 'ReFT_small|gsm8k_python_sdp_galactica_125m_08', 'lr': '1.3658e-05', 'T.loss': '0.031693', 'Eval.Gen.value_accuracy_best': '23.654'}
[E=16/40, S=28360] {'wandb': 'ReFT_small|gsm8k_python_sdp_galactica_125m_08', 'lr': '1.3655e-05', 'T.loss': '0.015934', 'Eval.Gen.value_accuracy_best': '23.654'}
[E=16/40, S=28370] {'wandb': 'ReFT_small|gsm8k_python_sdp_galactica_125m_08', 'lr': '1.3652e-05', 'T.loss': '0.01535', 'Eval.Gen.value_accuracy_best': '23.654'}
[E=16/40, S=28380] {'wandb': 'ReFT_small|gsm8k_python_sdp_galactica_125m_08', 'lr': '1.3649e-05', 'T.loss': '0.020157', 'Eval.Gen.value_accuracy_best': '23.654'}
[E=16/40, S=28390] {'wandb': 'ReFT_small|gsm8k_python_sdp_galactica_125m_08', 'lr': '1.3646e-05', 'T.loss': '0.028236', 'Eval.Gen.value_accuracy_best': '23.654'}
[E=16/40, S=28400] {'wandb': 'ReFT_small|gsm8k_python_sdp_galactica_125m_08', 'lr': '1.3643e-05', 'T.loss': '0.0090828', 'Eval.Gen.value_accuracy_best': '23.654'}
[E=16/40, S=28410] {'wandb': 'ReFT_small|gsm8k_python_sdp_galactica_125m_08', 'lr': '1.364e-05', 'T.loss': '0.0073605', 'Eval.Gen.value_accuracy_best': '23.654'}
[E=16/40, S=28420] {'wandb': 'ReFT_small|gsm8k_python_sdp_galactica_125m_08', 'lr': '1.3637e-05', 'T.loss': '0.023132', 'Eval.Gen.value_accuracy_best': '23.654'}
[E=16/40, S=28430] {'wandb': 'ReFT_small|gsm8k_python_sdp_galactica_125m_08', 'lr': '1.3634e-05', 'T.loss': '0.015732', 'Eval.Gen.value_accuracy_best': '23.654'}
[E=16/40, S=28440] {'wandb': 'ReFT_small|gsm8k_python_sdp_galactica_125m_08', 'lr': '1.3631e-05', 'T.loss': '0.021896', 'Eval.Gen.value_accuracy_best': '23.654'}
[E=16/40, S=28450] {'wandb': 'ReFT_small|gsm8k_python_sdp_galactica_125m_08', 'lr': '1.3628e-05', 'T.loss': '0.019691', 'Eval.Gen.value_accuracy_best': '23.654'}
[E=16/40, S=28460] {'wandb': 'ReFT_small|gsm8k_python_sdp_galactica_125m_08', 'lr': '1.3625e-05', 'T.loss': '0.036102', 'Eval.Gen.value_accuracy_best': '23.654'}
[E=16/40, S=28470] {'wandb': 'ReFT_small|gsm8k_python_sdp_galactica_125m_08', 'lr': '1.3622e-05', 'T.loss': '0.010864', 'Eval.Gen.value_accuracy_best': '23.654'}
[E=16/40, S=28480] {'wandb': 'ReFT_small|gsm8k_python_sdp_galactica_125m_08', 'lr': '1.3619e-05', 'T.loss': '0.020882', 'Eval.Gen.value_accuracy_best': '23.654'}
[E=16/40, S=28490] {'wandb': 'ReFT_small|gsm8k_python_sdp_galactica_125m_08', 'lr': '1.3615e-05', 'T.loss': '0.018799', 'Eval.Gen.value_accuracy_best': '23.654'}
[E=16/40, S=28500] {'wandb': 'ReFT_small|gsm8k_python_sdp_galactica_125m_08', 'lr': '1.3612e-05', 'T.loss': '0.024216', 'Eval.Gen.value_accuracy_best': '23.654'}
[E=16/40, S=28510] {'wandb': 'ReFT_small|gsm8k_python_sdp_galactica_125m_08', 'lr': '1.3609e-05', 'T.loss': '0.025803', 'Eval.Gen.value_accuracy_best': '23.654'}
[E=16/40, S=28520] {'wandb': 'ReFT_small|gsm8k_python_sdp_galactica_125m_08', 'lr': '1.3606e-05', 'T.loss': '0.0047045', 'Eval.Gen.value_accuracy_best': '23.654'}
[E=16/40, S=28530] {'wandb': 'ReFT_small|gsm8k_python_sdp_galactica_125m_08', 'lr': '1.3603e-05', 'T.loss': '0.017586', 'Eval.Gen.value_accuracy_best': '23.654'}
[E=16/40, S=28540] {'wandb': 'ReFT_small|gsm8k_python_sdp_galactica_125m_08', 'lr': '1.36e-05', 'T.loss': '0.016026', 'Eval.Gen.value_accuracy_best': '23.654'}
[E=16/40, S=28550] {'wandb': 'ReFT_small|gsm8k_python_sdp_galactica_125m_08', 'lr': '1.3597e-05', 'T.loss': '0.014589', 'Eval.Gen.value_accuracy_best': '23.654'}
[E=16/40, S=28560] {'wandb': 'ReFT_small|gsm8k_python_sdp_galactica_125m_08', 'lr': '1.3594e-05', 'T.loss': '0.011074', 'Eval.Gen.value_accuracy_best': '23.654'}
[E=16/40, S=28570] {'wandb': 'ReFT_small|gsm8k_python_sdp_galactica_125m_08', 'lr': '1.3591e-05', 'T.loss': '0.0097122', 'Eval.Gen.value_accuracy_best': '23.654'}
[E=16/40, S=28580] {'wandb': 'ReFT_small|gsm8k_python_sdp_galactica_125m_08', 'lr': '1.3588e-05', 'T.loss': '0.013023', 'Eval.Gen.value_accuracy_best': '23.654'}
[E=16/40, S=28590] {'wandb': 'ReFT_small|gsm8k_python_sdp_galactica_125m_08', 'lr': '1.3585e-05', 'T.loss': '0.008112', 'Eval.Gen.value_accuracy_best': '23.654'}
[E=16/40, S=28600] {'wandb': 'ReFT_small|gsm8k_python_sdp_galactica_125m_08', 'lr': '1.3582e-05', 'T.loss': '0.014553', 'Eval.Gen.value_accuracy_best': '23.654'}
[E=16/40, S=28610] {'wandb': 'ReFT_small|gsm8k_python_sdp_galactica_125m_08', 'lr': '1.3579e-05', 'T.loss': '0.028', 'Eval.Gen.value_accuracy_best': '23.654'}
[E=16/40, S=28620] {'wandb': 'ReFT_small|gsm8k_python_sdp_galactica_125m_08', 'lr': '1.3576e-05', 'T.loss': '0.0097198', 'Eval.Gen.value_accuracy_best': '23.654'}
[E=16/40, S=28630] {'wandb': 'ReFT_small|gsm8k_python_sdp_galactica_125m_08', 'lr': '1.3573e-05', 'T.loss': '0.012142', 'Eval.Gen.value_accuracy_best': '23.654'}
[E=16/40, S=28640] {'wandb': 'ReFT_small|gsm8k_python_sdp_galactica_125m_08', 'lr': '1.357e-05', 'T.loss': '0.02272', 'Eval.Gen.value_accuracy_best': '23.654'}
[E=16/40, S=28650] {'wandb': 'ReFT_small|gsm8k_python_sdp_galactica_125m_08', 'lr': '1.3567e-05', 'T.loss': '0.011458', 'Eval.Gen.value_accuracy_best': '23.654'}
[E=16/40, S=28660] {'wandb': 'ReFT_small|gsm8k_python_sdp_galactica_125m_08', 'lr': '1.3564e-05', 'T.loss': '0.0054893', 'Eval.Gen.value_accuracy_best': '23.654'}
[2025-06-05 20:53:53,384] [INFO] [loss_scaler.py:183:update_scale] [deepspeed] OVERFLOW! Rank 0 Skipping step. Attempted loss scale: 32768, reducing to 16384
[E=16/40, S=28670] {'wandb': 'ReFT_small|gsm8k_python_sdp_galactica_125m_08', 'lr': '1.3561e-05', 'T.loss': '0.021004', 'Eval.Gen.value_accuracy_best': '23.654'}
[E=16/40, S=28680] {'wandb': 'ReFT_small|gsm8k_python_sdp_galactica_125m_08', 'lr': '1.3558e-05', 'T.loss': '0.01466', 'Eval.Gen.value_accuracy_best': '23.654'}
[E=16/40, S=28690] {'wandb': 'ReFT_small|gsm8k_python_sdp_galactica_125m_08', 'lr': '1.3555e-05', 'T.loss': '0.0071974', 'Eval.Gen.value_accuracy_best': '23.654'}
[E=16/40, S=28700] {'wandb': 'ReFT_small|gsm8k_python_sdp_galactica_125m_08', 'lr': '1.3552e-05', 'T.loss': '0.0076027', 'Eval.Gen.value_accuracy_best': '23.654'}
[E=16/40, S=28710] {'wandb': 'ReFT_small|gsm8k_python_sdp_galactica_125m_08', 'lr': '1.3549e-05', 'T.loss': '0.012001', 'Eval.Gen.value_accuracy_best': '23.654'}
[E=16/40, S=28720] {'wandb': 'ReFT_small|gsm8k_python_sdp_galactica_125m_08', 'lr': '1.3546e-05', 'T.loss': '0.019829', 'Eval.Gen.value_accuracy_best': '23.654'}
[E=16/40, S=28730] {'wandb': 'ReFT_small|gsm8k_python_sdp_galactica_125m_08', 'lr': '1.3543e-05', 'T.loss': '0.0116', 'Eval.Gen.value_accuracy_best': '23.654'}
[E=16/40, S=28740] {'wandb': 'ReFT_small|gsm8k_python_sdp_galactica_125m_08', 'lr': '1.354e-05', 'T.loss': '0.025032', 'Eval.Gen.value_accuracy_best': '23.654'}
[E=16/40, S=28750] {'wandb': 'ReFT_small|gsm8k_python_sdp_galactica_125m_08', 'lr': '1.3537e-05', 'T.loss': '0.019596', 'Eval.Gen.value_accuracy_best': '23.654'}
[E=16/40, S=28760] {'wandb': 'ReFT_small|gsm8k_python_sdp_galactica_125m_08', 'lr': '1.3534e-05', 'T.loss': '0.015717', 'Eval.Gen.value_accuracy_best': '23.654'}
[E=16/40, S=28770] {'wandb': 'ReFT_small|gsm8k_python_sdp_galactica_125m_08', 'lr': '1.3531e-05', 'T.loss': '0.029163', 'Eval.Gen.value_accuracy_best': '23.654'}
[E=16/40, S=28780] {'wandb': 'ReFT_small|gsm8k_python_sdp_galactica_125m_08', 'lr': '1.3528e-05', 'T.loss': '0.010048', 'Eval.Gen.value_accuracy_best': '23.654'}
[E=16/40, S=28790] {'wandb': 'ReFT_small|gsm8k_python_sdp_galactica_125m_08', 'lr': '1.3525e-05', 'T.loss': '0.0089073', 'Eval.Gen.value_accuracy_best': '23.654'}
[E=16/40, S=28800] {'wandb': 'ReFT_small|gsm8k_python_sdp_galactica_125m_08', 'lr': '1.3522e-05', 'T.loss': '0.022541', 'Eval.Gen.value_accuracy_best': '23.654'}
[E=16/40, S=28810] {'wandb': 'ReFT_small|gsm8k_python_sdp_galactica_125m_08', 'lr': '1.3519e-05', 'T.loss': '0.013874', 'Eval.Gen.value_accuracy_best': '23.654'}
[E=16/40, S=28820] {'wandb': 'ReFT_small|gsm8k_python_sdp_galactica_125m_08', 'lr': '1.3516e-05', 'T.loss': '0.011208', 'Eval.Gen.value_accuracy_best': '23.654'}
[E=16/40, S=28830] {'wandb': 'ReFT_small|gsm8k_python_sdp_galactica_125m_08', 'lr': '1.3513e-05', 'T.loss': '0.013535', 'Eval.Gen.value_accuracy_best': '23.654'}
[E=16/40, S=28840] {'wandb': 'ReFT_small|gsm8k_python_sdp_galactica_125m_08', 'lr': '1.351e-05', 'T.loss': '0.013124', 'Eval.Gen.value_accuracy_best': '23.654'}
[E=16/40, S=28850] {'wandb': 'ReFT_small|gsm8k_python_sdp_galactica_125m_08', 'lr': '1.3507e-05', 'T.loss': '0.012466', 'Eval.Gen.value_accuracy_best': '23.654'}
[E=16/40, S=28860] {'wandb': 'ReFT_small|gsm8k_python_sdp_galactica_125m_08', 'lr': '1.3504e-05', 'T.loss': '0.018164', 'Eval.Gen.value_accuracy_best': '23.654'}
[E=16/40, S=28870] {'wandb': 'ReFT_small|gsm8k_python_sdp_galactica_125m_08', 'lr': '1.3501e-05', 'T.loss': '0.0091438', 'Eval.Gen.value_accuracy_best': '23.654'}
[E=16/40, S=28880] {'wandb': 'ReFT_small|gsm8k_python_sdp_galactica_125m_08', 'lr': '1.3498e-05', 'T.loss': '0.012913', 'Eval.Gen.value_accuracy_best': '23.654'}
[E=16/40, S=28890] {'wandb': 'ReFT_small|gsm8k_python_sdp_galactica_125m_08', 'lr': '1.3495e-05', 'T.loss': '0.012779', 'Eval.Gen.value_accuracy_best': '23.654'}
[E=16/40, S=28900] {'wandb': 'ReFT_small|gsm8k_python_sdp_galactica_125m_08', 'lr': '1.3492e-05', 'T.loss': '0.021503', 'Eval.Gen.value_accuracy_best': '23.654'}
[E=16/40, S=28910] {'wandb': 'ReFT_small|gsm8k_python_sdp_galactica_125m_08', 'lr': '1.3489e-05', 'T.loss': '0.018047', 'Eval.Gen.value_accuracy_best': '23.654'}
[E=16/40, S=28920] {'wandb': 'ReFT_small|gsm8k_python_sdp_galactica_125m_08', 'lr': '1.3486e-05', 'T.loss': '0.0064144', 'Eval.Gen.value_accuracy_best': '23.654'}
[E=16/40, S=28930] {'wandb': 'ReFT_small|gsm8k_python_sdp_galactica_125m_08', 'lr': '1.3483e-05', 'T.loss': '0.012802', 'Eval.Gen.value_accuracy_best': '23.654'}
[E=16/40, S=28940] {'wandb': 'ReFT_small|gsm8k_python_sdp_galactica_125m_08', 'lr': '1.348e-05', 'T.loss': '0.0247', 'Eval.Gen.value_accuracy_best': '23.654'}
[E=16/40, S=28950] {'wandb': 'ReFT_small|gsm8k_python_sdp_galactica_125m_08', 'lr': '1.3477e-05', 'T.loss': '0.02932', 'Eval.Gen.value_accuracy_best': '23.654'}
[E=16/40, S=28960] {'wandb': 'ReFT_small|gsm8k_python_sdp_galactica_125m_08', 'lr': '1.3474e-05', 'T.loss': '0.024033', 'Eval.Gen.value_accuracy_best': '23.654'}
[E=16/40, S=28970] {'wandb': 'ReFT_small|gsm8k_python_sdp_galactica_125m_08', 'lr': '1.347e-05', 'T.loss': '0.011541', 'Eval.Gen.value_accuracy_best': '23.654'}
[E=16/40, S=28980] {'wandb': 'ReFT_small|gsm8k_python_sdp_galactica_125m_08', 'lr': '1.3467e-05', 'T.loss': '0.034786', 'Eval.Gen.value_accuracy_best': '23.654'}
[E=16/40, S=28990] {'wandb': 'ReFT_small|gsm8k_python_sdp_galactica_125m_08', 'lr': '1.3464e-05', 'T.loss': '0.01757', 'Eval.Gen.value_accuracy_best': '23.654'}
[E=16/40, S=29000] {'wandb': 'ReFT_small|gsm8k_python_sdp_galactica_125m_08', 'lr': '1.3461e-05', 'T.loss': '0.033508', 'Eval.Gen.value_accuracy_best': '23.654'}
[E=16/40, S=29010] {'wandb': 'ReFT_small|gsm8k_python_sdp_galactica_125m_08', 'lr': '1.3458e-05', 'T.loss': '0.014046', 'Eval.Gen.value_accuracy_best': '23.654'}
[E=16/40, S=29020] {'wandb': 'ReFT_small|gsm8k_python_sdp_galactica_125m_08', 'lr': '1.3455e-05', 'T.loss': '0.022072', 'Eval.Gen.value_accuracy_best': '23.654'}
[E=16/40, S=29030] {'wandb': 'ReFT_small|gsm8k_python_sdp_galactica_125m_08', 'lr': '1.3452e-05', 'T.loss': '0.016922', 'Eval.Gen.value_accuracy_best': '23.654'}
[E=16/40, S=29040] {'wandb': 'ReFT_small|gsm8k_python_sdp_galactica_125m_08', 'lr': '1.3449e-05', 'T.loss': '0.007761', 'Eval.Gen.value_accuracy_best': '23.654'}
[E=16/40, S=29050] {'wandb': 'ReFT_small|gsm8k_python_sdp_galactica_125m_08', 'lr': '1.3446e-05', 'T.loss': '0.021385', 'Eval.Gen.value_accuracy_best': '23.654'}
[E=16/40, S=29060] {'wandb': 'ReFT_small|gsm8k_python_sdp_galactica_125m_08', 'lr': '1.3443e-05', 'T.loss': '0.0088463', 'Eval.Gen.value_accuracy_best': '23.654'}
[E=16/40, S=29070] {'wandb': 'ReFT_small|gsm8k_python_sdp_galactica_125m_08', 'lr': '1.344e-05', 'T.loss': '0.011124', 'Eval.Gen.value_accuracy_best': '23.654'}
[E=16/40, S=29080] {'wandb': 'ReFT_small|gsm8k_python_sdp_galactica_125m_08', 'lr': '1.3437e-05', 'T.loss': '0.024139', 'Eval.Gen.value_accuracy_best': '23.654'}
[E=16/40, S=29090] {'wandb': 'ReFT_small|gsm8k_python_sdp_galactica_125m_08', 'lr': '1.3434e-05', 'T.loss': '0.0083942', 'Eval.Gen.value_accuracy_best': '23.654'}
[E=16/40, S=29100] {'wandb': 'ReFT_small|gsm8k_python_sdp_galactica_125m_08', 'lr': '1.3431e-05', 'T.loss': '0.013275', 'Eval.Gen.value_accuracy_best': '23.654'}
[E=16/40, S=29110] {'wandb': 'ReFT_small|gsm8k_python_sdp_galactica_125m_08', 'lr': '1.3428e-05', 'T.loss': '0.0095358', 'Eval.Gen.value_accuracy_best': '23.654'}
[E=16/40, S=29120] {'wandb': 'ReFT_small|gsm8k_python_sdp_galactica_125m_08', 'lr': '1.3425e-05', 'T.loss': '0.022316', 'Eval.Gen.value_accuracy_best': '23.654'}
[E=16/40, S=29130] {'wandb': 'ReFT_small|gsm8k_python_sdp_galactica_125m_08', 'lr': '1.3422e-05', 'T.loss': '0.013004', 'Eval.Gen.value_accuracy_best': '23.654'}
[E=16/40, S=29140] {'wandb': 'ReFT_small|gsm8k_python_sdp_galactica_125m_08', 'lr': '1.3419e-05', 'T.loss': '0.019024', 'Eval.Gen.value_accuracy_best': '23.654'}
[E=16/40, S=29150] {'wandb': 'ReFT_small|gsm8k_python_sdp_galactica_125m_08', 'lr': '1.3416e-05', 'T.loss': '0.017052', 'Eval.Gen.value_accuracy_best': '23.654'}
[E=16/40, S=29160] {'wandb': 'ReFT_small|gsm8k_python_sdp_galactica_125m_08', 'lr': '1.3413e-05', 'T.loss': '0.018757', 'Eval.Gen.value_accuracy_best': '23.654'}
[E=16/40, S=29170] {'wandb': 'ReFT_small|gsm8k_python_sdp_galactica_125m_08', 'lr': '1.341e-05', 'T.loss': '0.014409', 'Eval.Gen.value_accuracy_best': '23.654'}
[E=16/40, S=29180] {'wandb': 'ReFT_small|gsm8k_python_sdp_galactica_125m_08', 'lr': '1.3407e-05', 'T.loss': '0.02327', 'Eval.Gen.value_accuracy_best': '23.654'}
[E=16/40, S=29190] {'wandb': 'ReFT_small|gsm8k_python_sdp_galactica_125m_08', 'lr': '1.3404e-05', 'T.loss': '0.019279', 'Eval.Gen.value_accuracy_best': '23.654'}
[E=16/40, S=29200] {'wandb': 'ReFT_small|gsm8k_python_sdp_galactica_125m_08', 'lr': '1.3401e-05', 'T.loss': '0.021263', 'Eval.Gen.value_accuracy_best': '23.654'}
[E=16/40, S=29210] {'wandb': 'ReFT_small|gsm8k_python_sdp_galactica_125m_08', 'lr': '1.3398e-05', 'T.loss': '0.014458', 'Eval.Gen.value_accuracy_best': '23.654'}
[E=16/40, S=29220] {'wandb': 'ReFT_small|gsm8k_python_sdp_galactica_125m_08', 'lr': '1.3395e-05', 'T.loss': '0.017378', 'Eval.Gen.value_accuracy_best': '23.654'}
[E=16/40, S=29230] {'wandb': 'ReFT_small|gsm8k_python_sdp_galactica_125m_08', 'lr': '1.3392e-05', 'T.loss': '0.014473', 'Eval.Gen.value_accuracy_best': '23.654'}
[E=16/40, S=29240] {'wandb': 'ReFT_small|gsm8k_python_sdp_galactica_125m_08', 'lr': '1.3389e-05', 'T.loss': '0.012341', 'Eval.Gen.value_accuracy_best': '23.654'}
[E=16/40, S=29250] {'wandb': 'ReFT_small|gsm8k_python_sdp_galactica_125m_08', 'lr': '1.3386e-05', 'T.loss': '0.0092163', 'Eval.Gen.value_accuracy_best': '23.654'}
[E=16/40, S=29260] {'wandb': 'ReFT_small|gsm8k_python_sdp_galactica_125m_08', 'lr': '1.3383e-05', 'T.loss': '0.012829', 'Eval.Gen.value_accuracy_best': '23.654'}
[E=16/40, S=29270] {'wandb': 'ReFT_small|gsm8k_python_sdp_galactica_125m_08', 'lr': '1.338e-05', 'T.loss': '0.0116', 'Eval.Gen.value_accuracy_best': '23.654'}
[E=16/40, S=29280] {'wandb': 'ReFT_small|gsm8k_python_sdp_galactica_125m_08', 'lr': '1.3377e-05', 'T.loss': '0.023064', 'Eval.Gen.value_accuracy_best': '23.654'}
[E=16/40, S=29290] {'wandb': 'ReFT_small|gsm8k_python_sdp_galactica_125m_08', 'lr': '1.3374e-05', 'T.loss': '0.013199', 'Eval.Gen.value_accuracy_best': '23.654'}
[E=16/40, S=29300] {'wandb': 'ReFT_small|gsm8k_python_sdp_galactica_125m_08', 'lr': '1.3371e-05', 'T.loss': '0.010719', 'Eval.Gen.value_accuracy_best': '23.654'}
[E=16/40, S=29310] {'wandb': 'ReFT_small|gsm8k_python_sdp_galactica_125m_08', 'lr': '1.3368e-05', 'T.loss': '0.024536', 'Eval.Gen.value_accuracy_best': '23.654'}
[E=16/40, S=29320] {'wandb': 'ReFT_small|gsm8k_python_sdp_galactica_125m_08', 'lr': '1.3365e-05', 'T.loss': '0.015446', 'Eval.Gen.value_accuracy_best': '23.654'}
[E=16/40, S=29330] {'wandb': 'ReFT_small|gsm8k_python_sdp_galactica_125m_08', 'lr': '1.3362e-05', 'T.loss': '0.012955', 'Eval.Gen.value_accuracy_best': '23.654'}
[E=16/40, S=29340] {'wandb': 'ReFT_small|gsm8k_python_sdp_galactica_125m_08', 'lr': '1.3359e-05', 'T.loss': '0.023056', 'Eval.Gen.value_accuracy_best': '23.654'}
[E=16/40, S=29350] {'wandb': 'ReFT_small|gsm8k_python_sdp_galactica_125m_08', 'lr': '1.3356e-05', 'T.loss': '0.018002', 'Eval.Gen.value_accuracy_best': '23.654'}
[E=16/40, S=29360] {'wandb': 'ReFT_small|gsm8k_python_sdp_galactica_125m_08', 'lr': '1.3353e-05', 'T.loss': '0.015785', 'Eval.Gen.value_accuracy_best': '23.654'}
[E=16/40, S=29370] {'wandb': 'ReFT_small|gsm8k_python_sdp_galactica_125m_08', 'lr': '1.335e-05', 'T.loss': '0.010841', 'Eval.Gen.value_accuracy_best': '23.654'}
[E=16/40, S=29380] {'wandb': 'ReFT_small|gsm8k_python_sdp_galactica_125m_08', 'lr': '1.3347e-05', 'T.loss': '0.015442', 'Eval.Gen.value_accuracy_best': '23.654'}
[E=16/40, S=29390] {'wandb': 'ReFT_small|gsm8k_python_sdp_galactica_125m_08', 'lr': '1.3344e-05', 'T.loss': '0.011256', 'Eval.Gen.value_accuracy_best': '23.654'}
[E=16/40, S=29400] {'wandb': 'ReFT_small|gsm8k_python_sdp_galactica_125m_08', 'lr': '1.3341e-05', 'T.loss': '0.019848', 'Eval.Gen.value_accuracy_best': '23.654'}
[E=16/40, S=29410] {'wandb': 'ReFT_small|gsm8k_python_sdp_galactica_125m_08', 'lr': '1.3338e-05', 'T.loss': '0.023056', 'Eval.Gen.value_accuracy_best': '23.654'}
[E=16/40, S=29420] {'wandb': 'ReFT_small|gsm8k_python_sdp_galactica_125m_08', 'lr': '1.3335e-05', 'T.loss': '0.0063896', 'Eval.Gen.value_accuracy_best': '23.654'}
name 'chickens_per_meal' is not defined
name 'lemons_growth_per_year' is not defined
name 'hours_per_hour' is not defined
name 'book_price_price_price' is not defined
name 'days_per_week_total' is not defined
local variable 'blue_tips' referenced before assignment
name 'diamond' is not defined
name 'gemany_price' is not defined
name 'total_cups_in_days' is not defined
local variable 'price_per_package' referenced before assignment
name 'lee_speed_increase' is not defined
local variable 'friend_4_doorbell' referenced before assignment
invalid syntax (<string>, line 12)
name 'arien_salary_increase' is not defined
name 'hours_total' is not defined
name 'car_wash_per_year' is not defined
local variable 'total_cost' referenced before assignment
name 'semia_automatic_cars' is not defined
name 'feet' is not defined
name 'locsin_clownfish' is not defined
name 'action_car_cost' is not defined
name 'sally_age_4' is not defined
local variable 'seconds_per_second' referenced before assignment
local variable 'red_roses' referenced before assignment
name 'percent_greater' is not defined
unterminated triple-quoted string literal (detected at line 4) (<string>, line 4)
name 'pink_flamingos_total' is not defined
name 'yellow_pens_bags' is not defined
name 'chocolate_apple_weight' is not defined
name 'total_tomatoes_per_day' is not defined
name 'jessa_age_in_five_years' is not defined
local variable 'students_exit_c' referenced before assignment
local variable 'cards_letter_c' referenced before assignment
local variable 'pool_volume' referenced before assignment
name 'electric_poles_needed' is not defined
name 'coffee_cooler_initial' is not defined
name 'job_b_hours' is not defined
name 'gumball_total_cost' is not defined
name 'distance_after_route_home_speed' is not defined
invalid syntax. Perhaps you forgot a comma? (<string>, line 7)
name 'erasers' is not defined
name 'ride_bracelet_cost' is not defined
invalid syntax (<string>, line 10)
name 'hulu_price' is not defined
name 'milk_per_bottle' is not defined
name 'meat_and_cheese' is not defined
name 'cannolis_and_cannolis' is not defined
invalid syntax (<string>, line 8)
name 'blouses_price' is not defined
name 'heightest_apples' is not defined
name 'regular_total' is not defined
local variable 'boxes_total' referenced before assignment
name 'oven_temp_initial' is not defined
name 'department_store_revenue' is not defined
name 'popcorn_extra' is not defined
name 'sapphir_res' is not defined
name 'num_bags' is not defined
invalid syntax (<string>, line 7)
invalid syntax (<string>, line 5)
invalid syntax (<string>, line 7)
invalid syntax (<string>, line 6)
name 'calories_per_day' is not defined
invalid syntax (<string>, line 8)
name 'hat_cost' is not defined
local variable 'total_chairs' referenced before assignment
name 'miles_per_hour' is not defined
name 'other_families' is not defined
name 'sharon_money_received' is not defined
name 'total_roses_per_week' is not defined
local variable 'jill_total_earnings' referenced before assignment
('Task timeout', 10)
name 'implant_cost' is not defined
'int' object is not callable
name 'shampoo_per_pump' is not defined
name 'total_days' is not defined
name 'baseball_basketballs_num' is not defined
name 'Mb_per_hour' is not defined
'int' object is not iterable
name 'suit' is not defined
name 'new_coffee_per_day' is not defined
name 'aurelia_money' is not defined
name 'cookies_initial' is not defined
local variable 'pencils_per_pencil' referenced before assignment
name 'num_seats' is not defined
name 'weeks' is not defined
invalid syntax (<string>, line 5)
name 'jar_total' is not defined
name 'large_stickers_traded' is not defined
name 'monday' is not defined
name 'log_temp' is not defined
local variable 'people_on_2' referenced before assignment
name 'sally_raise' is not defined
name 'tasks_per_day' is not defined
name 'mirror_hanging' is not defined
name 'miles_resting' is not defined
local variable 'glue_sticks_not_used' referenced before assignment
name 'white_shirts_buttons_total' is not defined
name 'amber_badge_per_year' is not defined
local variable 'joe_money' referenced before assignment
unindent does not match any outer indentation level (<string>, line 7)
name 'popcorn_and_candy_movies' is not defined
name 'bus_time' is not defined
name 'boxes_donated' is not defined
name 'widgets_per_day' is not defined
local variable 'total_savings' referenced before assignment
name 'hours_rate' is not defined
name 'sweet_potatoes_price' is not defined
invalid syntax (<string>, line 5)
name 'carnations_total_weight' is not defined
invalid syntax (<string>, line 10)
name 'martha_chocolate_per_box' is not defined
name 'days_in_month_with_iron_pickaxe' is not defined
local variable 'sheets_per_week' referenced before assignment
name 'total_croissants_per_dozen' is not defined
local variable 'guests_coming' referenced before assignment
local variable 'total_cost_with_money' referenced before assignment
name 'trekking_price' is not defined
name 'weeks' is not defined
local variable 'starting_height' referenced before assignment
name 'second_bigest_slide_time' is not defined
name 'male_fishes' is not defined
local variable 'large_picture_days' referenced before assignment
name 'juices_per_year' is not defined
name 'pay_per_place' is not defined
name 'cheese_slices_per_friend' is not defined
local variable 'hair_cost' referenced before assignment
invalid syntax (<string>, line 5)
invalid syntax (<string>, line 5)
invalid syntax (<string>, line 7)
name 'base_money' is not defined
invalid syntax (<string>, line 8)
local variable 'lesson_fee_days' referenced before assignment
name 'teachers_remaining' is not defined
local variable 'classrooms_remaining' referenced before assignment
name 'dozen' is not defined
name 'flashlights_per_room' is not defined
name 'minutes_per_day' is not defined
invalid syntax (<string>, line 10)
name 'total_blocks' is not defined
name 'boat_depreciation_1' is not defined
name 'num_adults' is not defined
name 'dinner_bowls_quantity' is not defined
name 'ellen_sunglasses' is not defined
invalid syntax (<string>, line 7)
unindent does not match any outer indentation level (<string>, line 5)
name 'table_screw_per_table' is not defined
name 'normal_per_week' is not defined
invalid syntax (<string>, line 5)
[Eval Info] value_accuracy: 22.138%
[E=16/40, S=29424] {'wandb': 'ReFT_small|gsm8k_python_sdp_galactica_125m_08', 'lr': '1.3333e-05', 'T.loss': '0.028473', 'Eval.Gen.value_accuracy': '22.138', 'Eval.Gen.value_accuracy_best': '23.654'}
[E=17/40, S=29430] {'wandb': 'ReFT_small|gsm8k_python_sdp_galactica_125m_08', 'lr': '1.3332e-05', 'T.loss': '0.0072079', 'Eval.Gen.value_accuracy_best': '23.654'}
[E=17/40, S=29440] {'wandb': 'ReFT_small|gsm8k_python_sdp_galactica_125m_08', 'lr': '1.3328e-05', 'T.loss': '0.007185', 'Eval.Gen.value_accuracy_best': '23.654'}
[E=17/40, S=29450] {'wandb': 'ReFT_small|gsm8k_python_sdp_galactica_125m_08', 'lr': '1.3325e-05', 'T.loss': '0.013348', 'Eval.Gen.value_accuracy_best': '23.654'}
[E=17/40, S=29460] {'wandb': 'ReFT_small|gsm8k_python_sdp_galactica_125m_08', 'lr': '1.3322e-05', 'T.loss': '0.018028', 'Eval.Gen.value_accuracy_best': '23.654'}
[E=17/40, S=29470] {'wandb': 'ReFT_small|gsm8k_python_sdp_galactica_125m_08', 'lr': '1.3319e-05', 'T.loss': '0.0088997', 'Eval.Gen.value_accuracy_best': '23.654'}
[E=17/40, S=29480] {'wandb': 'ReFT_small|gsm8k_python_sdp_galactica_125m_08', 'lr': '1.3316e-05', 'T.loss': '0.0092964', 'Eval.Gen.value_accuracy_best': '23.654'}
[E=17/40, S=29490] {'wandb': 'ReFT_small|gsm8k_python_sdp_galactica_125m_08', 'lr': '1.3313e-05', 'T.loss': '0.010044', 'Eval.Gen.value_accuracy_best': '23.654'}
[E=17/40, S=29500] {'wandb': 'ReFT_small|gsm8k_python_sdp_galactica_125m_08', 'lr': '1.331e-05', 'T.loss': '0.0090332', 'Eval.Gen.value_accuracy_best': '23.654'}
[E=17/40, S=29510] {'wandb': 'ReFT_small|gsm8k_python_sdp_galactica_125m_08', 'lr': '1.3307e-05', 'T.loss': '0.011581', 'Eval.Gen.value_accuracy_best': '23.654'}
[E=17/40, S=29520] {'wandb': 'ReFT_small|gsm8k_python_sdp_galactica_125m_08', 'lr': '1.3304e-05', 'T.loss': '0.012455', 'Eval.Gen.value_accuracy_best': '23.654'}
[E=17/40, S=29530] {'wandb': 'ReFT_small|gsm8k_python_sdp_galactica_125m_08', 'lr': '1.3301e-05', 'T.loss': '0.012068', 'Eval.Gen.value_accuracy_best': '23.654'}
[E=17/40, S=29540] {'wandb': 'ReFT_small|gsm8k_python_sdp_galactica_125m_08', 'lr': '1.3298e-05', 'T.loss': '0.011166', 'Eval.Gen.value_accuracy_best': '23.654'}
[E=17/40, S=29550] {'wandb': 'ReFT_small|gsm8k_python_sdp_galactica_125m_08', 'lr': '1.3295e-05', 'T.loss': '0.0079842', 'Eval.Gen.value_accuracy_best': '23.654'}
[E=17/40, S=29560] {'wandb': 'ReFT_small|gsm8k_python_sdp_galactica_125m_08', 'lr': '1.3292e-05', 'T.loss': '0.01033', 'Eval.Gen.value_accuracy_best': '23.654'}
[E=17/40, S=29570] {'wandb': 'ReFT_small|gsm8k_python_sdp_galactica_125m_08', 'lr': '1.3289e-05', 'T.loss': '0.022057', 'Eval.Gen.value_accuracy_best': '23.654'}
[E=17/40, S=29580] {'wandb': 'ReFT_small|gsm8k_python_sdp_galactica_125m_08', 'lr': '1.3286e-05', 'T.loss': '0.013489', 'Eval.Gen.value_accuracy_best': '23.654'}
[E=17/40, S=29590] {'wandb': 'ReFT_small|gsm8k_python_sdp_galactica_125m_08', 'lr': '1.3283e-05', 'T.loss': '0.014362', 'Eval.Gen.value_accuracy_best': '23.654'}
[E=17/40, S=29600] {'wandb': 'ReFT_small|gsm8k_python_sdp_galactica_125m_08', 'lr': '1.328e-05', 'T.loss': '0.01017', 'Eval.Gen.value_accuracy_best': '23.654'}
[E=17/40, S=29610] {'wandb': 'ReFT_small|gsm8k_python_sdp_galactica_125m_08', 'lr': '1.3277e-05', 'T.loss': '0.015739', 'Eval.Gen.value_accuracy_best': '23.654'}
[E=17/40, S=29620] {'wandb': 'ReFT_small|gsm8k_python_sdp_galactica_125m_08', 'lr': '1.3274e-05', 'T.loss': '0.0048628', 'Eval.Gen.value_accuracy_best': '23.654'}
[E=17/40, S=29630] {'wandb': 'ReFT_small|gsm8k_python_sdp_galactica_125m_08', 'lr': '1.3271e-05', 'T.loss': '0.024109', 'Eval.Gen.value_accuracy_best': '23.654'}
[E=17/40, S=29640] {'wandb': 'ReFT_small|gsm8k_python_sdp_galactica_125m_08', 'lr': '1.3268e-05', 'T.loss': '0.010933', 'Eval.Gen.value_accuracy_best': '23.654'}
[E=17/40, S=29650] {'wandb': 'ReFT_small|gsm8k_python_sdp_galactica_125m_08', 'lr': '1.3265e-05', 'T.loss': '0.015404', 'Eval.Gen.value_accuracy_best': '23.654'}
[E=17/40, S=29660] {'wandb': 'ReFT_small|gsm8k_python_sdp_galactica_125m_08', 'lr': '1.3262e-05', 'T.loss': '0.013584', 'Eval.Gen.value_accuracy_best': '23.654'}
[E=17/40, S=29670] {'wandb': 'ReFT_small|gsm8k_python_sdp_galactica_125m_08', 'lr': '1.3259e-05', 'T.loss': '0.011667', 'Eval.Gen.value_accuracy_best': '23.654'}
[E=17/40, S=29680] {'wandb': 'ReFT_small|gsm8k_python_sdp_galactica_125m_08', 'lr': '1.3256e-05', 'T.loss': '0.0062447', 'Eval.Gen.value_accuracy_best': '23.654'}
[E=17/40, S=29690] {'wandb': 'ReFT_small|gsm8k_python_sdp_galactica_125m_08', 'lr': '1.3253e-05', 'T.loss': '0.010221', 'Eval.Gen.value_accuracy_best': '23.654'}
[E=17/40, S=29700] {'wandb': 'ReFT_small|gsm8k_python_sdp_galactica_125m_08', 'lr': '1.325e-05', 'T.loss': '0.01054', 'Eval.Gen.value_accuracy_best': '23.654'}
[E=17/40, S=29710] {'wandb': 'ReFT_small|gsm8k_python_sdp_galactica_125m_08', 'lr': '1.3247e-05', 'T.loss': '0.0051193', 'Eval.Gen.value_accuracy_best': '23.654'}
[E=17/40, S=29720] {'wandb': 'ReFT_small|gsm8k_python_sdp_galactica_125m_08', 'lr': '1.3244e-05', 'T.loss': '0.02211', 'Eval.Gen.value_accuracy_best': '23.654'}
[E=17/40, S=29730] {'wandb': 'ReFT_small|gsm8k_python_sdp_galactica_125m_08', 'lr': '1.3241e-05', 'T.loss': '0.013222', 'Eval.Gen.value_accuracy_best': '23.654'}
[E=17/40, S=29740] {'wandb': 'ReFT_small|gsm8k_python_sdp_galactica_125m_08', 'lr': '1.3238e-05', 'T.loss': '0.011196', 'Eval.Gen.value_accuracy_best': '23.654'}
[E=17/40, S=29750] {'wandb': 'ReFT_small|gsm8k_python_sdp_galactica_125m_08', 'lr': '1.3235e-05', 'T.loss': '0.0099392', 'Eval.Gen.value_accuracy_best': '23.654'}
[E=17/40, S=29760] {'wandb': 'ReFT_small|gsm8k_python_sdp_galactica_125m_08', 'lr': '1.3232e-05', 'T.loss': '0.010124', 'Eval.Gen.value_accuracy_best': '23.654'}
[E=17/40, S=29770] {'wandb': 'ReFT_small|gsm8k_python_sdp_galactica_125m_08', 'lr': '1.3229e-05', 'T.loss': '0.012547', 'Eval.Gen.value_accuracy_best': '23.654'}
[E=17/40, S=29780] {'wandb': 'ReFT_small|gsm8k_python_sdp_galactica_125m_08', 'lr': '1.3226e-05', 'T.loss': '0.01091', 'Eval.Gen.value_accuracy_best': '23.654'}
[E=17/40, S=29790] {'wandb': 'ReFT_small|gsm8k_python_sdp_galactica_125m_08', 'lr': '1.3223e-05', 'T.loss': '0.012398', 'Eval.Gen.value_accuracy_best': '23.654'}
[E=17/40, S=29800] {'wandb': 'ReFT_small|gsm8k_python_sdp_galactica_125m_08', 'lr': '1.322e-05', 'T.loss': '0.0082998', 'Eval.Gen.value_accuracy_best': '23.654'}
[E=17/40, S=29810] {'wandb': 'ReFT_small|gsm8k_python_sdp_galactica_125m_08', 'lr': '1.3217e-05', 'T.loss': '0.020374', 'Eval.Gen.value_accuracy_best': '23.654'}
[E=17/40, S=29820] {'wandb': 'ReFT_small|gsm8k_python_sdp_galactica_125m_08', 'lr': '1.3214e-05', 'T.loss': '0.011738', 'Eval.Gen.value_accuracy_best': '23.654'}
[E=17/40, S=29830] {'wandb': 'ReFT_small|gsm8k_python_sdp_galactica_125m_08', 'lr': '1.3211e-05', 'T.loss': '0.015713', 'Eval.Gen.value_accuracy_best': '23.654'}
[E=17/40, S=29840] {'wandb': 'ReFT_small|gsm8k_python_sdp_galactica_125m_08', 'lr': '1.3208e-05', 'T.loss': '0.017496', 'Eval.Gen.value_accuracy_best': '23.654'}
[E=17/40, S=29850] {'wandb': 'ReFT_small|gsm8k_python_sdp_galactica_125m_08', 'lr': '1.3205e-05', 'T.loss': '0.0051146', 'Eval.Gen.value_accuracy_best': '23.654'}
[E=17/40, S=29860] {'wandb': 'ReFT_small|gsm8k_python_sdp_galactica_125m_08', 'lr': '1.3202e-05', 'T.loss': '0.030052', 'Eval.Gen.value_accuracy_best': '23.654'}
[E=17/40, S=29870] {'wandb': 'ReFT_small|gsm8k_python_sdp_galactica_125m_08', 'lr': '1.3199e-05', 'T.loss': '0.013515', 'Eval.Gen.value_accuracy_best': '23.654'}
[E=17/40, S=29880] {'wandb': 'ReFT_small|gsm8k_python_sdp_galactica_125m_08', 'lr': '1.3196e-05', 'T.loss': '0.013332', 'Eval.Gen.value_accuracy_best': '23.654'}
[E=17/40, S=29890] {'wandb': 'ReFT_small|gsm8k_python_sdp_galactica_125m_08', 'lr': '1.3193e-05', 'T.loss': '0.018307', 'Eval.Gen.value_accuracy_best': '23.654'}
[E=17/40, S=29900] {'wandb': 'ReFT_small|gsm8k_python_sdp_galactica_125m_08', 'lr': '1.319e-05', 'T.loss': '0.0036297', 'Eval.Gen.value_accuracy_best': '23.654'}
[E=17/40, S=29910] {'wandb': 'ReFT_small|gsm8k_python_sdp_galactica_125m_08', 'lr': '1.3187e-05', 'T.loss': '0.021229', 'Eval.Gen.value_accuracy_best': '23.654'}
[E=17/40, S=29920] {'wandb': 'ReFT_small|gsm8k_python_sdp_galactica_125m_08', 'lr': '1.3183e-05', 'T.loss': '0.010464', 'Eval.Gen.value_accuracy_best': '23.654'}
[E=17/40, S=29930] {'wandb': 'ReFT_small|gsm8k_python_sdp_galactica_125m_08', 'lr': '1.318e-05', 'T.loss': '0.021925', 'Eval.Gen.value_accuracy_best': '23.654'}
[E=17/40, S=29940] {'wandb': 'ReFT_small|gsm8k_python_sdp_galactica_125m_08', 'lr': '1.3177e-05', 'T.loss': '0.0085812', 'Eval.Gen.value_accuracy_best': '23.654'}
[E=17/40, S=29950] {'wandb': 'ReFT_small|gsm8k_python_sdp_galactica_125m_08', 'lr': '1.3174e-05', 'T.loss': '0.0081234', 'Eval.Gen.value_accuracy_best': '23.654'}
[E=17/40, S=29960] {'wandb': 'ReFT_small|gsm8k_python_sdp_galactica_125m_08', 'lr': '1.3171e-05', 'T.loss': '0.012451', 'Eval.Gen.value_accuracy_best': '23.654'}
[E=17/40, S=29970] {'wandb': 'ReFT_small|gsm8k_python_sdp_galactica_125m_08', 'lr': '1.3168e-05', 'T.loss': '0.020718', 'Eval.Gen.value_accuracy_best': '23.654'}
[E=17/40, S=29980] {'wandb': 'ReFT_small|gsm8k_python_sdp_galactica_125m_08', 'lr': '1.3165e-05', 'T.loss': '0.02523', 'Eval.Gen.value_accuracy_best': '23.654'}
[E=17/40, S=29990] {'wandb': 'ReFT_small|gsm8k_python_sdp_galactica_125m_08', 'lr': '1.3162e-05', 'T.loss': '0.0091534', 'Eval.Gen.value_accuracy_best': '23.654'}
[E=17/40, S=30000] {'wandb': 'ReFT_small|gsm8k_python_sdp_galactica_125m_08', 'lr': '1.3159e-05', 'T.loss': '0.019844', 'Eval.Gen.value_accuracy_best': '23.654'}
[E=17/40, S=30010] {'wandb': 'ReFT_small|gsm8k_python_sdp_galactica_125m_08', 'lr': '1.3156e-05', 'T.loss': '0.021111', 'Eval.Gen.value_accuracy_best': '23.654'}
[E=17/40, S=30020] {'wandb': 'ReFT_small|gsm8k_python_sdp_galactica_125m_08', 'lr': '1.3153e-05', 'T.loss': '0.012554', 'Eval.Gen.value_accuracy_best': '23.654'}
[E=17/40, S=30030] {'wandb': 'ReFT_small|gsm8k_python_sdp_galactica_125m_08', 'lr': '1.315e-05', 'T.loss': '0.0065613', 'Eval.Gen.value_accuracy_best': '23.654'}
[E=17/40, S=30040] {'wandb': 'ReFT_small|gsm8k_python_sdp_galactica_125m_08', 'lr': '1.3147e-05', 'T.loss': '0.010431', 'Eval.Gen.value_accuracy_best': '23.654'}
[E=17/40, S=30050] {'wandb': 'ReFT_small|gsm8k_python_sdp_galactica_125m_08', 'lr': '1.3144e-05', 'T.loss': '0.0103', 'Eval.Gen.value_accuracy_best': '23.654'}
[E=17/40, S=30060] {'wandb': 'ReFT_small|gsm8k_python_sdp_galactica_125m_08', 'lr': '1.3141e-05', 'T.loss': '0.01128', 'Eval.Gen.value_accuracy_best': '23.654'}
[E=17/40, S=30070] {'wandb': 'ReFT_small|gsm8k_python_sdp_galactica_125m_08', 'lr': '1.3138e-05', 'T.loss': '0.010754', 'Eval.Gen.value_accuracy_best': '23.654'}
[E=17/40, S=30080] {'wandb': 'ReFT_small|gsm8k_python_sdp_galactica_125m_08', 'lr': '1.3135e-05', 'T.loss': '0.0057278', 'Eval.Gen.value_accuracy_best': '23.654'}
[E=17/40, S=30090] {'wandb': 'ReFT_small|gsm8k_python_sdp_galactica_125m_08', 'lr': '1.3132e-05', 'T.loss': '0.010525', 'Eval.Gen.value_accuracy_best': '23.654'}
[E=17/40, S=30100] {'wandb': 'ReFT_small|gsm8k_python_sdp_galactica_125m_08', 'lr': '1.3129e-05', 'T.loss': '0.0083847', 'Eval.Gen.value_accuracy_best': '23.654'}
[E=17/40, S=30110] {'wandb': 'ReFT_small|gsm8k_python_sdp_galactica_125m_08', 'lr': '1.3126e-05', 'T.loss': '0.017429', 'Eval.Gen.value_accuracy_best': '23.654'}
[E=17/40, S=30120] {'wandb': 'ReFT_small|gsm8k_python_sdp_galactica_125m_08', 'lr': '1.3123e-05', 'T.loss': '0.015667', 'Eval.Gen.value_accuracy_best': '23.654'}
[E=17/40, S=30130] {'wandb': 'ReFT_small|gsm8k_python_sdp_galactica_125m_08', 'lr': '1.312e-05', 'T.loss': '0.0072689', 'Eval.Gen.value_accuracy_best': '23.654'}
[E=17/40, S=30140] {'wandb': 'ReFT_small|gsm8k_python_sdp_galactica_125m_08', 'lr': '1.3117e-05', 'T.loss': '0.011007', 'Eval.Gen.value_accuracy_best': '23.654'}
[E=17/40, S=30150] {'wandb': 'ReFT_small|gsm8k_python_sdp_galactica_125m_08', 'lr': '1.3114e-05', 'T.loss': '0.018677', 'Eval.Gen.value_accuracy_best': '23.654'}
[E=17/40, S=30160] {'wandb': 'ReFT_small|gsm8k_python_sdp_galactica_125m_08', 'lr': '1.3111e-05', 'T.loss': '0.016834', 'Eval.Gen.value_accuracy_best': '23.654'}
[E=17/40, S=30170] {'wandb': 'ReFT_small|gsm8k_python_sdp_galactica_125m_08', 'lr': '1.3108e-05', 'T.loss': '0.014603', 'Eval.Gen.value_accuracy_best': '23.654'}
[E=17/40, S=30180] {'wandb': 'ReFT_small|gsm8k_python_sdp_galactica_125m_08', 'lr': '1.3105e-05', 'T.loss': '0.022125', 'Eval.Gen.value_accuracy_best': '23.654'}
[E=17/40, S=30190] {'wandb': 'ReFT_small|gsm8k_python_sdp_galactica_125m_08', 'lr': '1.3102e-05', 'T.loss': '0.0098972', 'Eval.Gen.value_accuracy_best': '23.654'}
[E=17/40, S=30200] {'wandb': 'ReFT_small|gsm8k_python_sdp_galactica_125m_08', 'lr': '1.3099e-05', 'T.loss': '0.010649', 'Eval.Gen.value_accuracy_best': '23.654'}
[E=17/40, S=30210] {'wandb': 'ReFT_small|gsm8k_python_sdp_galactica_125m_08', 'lr': '1.3096e-05', 'T.loss': '0.0035105', 'Eval.Gen.value_accuracy_best': '23.654'}
[E=17/40, S=30220] {'wandb': 'ReFT_small|gsm8k_python_sdp_galactica_125m_08', 'lr': '1.3093e-05', 'T.loss': '0.019806', 'Eval.Gen.value_accuracy_best': '23.654'}
[E=17/40, S=30230] {'wandb': 'ReFT_small|gsm8k_python_sdp_galactica_125m_08', 'lr': '1.309e-05', 'T.loss': '0.013889', 'Eval.Gen.value_accuracy_best': '23.654'}
[E=17/40, S=30240] {'wandb': 'ReFT_small|gsm8k_python_sdp_galactica_125m_08', 'lr': '1.3087e-05', 'T.loss': '0.019093', 'Eval.Gen.value_accuracy_best': '23.654'}
[E=17/40, S=30250] {'wandb': 'ReFT_small|gsm8k_python_sdp_galactica_125m_08', 'lr': '1.3084e-05', 'T.loss': '0.024918', 'Eval.Gen.value_accuracy_best': '23.654'}
[E=17/40, S=30260] {'wandb': 'ReFT_small|gsm8k_python_sdp_galactica_125m_08', 'lr': '1.3081e-05', 'T.loss': '0.0092583', 'Eval.Gen.value_accuracy_best': '23.654'}
[E=17/40, S=30270] {'wandb': 'ReFT_small|gsm8k_python_sdp_galactica_125m_08', 'lr': '1.3078e-05', 'T.loss': '0.012094', 'Eval.Gen.value_accuracy_best': '23.654'}
[E=17/40, S=30280] {'wandb': 'ReFT_small|gsm8k_python_sdp_galactica_125m_08', 'lr': '1.3075e-05', 'T.loss': '0.0085354', 'Eval.Gen.value_accuracy_best': '23.654'}
[E=17/40, S=30290] {'wandb': 'ReFT_small|gsm8k_python_sdp_galactica_125m_08', 'lr': '1.3072e-05', 'T.loss': '0.018162', 'Eval.Gen.value_accuracy_best': '23.654'}
[E=17/40, S=30300] {'wandb': 'ReFT_small|gsm8k_python_sdp_galactica_125m_08', 'lr': '1.3069e-05', 'T.loss': '0.0080929', 'Eval.Gen.value_accuracy_best': '23.654'}
[E=17/40, S=30310] {'wandb': 'ReFT_small|gsm8k_python_sdp_galactica_125m_08', 'lr': '1.3066e-05', 'T.loss': '0.00877', 'Eval.Gen.value_accuracy_best': '23.654'}
[E=17/40, S=30320] {'wandb': 'ReFT_small|gsm8k_python_sdp_galactica_125m_08', 'lr': '1.3063e-05', 'T.loss': '0.020828', 'Eval.Gen.value_accuracy_best': '23.654'}
[E=17/40, S=30330] {'wandb': 'ReFT_small|gsm8k_python_sdp_galactica_125m_08', 'lr': '1.306e-05', 'T.loss': '0.024818', 'Eval.Gen.value_accuracy_best': '23.654'}
[E=17/40, S=30340] {'wandb': 'ReFT_small|gsm8k_python_sdp_galactica_125m_08', 'lr': '1.3057e-05', 'T.loss': '0.0091534', 'Eval.Gen.value_accuracy_best': '23.654'}
[E=17/40, S=30350] {'wandb': 'ReFT_small|gsm8k_python_sdp_galactica_125m_08', 'lr': '1.3054e-05', 'T.loss': '0.0083246', 'Eval.Gen.value_accuracy_best': '23.654'}
[E=17/40, S=30360] {'wandb': 'ReFT_small|gsm8k_python_sdp_galactica_125m_08', 'lr': '1.3051e-05', 'T.loss': '0.0080104', 'Eval.Gen.value_accuracy_best': '23.654'}
[E=17/40, S=30370] {'wandb': 'ReFT_small|gsm8k_python_sdp_galactica_125m_08', 'lr': '1.3048e-05', 'T.loss': '0.021812', 'Eval.Gen.value_accuracy_best': '23.654'}
[E=17/40, S=30380] {'wandb': 'ReFT_small|gsm8k_python_sdp_galactica_125m_08', 'lr': '1.3045e-05', 'T.loss': '0.014507', 'Eval.Gen.value_accuracy_best': '23.654'}
[E=17/40, S=30390] {'wandb': 'ReFT_small|gsm8k_python_sdp_galactica_125m_08', 'lr': '1.3042e-05', 'T.loss': '0.0040455', 'Eval.Gen.value_accuracy_best': '23.654'}
[E=17/40, S=30400] {'wandb': 'ReFT_small|gsm8k_python_sdp_galactica_125m_08', 'lr': '1.3038e-05', 'T.loss': '0.013119', 'Eval.Gen.value_accuracy_best': '23.654'}
[E=17/40, S=30410] {'wandb': 'ReFT_small|gsm8k_python_sdp_galactica_125m_08', 'lr': '1.3035e-05', 'T.loss': '0.013378', 'Eval.Gen.value_accuracy_best': '23.654'}
[E=17/40, S=30420] {'wandb': 'ReFT_small|gsm8k_python_sdp_galactica_125m_08', 'lr': '1.3032e-05', 'T.loss': '0.014027', 'Eval.Gen.value_accuracy_best': '23.654'}
[E=17/40, S=30430] {'wandb': 'ReFT_small|gsm8k_python_sdp_galactica_125m_08', 'lr': '1.3029e-05', 'T.loss': '0.0045538', 'Eval.Gen.value_accuracy_best': '23.654'}
[E=17/40, S=30440] {'wandb': 'ReFT_small|gsm8k_python_sdp_galactica_125m_08', 'lr': '1.3026e-05', 'T.loss': '0.019757', 'Eval.Gen.value_accuracy_best': '23.654'}
[E=17/40, S=30450] {'wandb': 'ReFT_small|gsm8k_python_sdp_galactica_125m_08', 'lr': '1.3023e-05', 'T.loss': '0.011356', 'Eval.Gen.value_accuracy_best': '23.654'}
[E=17/40, S=30460] {'wandb': 'ReFT_small|gsm8k_python_sdp_galactica_125m_08', 'lr': '1.302e-05', 'T.loss': '0.005722', 'Eval.Gen.value_accuracy_best': '23.654'}
[E=17/40, S=30470] {'wandb': 'ReFT_small|gsm8k_python_sdp_galactica_125m_08', 'lr': '1.3017e-05', 'T.loss': '0.012001', 'Eval.Gen.value_accuracy_best': '23.654'}
[E=17/40, S=30480] {'wandb': 'ReFT_small|gsm8k_python_sdp_galactica_125m_08', 'lr': '1.3014e-05', 'T.loss': '0.0086098', 'Eval.Gen.value_accuracy_best': '23.654'}
[E=17/40, S=30490] {'wandb': 'ReFT_small|gsm8k_python_sdp_galactica_125m_08', 'lr': '1.3011e-05', 'T.loss': '0.016556', 'Eval.Gen.value_accuracy_best': '23.654'}
[E=17/40, S=30500] {'wandb': 'ReFT_small|gsm8k_python_sdp_galactica_125m_08', 'lr': '1.3008e-05', 'T.loss': '0.014935', 'Eval.Gen.value_accuracy_best': '23.654'}
[E=17/40, S=30510] {'wandb': 'ReFT_small|gsm8k_python_sdp_galactica_125m_08', 'lr': '1.3005e-05', 'T.loss': '0.01894', 'Eval.Gen.value_accuracy_best': '23.654'}
[E=17/40, S=30520] {'wandb': 'ReFT_small|gsm8k_python_sdp_galactica_125m_08', 'lr': '1.3002e-05', 'T.loss': '0.0041447', 'Eval.Gen.value_accuracy_best': '23.654'}
[E=17/40, S=30530] {'wandb': 'ReFT_small|gsm8k_python_sdp_galactica_125m_08', 'lr': '1.2999e-05', 'T.loss': '0.0078297', 'Eval.Gen.value_accuracy_best': '23.654'}
[E=17/40, S=30540] {'wandb': 'ReFT_small|gsm8k_python_sdp_galactica_125m_08', 'lr': '1.2996e-05', 'T.loss': '0.0045738', 'Eval.Gen.value_accuracy_best': '23.654'}
[E=17/40, S=30550] {'wandb': 'ReFT_small|gsm8k_python_sdp_galactica_125m_08', 'lr': '1.2993e-05', 'T.loss': '0.015514', 'Eval.Gen.value_accuracy_best': '23.654'}
[E=17/40, S=30560] {'wandb': 'ReFT_small|gsm8k_python_sdp_galactica_125m_08', 'lr': '1.299e-05', 'T.loss': '0.0078125', 'Eval.Gen.value_accuracy_best': '23.654'}
[E=17/40, S=30570] {'wandb': 'ReFT_small|gsm8k_python_sdp_galactica_125m_08', 'lr': '1.2987e-05', 'T.loss': '0.014706', 'Eval.Gen.value_accuracy_best': '23.654'}
[E=17/40, S=30580] {'wandb': 'ReFT_small|gsm8k_python_sdp_galactica_125m_08', 'lr': '1.2984e-05', 'T.loss': '0.015167', 'Eval.Gen.value_accuracy_best': '23.654'}
[E=17/40, S=30590] {'wandb': 'ReFT_small|gsm8k_python_sdp_galactica_125m_08', 'lr': '1.2981e-05', 'T.loss': '0.013748', 'Eval.Gen.value_accuracy_best': '23.654'}
[E=17/40, S=30600] {'wandb': 'ReFT_small|gsm8k_python_sdp_galactica_125m_08', 'lr': '1.2978e-05', 'T.loss': '0.018208', 'Eval.Gen.value_accuracy_best': '23.654'}
[E=17/40, S=30610] {'wandb': 'ReFT_small|gsm8k_python_sdp_galactica_125m_08', 'lr': '1.2975e-05', 'T.loss': '0.010452', 'Eval.Gen.value_accuracy_best': '23.654'}
[E=17/40, S=30620] {'wandb': 'ReFT_small|gsm8k_python_sdp_galactica_125m_08', 'lr': '1.2972e-05', 'T.loss': '0.012058', 'Eval.Gen.value_accuracy_best': '23.654'}
[E=17/40, S=30630] {'wandb': 'ReFT_small|gsm8k_python_sdp_galactica_125m_08', 'lr': '1.2969e-05', 'T.loss': '0.013466', 'Eval.Gen.value_accuracy_best': '23.654'}
[E=17/40, S=30640] {'wandb': 'ReFT_small|gsm8k_python_sdp_galactica_125m_08', 'lr': '1.2966e-05', 'T.loss': '0.01825', 'Eval.Gen.value_accuracy_best': '23.654'}
[E=17/40, S=30650] {'wandb': 'ReFT_small|gsm8k_python_sdp_galactica_125m_08', 'lr': '1.2963e-05', 'T.loss': '0.010895', 'Eval.Gen.value_accuracy_best': '23.654'}
[E=17/40, S=30660] {'wandb': 'ReFT_small|gsm8k_python_sdp_galactica_125m_08', 'lr': '1.296e-05', 'T.loss': '0.015423', 'Eval.Gen.value_accuracy_best': '23.654'}
[2025-06-05 21:02:33,445] [INFO] [loss_scaler.py:183:update_scale] [deepspeed] OVERFLOW! Rank 0 Skipping step. Attempted loss scale: 65536, reducing to 32768
[E=17/40, S=30670] {'wandb': 'ReFT_small|gsm8k_python_sdp_galactica_125m_08', 'lr': '1.2957e-05', 'T.loss': '0.0096073', 'Eval.Gen.value_accuracy_best': '23.654'}
[E=17/40, S=30680] {'wandb': 'ReFT_small|gsm8k_python_sdp_galactica_125m_08', 'lr': '1.2954e-05', 'T.loss': '0.016647', 'Eval.Gen.value_accuracy_best': '23.654'}
[E=17/40, S=30690] {'wandb': 'ReFT_small|gsm8k_python_sdp_galactica_125m_08', 'lr': '1.2951e-05', 'T.loss': '0.026871', 'Eval.Gen.value_accuracy_best': '23.654'}
[E=17/40, S=30700] {'wandb': 'ReFT_small|gsm8k_python_sdp_galactica_125m_08', 'lr': '1.2948e-05', 'T.loss': '0.010002', 'Eval.Gen.value_accuracy_best': '23.654'}
[E=17/40, S=30710] {'wandb': 'ReFT_small|gsm8k_python_sdp_galactica_125m_08', 'lr': '1.2945e-05', 'T.loss': '0.018784', 'Eval.Gen.value_accuracy_best': '23.654'}
[E=17/40, S=30720] {'wandb': 'ReFT_small|gsm8k_python_sdp_galactica_125m_08', 'lr': '1.2942e-05', 'T.loss': '0.016376', 'Eval.Gen.value_accuracy_best': '23.654'}
[E=17/40, S=30730] {'wandb': 'ReFT_small|gsm8k_python_sdp_galactica_125m_08', 'lr': '1.2939e-05', 'T.loss': '0.011724', 'Eval.Gen.value_accuracy_best': '23.654'}
[E=17/40, S=30740] {'wandb': 'ReFT_small|gsm8k_python_sdp_galactica_125m_08', 'lr': '1.2936e-05', 'T.loss': '0.0068111', 'Eval.Gen.value_accuracy_best': '23.654'}
[E=17/40, S=30750] {'wandb': 'ReFT_small|gsm8k_python_sdp_galactica_125m_08', 'lr': '1.2933e-05', 'T.loss': '0.022736', 'Eval.Gen.value_accuracy_best': '23.654'}
[E=17/40, S=30760] {'wandb': 'ReFT_small|gsm8k_python_sdp_galactica_125m_08', 'lr': '1.293e-05', 'T.loss': '0.0095482', 'Eval.Gen.value_accuracy_best': '23.654'}
[E=17/40, S=30770] {'wandb': 'ReFT_small|gsm8k_python_sdp_galactica_125m_08', 'lr': '1.2927e-05', 'T.loss': '0.01269', 'Eval.Gen.value_accuracy_best': '23.654'}
[E=17/40, S=30780] {'wandb': 'ReFT_small|gsm8k_python_sdp_galactica_125m_08', 'lr': '1.2924e-05', 'T.loss': '0.0097313', 'Eval.Gen.value_accuracy_best': '23.654'}
[E=17/40, S=30790] {'wandb': 'ReFT_small|gsm8k_python_sdp_galactica_125m_08', 'lr': '1.2921e-05', 'T.loss': '0.015324', 'Eval.Gen.value_accuracy_best': '23.654'}
[E=17/40, S=30800] {'wandb': 'ReFT_small|gsm8k_python_sdp_galactica_125m_08', 'lr': '1.2918e-05', 'T.loss': '0.01236', 'Eval.Gen.value_accuracy_best': '23.654'}
[E=17/40, S=30810] {'wandb': 'ReFT_small|gsm8k_python_sdp_galactica_125m_08', 'lr': '1.2915e-05', 'T.loss': '0.011834', 'Eval.Gen.value_accuracy_best': '23.654'}
[E=17/40, S=30820] {'wandb': 'ReFT_small|gsm8k_python_sdp_galactica_125m_08', 'lr': '1.2912e-05', 'T.loss': '0.011921', 'Eval.Gen.value_accuracy_best': '23.654'}
[E=17/40, S=30830] {'wandb': 'ReFT_small|gsm8k_python_sdp_galactica_125m_08', 'lr': '1.2909e-05', 'T.loss': '0.0051231', 'Eval.Gen.value_accuracy_best': '23.654'}
[E=17/40, S=30840] {'wandb': 'ReFT_small|gsm8k_python_sdp_galactica_125m_08', 'lr': '1.2906e-05', 'T.loss': '0.010571', 'Eval.Gen.value_accuracy_best': '23.654'}
[E=17/40, S=30850] {'wandb': 'ReFT_small|gsm8k_python_sdp_galactica_125m_08', 'lr': '1.2903e-05', 'T.loss': '0.01807', 'Eval.Gen.value_accuracy_best': '23.654'}
[E=17/40, S=30860] {'wandb': 'ReFT_small|gsm8k_python_sdp_galactica_125m_08', 'lr': '1.29e-05', 'T.loss': '0.014122', 'Eval.Gen.value_accuracy_best': '23.654'}
[E=17/40, S=30870] {'wandb': 'ReFT_small|gsm8k_python_sdp_galactica_125m_08', 'lr': '1.2897e-05', 'T.loss': '0.0091248', 'Eval.Gen.value_accuracy_best': '23.654'}
[E=17/40, S=30880] {'wandb': 'ReFT_small|gsm8k_python_sdp_galactica_125m_08', 'lr': '1.2893e-05', 'T.loss': '0.015999', 'Eval.Gen.value_accuracy_best': '23.654'}
[E=17/40, S=30890] {'wandb': 'ReFT_small|gsm8k_python_sdp_galactica_125m_08', 'lr': '1.289e-05', 'T.loss': '0.011847', 'Eval.Gen.value_accuracy_best': '23.654'}
[E=17/40, S=30900] {'wandb': 'ReFT_small|gsm8k_python_sdp_galactica_125m_08', 'lr': '1.2887e-05', 'T.loss': '0.0084438', 'Eval.Gen.value_accuracy_best': '23.654'}
[E=17/40, S=30910] {'wandb': 'ReFT_small|gsm8k_python_sdp_galactica_125m_08', 'lr': '1.2884e-05', 'T.loss': '0.011471', 'Eval.Gen.value_accuracy_best': '23.654'}
[E=17/40, S=30920] {'wandb': 'ReFT_small|gsm8k_python_sdp_galactica_125m_08', 'lr': '1.2881e-05', 'T.loss': '0.013927', 'Eval.Gen.value_accuracy_best': '23.654'}
[E=17/40, S=30930] {'wandb': 'ReFT_small|gsm8k_python_sdp_galactica_125m_08', 'lr': '1.2878e-05', 'T.loss': '0.0145', 'Eval.Gen.value_accuracy_best': '23.654'}
[E=17/40, S=30940] {'wandb': 'ReFT_small|gsm8k_python_sdp_galactica_125m_08', 'lr': '1.2875e-05', 'T.loss': '0.016372', 'Eval.Gen.value_accuracy_best': '23.654'}
[E=17/40, S=30950] {'wandb': 'ReFT_small|gsm8k_python_sdp_galactica_125m_08', 'lr': '1.2872e-05', 'T.loss': '0.011463', 'Eval.Gen.value_accuracy_best': '23.654'}
[E=17/40, S=30960] {'wandb': 'ReFT_small|gsm8k_python_sdp_galactica_125m_08', 'lr': '1.2869e-05', 'T.loss': '0.017799', 'Eval.Gen.value_accuracy_best': '23.654'}
[E=17/40, S=30970] {'wandb': 'ReFT_small|gsm8k_python_sdp_galactica_125m_08', 'lr': '1.2866e-05', 'T.loss': '0.011864', 'Eval.Gen.value_accuracy_best': '23.654'}
[E=17/40, S=30980] {'wandb': 'ReFT_small|gsm8k_python_sdp_galactica_125m_08', 'lr': '1.2863e-05', 'T.loss': '0.0063801', 'Eval.Gen.value_accuracy_best': '23.654'}
[E=17/40, S=30990] {'wandb': 'ReFT_small|gsm8k_python_sdp_galactica_125m_08', 'lr': '1.286e-05', 'T.loss': '0.019314', 'Eval.Gen.value_accuracy_best': '23.654'}
[E=17/40, S=31000] {'wandb': 'ReFT_small|gsm8k_python_sdp_galactica_125m_08', 'lr': '1.2857e-05', 'T.loss': '0.012636', 'Eval.Gen.value_accuracy_best': '23.654'}
[E=17/40, S=31010] {'wandb': 'ReFT_small|gsm8k_python_sdp_galactica_125m_08', 'lr': '1.2854e-05', 'T.loss': '0.011761', 'Eval.Gen.value_accuracy_best': '23.654'}
[E=17/40, S=31020] {'wandb': 'ReFT_small|gsm8k_python_sdp_galactica_125m_08', 'lr': '1.2851e-05', 'T.loss': '0.0048428', 'Eval.Gen.value_accuracy_best': '23.654'}
[E=17/40, S=31030] {'wandb': 'ReFT_small|gsm8k_python_sdp_galactica_125m_08', 'lr': '1.2848e-05', 'T.loss': '0.011898', 'Eval.Gen.value_accuracy_best': '23.654'}
[E=17/40, S=31040] {'wandb': 'ReFT_small|gsm8k_python_sdp_galactica_125m_08', 'lr': '1.2845e-05', 'T.loss': '0.01', 'Eval.Gen.value_accuracy_best': '23.654'}
[E=17/40, S=31050] {'wandb': 'ReFT_small|gsm8k_python_sdp_galactica_125m_08', 'lr': '1.2842e-05', 'T.loss': '0.0050049', 'Eval.Gen.value_accuracy_best': '23.654'}
[E=17/40, S=31060] {'wandb': 'ReFT_small|gsm8k_python_sdp_galactica_125m_08', 'lr': '1.2839e-05', 'T.loss': '0.020874', 'Eval.Gen.value_accuracy_best': '23.654'}
[E=17/40, S=31070] {'wandb': 'ReFT_small|gsm8k_python_sdp_galactica_125m_08', 'lr': '1.2836e-05', 'T.loss': '0.025513', 'Eval.Gen.value_accuracy_best': '23.654'}
[E=17/40, S=31080] {'wandb': 'ReFT_small|gsm8k_python_sdp_galactica_125m_08', 'lr': '1.2833e-05', 'T.loss': '0.024437', 'Eval.Gen.value_accuracy_best': '23.654'}
[E=17/40, S=31090] {'wandb': 'ReFT_small|gsm8k_python_sdp_galactica_125m_08', 'lr': '1.283e-05', 'T.loss': '0.01614', 'Eval.Gen.value_accuracy_best': '23.654'}
[E=17/40, S=31100] {'wandb': 'ReFT_small|gsm8k_python_sdp_galactica_125m_08', 'lr': '1.2827e-05', 'T.loss': '0.013016', 'Eval.Gen.value_accuracy_best': '23.654'}
[E=17/40, S=31110] {'wandb': 'ReFT_small|gsm8k_python_sdp_galactica_125m_08', 'lr': '1.2824e-05', 'T.loss': '0.0070515', 'Eval.Gen.value_accuracy_best': '23.654'}
[E=17/40, S=31120] {'wandb': 'ReFT_small|gsm8k_python_sdp_galactica_125m_08', 'lr': '1.2821e-05', 'T.loss': '0.0072651', 'Eval.Gen.value_accuracy_best': '23.654'}
[E=17/40, S=31130] {'wandb': 'ReFT_small|gsm8k_python_sdp_galactica_125m_08', 'lr': '1.2818e-05', 'T.loss': '0.023422', 'Eval.Gen.value_accuracy_best': '23.654'}
[E=17/40, S=31140] {'wandb': 'ReFT_small|gsm8k_python_sdp_galactica_125m_08', 'lr': '1.2815e-05', 'T.loss': '0.0044327', 'Eval.Gen.value_accuracy_best': '23.654'}
[E=17/40, S=31150] {'wandb': 'ReFT_small|gsm8k_python_sdp_galactica_125m_08', 'lr': '1.2812e-05', 'T.loss': '0.015457', 'Eval.Gen.value_accuracy_best': '23.654'}
[E=17/40, S=31160] {'wandb': 'ReFT_small|gsm8k_python_sdp_galactica_125m_08', 'lr': '1.2809e-05', 'T.loss': '0.010845', 'Eval.Gen.value_accuracy_best': '23.654'}
[E=17/40, S=31170] {'wandb': 'ReFT_small|gsm8k_python_sdp_galactica_125m_08', 'lr': '1.2806e-05', 'T.loss': '0.016693', 'Eval.Gen.value_accuracy_best': '23.654'}
[E=17/40, S=31180] {'wandb': 'ReFT_small|gsm8k_python_sdp_galactica_125m_08', 'lr': '1.2803e-05', 'T.loss': '0.022499', 'Eval.Gen.value_accuracy_best': '23.654'}
[E=17/40, S=31190] {'wandb': 'ReFT_small|gsm8k_python_sdp_galactica_125m_08', 'lr': '1.28e-05', 'T.loss': '0.012594', 'Eval.Gen.value_accuracy_best': '23.654'}
[E=17/40, S=31200] {'wandb': 'ReFT_small|gsm8k_python_sdp_galactica_125m_08', 'lr': '1.2797e-05', 'T.loss': '0.027359', 'Eval.Gen.value_accuracy_best': '23.654'}
[E=17/40, S=31210] {'wandb': 'ReFT_small|gsm8k_python_sdp_galactica_125m_08', 'lr': '1.2794e-05', 'T.loss': '0.017268', 'Eval.Gen.value_accuracy_best': '23.654'}
[E=17/40, S=31220] {'wandb': 'ReFT_small|gsm8k_python_sdp_galactica_125m_08', 'lr': '1.2791e-05', 'T.loss': '0.017952', 'Eval.Gen.value_accuracy_best': '23.654'}
[E=17/40, S=31230] {'wandb': 'ReFT_small|gsm8k_python_sdp_galactica_125m_08', 'lr': '1.2788e-05', 'T.loss': '0.0056114', 'Eval.Gen.value_accuracy_best': '23.654'}
[E=17/40, S=31240] {'wandb': 'ReFT_small|gsm8k_python_sdp_galactica_125m_08', 'lr': '1.2785e-05', 'T.loss': '0.011526', 'Eval.Gen.value_accuracy_best': '23.654'}
[E=17/40, S=31250] {'wandb': 'ReFT_small|gsm8k_python_sdp_galactica_125m_08', 'lr': '1.2782e-05', 'T.loss': '0.027161', 'Eval.Gen.value_accuracy_best': '23.654'}
[E=17/40, S=31260] {'wandb': 'ReFT_small|gsm8k_python_sdp_galactica_125m_08', 'lr': '1.2779e-05', 'T.loss': '0.012768', 'Eval.Gen.value_accuracy_best': '23.654'}
invalid syntax (<string>, line 7)
name 'mini_cheesecakes_cost' is not defined
name 'lemons_growth_per_year' is not defined
name 'hours_per_day_1' is not defined
name 'book_bag_weight_left' is not defined
invalid syntax (<string>, line 7)
name 'kittens' is not defined
integer division or modulo by zero
invalid syntax (<string>, line 5)
invalid syntax (<string>, line 6)
local variable 'friend_4' referenced before assignment
name 'box_area' is not defined
invalid decimal literal (<string>, line 6)
invalid syntax (<string>, line 8)
invalid syntax (<string>, line 11)
local variable 'run_distance_per_hour_after_3_hours' referenced before assignment
name 'peppers_cost' is not defined
name 'video_game_rate' is not defined
local variable 'bees_returned_in_6_hours' referenced before assignment
name 'pigeons_bullied_away' is not defined
name 'glasses_per_gallon' is not defined
local variable 'white_carnations' referenced before assignment
name 'straw_per_rabbit' is not defined
unterminated triple-quoted string literal (detected at line 4) (<string>, line 4)
name 'white' is not defined
invalid syntax (<string>, line 5)
name 'years_per_acre' is not defined
name 'jackets' is not defined
invalid syntax (<string>, line 12)
local variable 'students_exit_c' referenced before assignment
name 'pages_per_week' is not defined
name 'redwood_wood_wood_weight_per_section' is not defined
unterminated string literal (detected at line 10) (<string>, line 10)
name 'house_price_after_brokerage' is not defined
name 'cost_per_10_min' is not defined
invalid syntax (<string>, line 6)
name 'busy_suitits' is not defined
name 'sugar_per_batch' is not defined
local variable 'share_initial' referenced before assignment
invalid syntax (<string>, line 5)
local variable 'mini_golf_total' referenced before assignment
invalid syntax (<string>, line 10)
local variable 'points_after' referenced before assignment
local variable 'picture_frame_count' referenced before assignment
name 'premises_total' is not defined
name 'cost_per_cup' is not defined
name 'david_tickets' is not defined
invalid syntax (<string>, line 5)
name 'steps_used' is not defined
invalid syntax (<string>, line 7)
name 'file_shelter_shelter_shelter_shelter_shelter_shelter_shelter_shelter_shelter_shelter_shelter_shelter_shelter_shelter_shelter_shelter_shelter_shelter_shelter_shelter_shelter_shelter_shelter_shelter_she' is not defined
local variable 'box_cost' referenced before assignment
name 'total_beads' is not defined
name 'window_temperature' is not defined
local variable 'trays_possible' referenced before assignment
invalid syntax (<string>, line 7)
name 'rubies_initial' is not defined
name 'boxes' is not defined
name 'cookies_eaten_cleaning' is not defined
invalid syntax (<string>, line 6)
name 'kids_not_allergic_total' is not defined
name 'height_bottom' is not defined
invalid syntax (<string>, line 8)
name 'bag_packs_bought' is not defined
name 'ophelia_chairs' is not defined
name 'mitchell_price' is not defined
name 'jill_hourly_rate' is not defined
name 'hours_running' is not defined
local variable 'green_jelly_beans' referenced before assignment
invalid syntax (<string>, line 6)
name 'shampoo_per_wash' is not defined
invalid syntax (<string>, line 5)
name 'riders_with_total' is not defined
local variable 'class_missed' referenced before assignment
name 'shirts_cost' is not defined
name 'price_discount' is not defined
name 'total_sold' is not defined
name 'normal_cost_total' is not defined
name 'chicken_bought' is not defined
invalid syntax (<string>, line 7)
name 'twice_age' is not defined
local variable 'banana_price' referenced before assignment
name 'cost_per_snack' is not defined
name 'gissela_gravel_pounds_total' is not defined
name 'water_for_industry' is not defined
local variable 'cost_to_buy' referenced before assignment
invalid syntax (<string>, line 7)
name 'last_week' is not defined
local variable 'cards_sold' referenced before assignment
name 'customer_votes' is not defined
local variable 'chase_tomatoes' referenced before assignment
name 'soccer_hours' is not defined
name 'movies_with_Series' is not defined
name 'pizzas_cost_20' is not defined
invalid syntax (<string>, line 6)
unindent does not match any outer indentation level (<string>, line 5)
name 'kagiyami_mountain' is not defined
name 'jack_dishes' is not defined
name 'white_shirts_buttons' is not defined
name 'micah_muffin' is not defined
name 'bacon_price' is not defined
name 'thingamabob_time' is not defined
name 'total_and_large_masks' is not defined
name 'cake_cost_total' is not defined
name 'slices_per_day' is not defined
local variable 'days_total' referenced before assignment
name 'bedtime' is not defined
invalid syntax (<string>, line 7)
invalid syntax (<string>, line 7)
name 'oranges_given_to_mrs' is not defined
name 'servings' is not defined
name 'temp_final' is not defined
invalid syntax (<string>, line 9)
invalid syntax (<string>, line 10)
invalid syntax (<string>, line 5)
local variable 'peaches_cost' referenced before assignment
name 'total_ore' is not defined
name 'grams_per_cat_per_day' is not defined
local variable 'bill_total' referenced before assignment
name 'train_3_time_second' is not defined
name 'bikes_tv_bikes' is not defined
name 'trucks_picked_up' is not defined
invalid syntax (<string>, line 6)
name 'total_packs_ordered' is not defined
name 'scoops_per_scoop' is not defined
name 'passengers' is not defined
local variable 'large_picture_days' referenced before assignment
name 'juices_needed' is not defined
name 'unused_price' is not defined
name 'pods_per_cycle' is not defined
name 'boys_on_varsity_total' is not defined
name 'pepperoni_slices' is not defined
local variable 'bandages_ordered_day2' referenced before assignment
name 'hair_cost' is not defined
name 'room_times' is not defined
invalid syntax (<string>, line 5)
invalid syntax (<string>, line 5)
name 'bus_first_station_second_station_initial' is not defined
invalid syntax (<string>, line 6)
local variable 'time_on_water' referenced before assignment
name 'doughnuts_head_start' is not defined
invalid syntax (<string>, line 9)
invalid syntax (<string>, line 10)
name 'bowls_cost' is not defined
name 'cookie_cost' is not defined
invalid syntax (<string>, line 5)
invalid syntax (<string>, line 7)
unindent does not match any outer indentation level (<string>, line 5)
invalid syntax (<string>, line 7)
[Eval Info] value_accuracy: 23.048%
[E=17/40, S=31263] {'wandb': 'ReFT_small|gsm8k_python_sdp_galactica_125m_08', 'lr': '1.2778e-05', 'T.loss': '0.017136', 'Eval.Gen.value_accuracy': '23.048', 'Eval.Gen.value_accuracy_best': '23.654'}
[E=18/40, S=31270] {'wandb': 'ReFT_small|gsm8k_python_sdp_galactica_125m_08', 'lr': '1.2776e-05', 'T.loss': '0.0057392', 'Eval.Gen.value_accuracy_best': '23.654'}
[E=18/40, S=31280] {'wandb': 'ReFT_small|gsm8k_python_sdp_galactica_125m_08', 'lr': '1.2773e-05', 'T.loss': '0.022514', 'Eval.Gen.value_accuracy_best': '23.654'}
[E=18/40, S=31290] {'wandb': 'ReFT_small|gsm8k_python_sdp_galactica_125m_08', 'lr': '1.277e-05', 'T.loss': '0.010601', 'Eval.Gen.value_accuracy_best': '23.654'}
[E=18/40, S=31300] {'wandb': 'ReFT_small|gsm8k_python_sdp_galactica_125m_08', 'lr': '1.2767e-05', 'T.loss': '0.017488', 'Eval.Gen.value_accuracy_best': '23.654'}
[E=18/40, S=31310] {'wandb': 'ReFT_small|gsm8k_python_sdp_galactica_125m_08', 'lr': '1.2764e-05', 'T.loss': '0.013668', 'Eval.Gen.value_accuracy_best': '23.654'}
[E=18/40, S=31320] {'wandb': 'ReFT_small|gsm8k_python_sdp_galactica_125m_08', 'lr': '1.2761e-05', 'T.loss': '0.0071011', 'Eval.Gen.value_accuracy_best': '23.654'}
[E=18/40, S=31330] {'wandb': 'ReFT_small|gsm8k_python_sdp_galactica_125m_08', 'lr': '1.2758e-05', 'T.loss': '0.011013', 'Eval.Gen.value_accuracy_best': '23.654'}
[E=18/40, S=31340] {'wandb': 'ReFT_small|gsm8k_python_sdp_galactica_125m_08', 'lr': '1.2755e-05', 'T.loss': '0.012823', 'Eval.Gen.value_accuracy_best': '23.654'}
[E=18/40, S=31350] {'wandb': 'ReFT_small|gsm8k_python_sdp_galactica_125m_08', 'lr': '1.2751e-05', 'T.loss': '0.018661', 'Eval.Gen.value_accuracy_best': '23.654'}
[E=18/40, S=31360] {'wandb': 'ReFT_small|gsm8k_python_sdp_galactica_125m_08', 'lr': '1.2748e-05', 'T.loss': '0.010415', 'Eval.Gen.value_accuracy_best': '23.654'}
[E=18/40, S=31370] {'wandb': 'ReFT_small|gsm8k_python_sdp_galactica_125m_08', 'lr': '1.2745e-05', 'T.loss': '0.0099869', 'Eval.Gen.value_accuracy_best': '23.654'}
[E=18/40, S=31380] {'wandb': 'ReFT_small|gsm8k_python_sdp_galactica_125m_08', 'lr': '1.2742e-05', 'T.loss': '0.020241', 'Eval.Gen.value_accuracy_best': '23.654'}
[E=18/40, S=31390] {'wandb': 'ReFT_small|gsm8k_python_sdp_galactica_125m_08', 'lr': '1.2739e-05', 'T.loss': '0.012508', 'Eval.Gen.value_accuracy_best': '23.654'}
[E=18/40, S=31400] {'wandb': 'ReFT_small|gsm8k_python_sdp_galactica_125m_08', 'lr': '1.2736e-05', 'T.loss': '0.0052614', 'Eval.Gen.value_accuracy_best': '23.654'}
[E=18/40, S=31410] {'wandb': 'ReFT_small|gsm8k_python_sdp_galactica_125m_08', 'lr': '1.2733e-05', 'T.loss': '0.014291', 'Eval.Gen.value_accuracy_best': '23.654'}
[E=18/40, S=31420] {'wandb': 'ReFT_small|gsm8k_python_sdp_galactica_125m_08', 'lr': '1.273e-05', 'T.loss': '0.0095425', 'Eval.Gen.value_accuracy_best': '23.654'}
[E=18/40, S=31430] {'wandb': 'ReFT_small|gsm8k_python_sdp_galactica_125m_08', 'lr': '1.2727e-05', 'T.loss': '0.0044651', 'Eval.Gen.value_accuracy_best': '23.654'}
[E=18/40, S=31440] {'wandb': 'ReFT_small|gsm8k_python_sdp_galactica_125m_08', 'lr': '1.2724e-05', 'T.loss': '0.0027051', 'Eval.Gen.value_accuracy_best': '23.654'}
[E=18/40, S=31450] {'wandb': 'ReFT_small|gsm8k_python_sdp_galactica_125m_08', 'lr': '1.2721e-05', 'T.loss': '0.007719', 'Eval.Gen.value_accuracy_best': '23.654'}
[E=18/40, S=31460] {'wandb': 'ReFT_small|gsm8k_python_sdp_galactica_125m_08', 'lr': '1.2718e-05', 'T.loss': '0.0037546', 'Eval.Gen.value_accuracy_best': '23.654'}
[E=18/40, S=31470] {'wandb': 'ReFT_small|gsm8k_python_sdp_galactica_125m_08', 'lr': '1.2715e-05', 'T.loss': '0.010107', 'Eval.Gen.value_accuracy_best': '23.654'}
[E=18/40, S=31480] {'wandb': 'ReFT_small|gsm8k_python_sdp_galactica_125m_08', 'lr': '1.2712e-05', 'T.loss': '0.0064659', 'Eval.Gen.value_accuracy_best': '23.654'}
[E=18/40, S=31490] {'wandb': 'ReFT_small|gsm8k_python_sdp_galactica_125m_08', 'lr': '1.2709e-05', 'T.loss': '0.010818', 'Eval.Gen.value_accuracy_best': '23.654'}
[E=18/40, S=31500] {'wandb': 'ReFT_small|gsm8k_python_sdp_galactica_125m_08', 'lr': '1.2706e-05', 'T.loss': '0.020184', 'Eval.Gen.value_accuracy_best': '23.654'}
[E=18/40, S=31510] {'wandb': 'ReFT_small|gsm8k_python_sdp_galactica_125m_08', 'lr': '1.2703e-05', 'T.loss': '0.0096264', 'Eval.Gen.value_accuracy_best': '23.654'}
[E=18/40, S=31520] {'wandb': 'ReFT_small|gsm8k_python_sdp_galactica_125m_08', 'lr': '1.27e-05', 'T.loss': '0.01012', 'Eval.Gen.value_accuracy_best': '23.654'}
[E=18/40, S=31530] {'wandb': 'ReFT_small|gsm8k_python_sdp_galactica_125m_08', 'lr': '1.2697e-05', 'T.loss': '0.0098343', 'Eval.Gen.value_accuracy_best': '23.654'}
[E=18/40, S=31540] {'wandb': 'ReFT_small|gsm8k_python_sdp_galactica_125m_08', 'lr': '1.2694e-05', 'T.loss': '0.018974', 'Eval.Gen.value_accuracy_best': '23.654'}
[E=18/40, S=31550] {'wandb': 'ReFT_small|gsm8k_python_sdp_galactica_125m_08', 'lr': '1.2691e-05', 'T.loss': '0.01378', 'Eval.Gen.value_accuracy_best': '23.654'}
[E=18/40, S=31560] {'wandb': 'ReFT_small|gsm8k_python_sdp_galactica_125m_08', 'lr': '1.2688e-05', 'T.loss': '0.013626', 'Eval.Gen.value_accuracy_best': '23.654'}
[E=18/40, S=31570] {'wandb': 'ReFT_small|gsm8k_python_sdp_galactica_125m_08', 'lr': '1.2685e-05', 'T.loss': '0.012638', 'Eval.Gen.value_accuracy_best': '23.654'}
[E=18/40, S=31580] {'wandb': 'ReFT_small|gsm8k_python_sdp_galactica_125m_08', 'lr': '1.2682e-05', 'T.loss': '0.011602', 'Eval.Gen.value_accuracy_best': '23.654'}
[E=18/40, S=31590] {'wandb': 'ReFT_small|gsm8k_python_sdp_galactica_125m_08', 'lr': '1.2679e-05', 'T.loss': '0.010384', 'Eval.Gen.value_accuracy_best': '23.654'}
[E=18/40, S=31600] {'wandb': 'ReFT_small|gsm8k_python_sdp_galactica_125m_08', 'lr': '1.2676e-05', 'T.loss': '0.007143', 'Eval.Gen.value_accuracy_best': '23.654'}
[E=18/40, S=31610] {'wandb': 'ReFT_small|gsm8k_python_sdp_galactica_125m_08', 'lr': '1.2673e-05', 'T.loss': '0.014118', 'Eval.Gen.value_accuracy_best': '23.654'}
[E=18/40, S=31620] {'wandb': 'ReFT_small|gsm8k_python_sdp_galactica_125m_08', 'lr': '1.267e-05', 'T.loss': '0.0067902', 'Eval.Gen.value_accuracy_best': '23.654'}
[E=18/40, S=31630] {'wandb': 'ReFT_small|gsm8k_python_sdp_galactica_125m_08', 'lr': '1.2667e-05', 'T.loss': '0.0036745', 'Eval.Gen.value_accuracy_best': '23.654'}
[E=18/40, S=31640] {'wandb': 'ReFT_small|gsm8k_python_sdp_galactica_125m_08', 'lr': '1.2664e-05', 'T.loss': '0.021595', 'Eval.Gen.value_accuracy_best': '23.654'}
[E=18/40, S=31650] {'wandb': 'ReFT_small|gsm8k_python_sdp_galactica_125m_08', 'lr': '1.2661e-05', 'T.loss': '0.0029588', 'Eval.Gen.value_accuracy_best': '23.654'}
[E=18/40, S=31660] {'wandb': 'ReFT_small|gsm8k_python_sdp_galactica_125m_08', 'lr': '1.2658e-05', 'T.loss': '0.016495', 'Eval.Gen.value_accuracy_best': '23.654'}
[E=18/40, S=31670] {'wandb': 'ReFT_small|gsm8k_python_sdp_galactica_125m_08', 'lr': '1.2655e-05', 'T.loss': '0.0087776', 'Eval.Gen.value_accuracy_best': '23.654'}
[2025-06-05 21:09:55,557] [INFO] [loss_scaler.py:183:update_scale] [deepspeed] OVERFLOW! Rank 0 Skipping step. Attempted loss scale: 65536, reducing to 32768
[E=18/40, S=31680] {'wandb': 'ReFT_small|gsm8k_python_sdp_galactica_125m_08', 'lr': '1.2652e-05', 'T.loss': '0.0061359', 'Eval.Gen.value_accuracy_best': '23.654'}
[E=18/40, S=31690] {'wandb': 'ReFT_small|gsm8k_python_sdp_galactica_125m_08', 'lr': '1.2649e-05', 'T.loss': '0.017555', 'Eval.Gen.value_accuracy_best': '23.654'}
[E=18/40, S=31700] {'wandb': 'ReFT_small|gsm8k_python_sdp_galactica_125m_08', 'lr': '1.2646e-05', 'T.loss': '0.012745', 'Eval.Gen.value_accuracy_best': '23.654'}
[E=18/40, S=31710] {'wandb': 'ReFT_small|gsm8k_python_sdp_galactica_125m_08', 'lr': '1.2643e-05', 'T.loss': '0.009058', 'Eval.Gen.value_accuracy_best': '23.654'}
[E=18/40, S=31720] {'wandb': 'ReFT_small|gsm8k_python_sdp_galactica_125m_08', 'lr': '1.264e-05', 'T.loss': '0.0067978', 'Eval.Gen.value_accuracy_best': '23.654'}
[E=18/40, S=31730] {'wandb': 'ReFT_small|gsm8k_python_sdp_galactica_125m_08', 'lr': '1.2637e-05', 'T.loss': '0.0079632', 'Eval.Gen.value_accuracy_best': '23.654'}
[E=18/40, S=31740] {'wandb': 'ReFT_small|gsm8k_python_sdp_galactica_125m_08', 'lr': '1.2634e-05', 'T.loss': '0.0050583', 'Eval.Gen.value_accuracy_best': '23.654'}
[E=18/40, S=31750] {'wandb': 'ReFT_small|gsm8k_python_sdp_galactica_125m_08', 'lr': '1.2631e-05', 'T.loss': '0.012657', 'Eval.Gen.value_accuracy_best': '23.654'}
[E=18/40, S=31760] {'wandb': 'ReFT_small|gsm8k_python_sdp_galactica_125m_08', 'lr': '1.2628e-05', 'T.loss': '0.010519', 'Eval.Gen.value_accuracy_best': '23.654'}
[E=18/40, S=31770] {'wandb': 'ReFT_small|gsm8k_python_sdp_galactica_125m_08', 'lr': '1.2625e-05', 'T.loss': '0.01491', 'Eval.Gen.value_accuracy_best': '23.654'}
[E=18/40, S=31780] {'wandb': 'ReFT_small|gsm8k_python_sdp_galactica_125m_08', 'lr': '1.2622e-05', 'T.loss': '0.015385', 'Eval.Gen.value_accuracy_best': '23.654'}
[E=18/40, S=31790] {'wandb': 'ReFT_small|gsm8k_python_sdp_galactica_125m_08', 'lr': '1.2619e-05', 'T.loss': '0.011621', 'Eval.Gen.value_accuracy_best': '23.654'}
[E=18/40, S=31800] {'wandb': 'ReFT_small|gsm8k_python_sdp_galactica_125m_08', 'lr': '1.2616e-05', 'T.loss': '0.011425', 'Eval.Gen.value_accuracy_best': '23.654'}
[E=18/40, S=31810] {'wandb': 'ReFT_small|gsm8k_python_sdp_galactica_125m_08', 'lr': '1.2613e-05', 'T.loss': '0.0084562', 'Eval.Gen.value_accuracy_best': '23.654'}
[E=18/40, S=31820] {'wandb': 'ReFT_small|gsm8k_python_sdp_galactica_125m_08', 'lr': '1.261e-05', 'T.loss': '0.012638', 'Eval.Gen.value_accuracy_best': '23.654'}
[E=18/40, S=31830] {'wandb': 'ReFT_small|gsm8k_python_sdp_galactica_125m_08', 'lr': '1.2606e-05', 'T.loss': '0.0064011', 'Eval.Gen.value_accuracy_best': '23.654'}
[E=18/40, S=31840] {'wandb': 'ReFT_small|gsm8k_python_sdp_galactica_125m_08', 'lr': '1.2603e-05', 'T.loss': '0.0096474', 'Eval.Gen.value_accuracy_best': '23.654'}
[E=18/40, S=31850] {'wandb': 'ReFT_small|gsm8k_python_sdp_galactica_125m_08', 'lr': '1.26e-05', 'T.loss': '0.0057449', 'Eval.Gen.value_accuracy_best': '23.654'}
[E=18/40, S=31860] {'wandb': 'ReFT_small|gsm8k_python_sdp_galactica_125m_08', 'lr': '1.2597e-05', 'T.loss': '0.010182', 'Eval.Gen.value_accuracy_best': '23.654'}
[E=18/40, S=31870] {'wandb': 'ReFT_small|gsm8k_python_sdp_galactica_125m_08', 'lr': '1.2594e-05', 'T.loss': '0.0026946', 'Eval.Gen.value_accuracy_best': '23.654'}
[E=18/40, S=31880] {'wandb': 'ReFT_small|gsm8k_python_sdp_galactica_125m_08', 'lr': '1.2591e-05', 'T.loss': '0.012871', 'Eval.Gen.value_accuracy_best': '23.654'}
[E=18/40, S=31890] {'wandb': 'ReFT_small|gsm8k_python_sdp_galactica_125m_08', 'lr': '1.2588e-05', 'T.loss': '0.026337', 'Eval.Gen.value_accuracy_best': '23.654'}
[E=18/40, S=31900] {'wandb': 'ReFT_small|gsm8k_python_sdp_galactica_125m_08', 'lr': '1.2585e-05', 'T.loss': '0.01124', 'Eval.Gen.value_accuracy_best': '23.654'}
[E=18/40, S=31910] {'wandb': 'ReFT_small|gsm8k_python_sdp_galactica_125m_08', 'lr': '1.2582e-05', 'T.loss': '0.01358', 'Eval.Gen.value_accuracy_best': '23.654'}
[E=18/40, S=31920] {'wandb': 'ReFT_small|gsm8k_python_sdp_galactica_125m_08', 'lr': '1.2579e-05', 'T.loss': '0.0028372', 'Eval.Gen.value_accuracy_best': '23.654'}
[E=18/40, S=31930] {'wandb': 'ReFT_small|gsm8k_python_sdp_galactica_125m_08', 'lr': '1.2576e-05', 'T.loss': '0.020241', 'Eval.Gen.value_accuracy_best': '23.654'}
[E=18/40, S=31940] {'wandb': 'ReFT_small|gsm8k_python_sdp_galactica_125m_08', 'lr': '1.2573e-05', 'T.loss': '0.01256', 'Eval.Gen.value_accuracy_best': '23.654'}
[E=18/40, S=31950] {'wandb': 'ReFT_small|gsm8k_python_sdp_galactica_125m_08', 'lr': '1.257e-05', 'T.loss': '0.019014', 'Eval.Gen.value_accuracy_best': '23.654'}
[E=18/40, S=31960] {'wandb': 'ReFT_small|gsm8k_python_sdp_galactica_125m_08', 'lr': '1.2567e-05', 'T.loss': '0.012978', 'Eval.Gen.value_accuracy_best': '23.654'}
[E=18/40, S=31970] {'wandb': 'ReFT_small|gsm8k_python_sdp_galactica_125m_08', 'lr': '1.2564e-05', 'T.loss': '0.01807', 'Eval.Gen.value_accuracy_best': '23.654'}
[E=18/40, S=31980] {'wandb': 'ReFT_small|gsm8k_python_sdp_galactica_125m_08', 'lr': '1.2561e-05', 'T.loss': '0.0081158', 'Eval.Gen.value_accuracy_best': '23.654'}
[E=18/40, S=31990] {'wandb': 'ReFT_small|gsm8k_python_sdp_galactica_125m_08', 'lr': '1.2558e-05', 'T.loss': '0.012451', 'Eval.Gen.value_accuracy_best': '23.654'}
[E=18/40, S=32000] {'wandb': 'ReFT_small|gsm8k_python_sdp_galactica_125m_08', 'lr': '1.2555e-05', 'T.loss': '0.026405', 'Eval.Gen.value_accuracy_best': '23.654'}
[E=18/40, S=32010] {'wandb': 'ReFT_small|gsm8k_python_sdp_galactica_125m_08', 'lr': '1.2552e-05', 'T.loss': '0.026291', 'Eval.Gen.value_accuracy_best': '23.654'}
[E=18/40, S=32020] {'wandb': 'ReFT_small|gsm8k_python_sdp_galactica_125m_08', 'lr': '1.2549e-05', 'T.loss': '0.013741', 'Eval.Gen.value_accuracy_best': '23.654'}
[E=18/40, S=32030] {'wandb': 'ReFT_small|gsm8k_python_sdp_galactica_125m_08', 'lr': '1.2546e-05', 'T.loss': '0.013741', 'Eval.Gen.value_accuracy_best': '23.654'}
[E=18/40, S=32040] {'wandb': 'ReFT_small|gsm8k_python_sdp_galactica_125m_08', 'lr': '1.2543e-05', 'T.loss': '0.0097847', 'Eval.Gen.value_accuracy_best': '23.654'}
[E=18/40, S=32050] {'wandb': 'ReFT_small|gsm8k_python_sdp_galactica_125m_08', 'lr': '1.254e-05', 'T.loss': '0.015438', 'Eval.Gen.value_accuracy_best': '23.654'}
[E=18/40, S=32060] {'wandb': 'ReFT_small|gsm8k_python_sdp_galactica_125m_08', 'lr': '1.2537e-05', 'T.loss': '0.0099297', 'Eval.Gen.value_accuracy_best': '23.654'}
[E=18/40, S=32070] {'wandb': 'ReFT_small|gsm8k_python_sdp_galactica_125m_08', 'lr': '1.2534e-05', 'T.loss': '0.0083256', 'Eval.Gen.value_accuracy_best': '23.654'}
[E=18/40, S=32080] {'wandb': 'ReFT_small|gsm8k_python_sdp_galactica_125m_08', 'lr': '1.2531e-05', 'T.loss': '0.016636', 'Eval.Gen.value_accuracy_best': '23.654'}
[E=18/40, S=32090] {'wandb': 'ReFT_small|gsm8k_python_sdp_galactica_125m_08', 'lr': '1.2528e-05', 'T.loss': '0.013287', 'Eval.Gen.value_accuracy_best': '23.654'}
[E=18/40, S=32100] {'wandb': 'ReFT_small|gsm8k_python_sdp_galactica_125m_08', 'lr': '1.2525e-05', 'T.loss': '0.0055256', 'Eval.Gen.value_accuracy_best': '23.654'}
[E=18/40, S=32110] {'wandb': 'ReFT_small|gsm8k_python_sdp_galactica_125m_08', 'lr': '1.2522e-05', 'T.loss': '0.010386', 'Eval.Gen.value_accuracy_best': '23.654'}
[E=18/40, S=32120] {'wandb': 'ReFT_small|gsm8k_python_sdp_galactica_125m_08', 'lr': '1.2519e-05', 'T.loss': '0.0082226', 'Eval.Gen.value_accuracy_best': '23.654'}
[E=18/40, S=32130] {'wandb': 'ReFT_small|gsm8k_python_sdp_galactica_125m_08', 'lr': '1.2516e-05', 'T.loss': '0.025177', 'Eval.Gen.value_accuracy_best': '23.654'}
[E=18/40, S=32140] {'wandb': 'ReFT_small|gsm8k_python_sdp_galactica_125m_08', 'lr': '1.2513e-05', 'T.loss': '0.018082', 'Eval.Gen.value_accuracy_best': '23.654'}
[E=18/40, S=32150] {'wandb': 'ReFT_small|gsm8k_python_sdp_galactica_125m_08', 'lr': '1.251e-05', 'T.loss': '0.0079288', 'Eval.Gen.value_accuracy_best': '23.654'}
[E=18/40, S=32160] {'wandb': 'ReFT_small|gsm8k_python_sdp_galactica_125m_08', 'lr': '1.2507e-05', 'T.loss': '0.0035', 'Eval.Gen.value_accuracy_best': '23.654'}
[E=18/40, S=32170] {'wandb': 'ReFT_small|gsm8k_python_sdp_galactica_125m_08', 'lr': '1.2504e-05', 'T.loss': '0.021408', 'Eval.Gen.value_accuracy_best': '23.654'}
[E=18/40, S=32180] {'wandb': 'ReFT_small|gsm8k_python_sdp_galactica_125m_08', 'lr': '1.2501e-05', 'T.loss': '0.011814', 'Eval.Gen.value_accuracy_best': '23.654'}
[E=18/40, S=32190] {'wandb': 'ReFT_small|gsm8k_python_sdp_galactica_125m_08', 'lr': '1.2498e-05', 'T.loss': '0.010241', 'Eval.Gen.value_accuracy_best': '23.654'}
[E=18/40, S=32200] {'wandb': 'ReFT_small|gsm8k_python_sdp_galactica_125m_08', 'lr': '1.2495e-05', 'T.loss': '0.014975', 'Eval.Gen.value_accuracy_best': '23.654'}
[E=18/40, S=32210] {'wandb': 'ReFT_small|gsm8k_python_sdp_galactica_125m_08', 'lr': '1.2492e-05', 'T.loss': '0.004961', 'Eval.Gen.value_accuracy_best': '23.654'}
[E=18/40, S=32220] {'wandb': 'ReFT_small|gsm8k_python_sdp_galactica_125m_08', 'lr': '1.2489e-05', 'T.loss': '0.0078697', 'Eval.Gen.value_accuracy_best': '23.654'}
[E=18/40, S=32230] {'wandb': 'ReFT_small|gsm8k_python_sdp_galactica_125m_08', 'lr': '1.2486e-05', 'T.loss': '0.0045586', 'Eval.Gen.value_accuracy_best': '23.654'}
[E=18/40, S=32240] {'wandb': 'ReFT_small|gsm8k_python_sdp_galactica_125m_08', 'lr': '1.2483e-05', 'T.loss': '0.0034447', 'Eval.Gen.value_accuracy_best': '23.654'}
[E=18/40, S=32250] {'wandb': 'ReFT_small|gsm8k_python_sdp_galactica_125m_08', 'lr': '1.248e-05', 'T.loss': '0.0085983', 'Eval.Gen.value_accuracy_best': '23.654'}
[E=18/40, S=32260] {'wandb': 'ReFT_small|gsm8k_python_sdp_galactica_125m_08', 'lr': '1.2477e-05', 'T.loss': '0.0051565', 'Eval.Gen.value_accuracy_best': '23.654'}
[E=18/40, S=32270] {'wandb': 'ReFT_small|gsm8k_python_sdp_galactica_125m_08', 'lr': '1.2474e-05', 'T.loss': '0.0099602', 'Eval.Gen.value_accuracy_best': '23.654'}
[E=18/40, S=32280] {'wandb': 'ReFT_small|gsm8k_python_sdp_galactica_125m_08', 'lr': '1.2471e-05', 'T.loss': '0.011417', 'Eval.Gen.value_accuracy_best': '23.654'}
[E=18/40, S=32290] {'wandb': 'ReFT_small|gsm8k_python_sdp_galactica_125m_08', 'lr': '1.2468e-05', 'T.loss': '0.0074978', 'Eval.Gen.value_accuracy_best': '23.654'}
[E=18/40, S=32300] {'wandb': 'ReFT_small|gsm8k_python_sdp_galactica_125m_08', 'lr': '1.2465e-05', 'T.loss': '0.0032978', 'Eval.Gen.value_accuracy_best': '23.654'}
[E=18/40, S=32310] {'wandb': 'ReFT_small|gsm8k_python_sdp_galactica_125m_08', 'lr': '1.2461e-05', 'T.loss': '0.0094719', 'Eval.Gen.value_accuracy_best': '23.654'}
[E=18/40, S=32320] {'wandb': 'ReFT_small|gsm8k_python_sdp_galactica_125m_08', 'lr': '1.2458e-05', 'T.loss': '0.017776', 'Eval.Gen.value_accuracy_best': '23.654'}
[E=18/40, S=32330] {'wandb': 'ReFT_small|gsm8k_python_sdp_galactica_125m_08', 'lr': '1.2455e-05', 'T.loss': '0.0076962', 'Eval.Gen.value_accuracy_best': '23.654'}
[E=18/40, S=32340] {'wandb': 'ReFT_small|gsm8k_python_sdp_galactica_125m_08', 'lr': '1.2452e-05', 'T.loss': '0.0088425', 'Eval.Gen.value_accuracy_best': '23.654'}
[E=18/40, S=32350] {'wandb': 'ReFT_small|gsm8k_python_sdp_galactica_125m_08', 'lr': '1.2449e-05', 'T.loss': '0.0046463', 'Eval.Gen.value_accuracy_best': '23.654'}
[E=18/40, S=32360] {'wandb': 'ReFT_small|gsm8k_python_sdp_galactica_125m_08', 'lr': '1.2446e-05', 'T.loss': '0.010302', 'Eval.Gen.value_accuracy_best': '23.654'}
[E=18/40, S=32370] {'wandb': 'ReFT_small|gsm8k_python_sdp_galactica_125m_08', 'lr': '1.2443e-05', 'T.loss': '0.0082283', 'Eval.Gen.value_accuracy_best': '23.654'}
[E=18/40, S=32380] {'wandb': 'ReFT_small|gsm8k_python_sdp_galactica_125m_08', 'lr': '1.244e-05', 'T.loss': '0.0052643', 'Eval.Gen.value_accuracy_best': '23.654'}
[E=18/40, S=32390] {'wandb': 'ReFT_small|gsm8k_python_sdp_galactica_125m_08', 'lr': '1.2437e-05', 'T.loss': '0.0075073', 'Eval.Gen.value_accuracy_best': '23.654'}
[E=18/40, S=32400] {'wandb': 'ReFT_small|gsm8k_python_sdp_galactica_125m_08', 'lr': '1.2434e-05', 'T.loss': '0.027107', 'Eval.Gen.value_accuracy_best': '23.654'}
[E=18/40, S=32410] {'wandb': 'ReFT_small|gsm8k_python_sdp_galactica_125m_08', 'lr': '1.2431e-05', 'T.loss': '0.014441', 'Eval.Gen.value_accuracy_best': '23.654'}
[E=18/40, S=32420] {'wandb': 'ReFT_small|gsm8k_python_sdp_galactica_125m_08', 'lr': '1.2428e-05', 'T.loss': '0.0081329', 'Eval.Gen.value_accuracy_best': '23.654'}
[E=18/40, S=32430] {'wandb': 'ReFT_small|gsm8k_python_sdp_galactica_125m_08', 'lr': '1.2425e-05', 'T.loss': '0.0085983', 'Eval.Gen.value_accuracy_best': '23.654'}
[E=18/40, S=32440] {'wandb': 'ReFT_small|gsm8k_python_sdp_galactica_125m_08', 'lr': '1.2422e-05', 'T.loss': '0.0086498', 'Eval.Gen.value_accuracy_best': '23.654'}
[E=18/40, S=32450] {'wandb': 'ReFT_small|gsm8k_python_sdp_galactica_125m_08', 'lr': '1.2419e-05', 'T.loss': '0.013126', 'Eval.Gen.value_accuracy_best': '23.654'}
[E=18/40, S=32460] {'wandb': 'ReFT_small|gsm8k_python_sdp_galactica_125m_08', 'lr': '1.2416e-05', 'T.loss': '0.016338', 'Eval.Gen.value_accuracy_best': '23.654'}
[E=18/40, S=32470] {'wandb': 'ReFT_small|gsm8k_python_sdp_galactica_125m_08', 'lr': '1.2413e-05', 'T.loss': '0.011612', 'Eval.Gen.value_accuracy_best': '23.654'}
[E=18/40, S=32480] {'wandb': 'ReFT_small|gsm8k_python_sdp_galactica_125m_08', 'lr': '1.241e-05', 'T.loss': '0.014732', 'Eval.Gen.value_accuracy_best': '23.654'}
[E=18/40, S=32490] {'wandb': 'ReFT_small|gsm8k_python_sdp_galactica_125m_08', 'lr': '1.2407e-05', 'T.loss': '0.012474', 'Eval.Gen.value_accuracy_best': '23.654'}
[E=18/40, S=32500] {'wandb': 'ReFT_small|gsm8k_python_sdp_galactica_125m_08', 'lr': '1.2404e-05', 'T.loss': '0.0090103', 'Eval.Gen.value_accuracy_best': '23.654'}
[E=18/40, S=32510] {'wandb': 'ReFT_small|gsm8k_python_sdp_galactica_125m_08', 'lr': '1.2401e-05', 'T.loss': '0.010639', 'Eval.Gen.value_accuracy_best': '23.654'}
[E=18/40, S=32520] {'wandb': 'ReFT_small|gsm8k_python_sdp_galactica_125m_08', 'lr': '1.2398e-05', 'T.loss': '0.0066681', 'Eval.Gen.value_accuracy_best': '23.654'}
[E=18/40, S=32530] {'wandb': 'ReFT_small|gsm8k_python_sdp_galactica_125m_08', 'lr': '1.2395e-05', 'T.loss': '0.01527', 'Eval.Gen.value_accuracy_best': '23.654'}
[E=18/40, S=32540] {'wandb': 'ReFT_small|gsm8k_python_sdp_galactica_125m_08', 'lr': '1.2392e-05', 'T.loss': '0.011728', 'Eval.Gen.value_accuracy_best': '23.654'}
[E=18/40, S=32550] {'wandb': 'ReFT_small|gsm8k_python_sdp_galactica_125m_08', 'lr': '1.2389e-05', 'T.loss': '0.014587', 'Eval.Gen.value_accuracy_best': '23.654'}
[E=18/40, S=32560] {'wandb': 'ReFT_small|gsm8k_python_sdp_galactica_125m_08', 'lr': '1.2386e-05', 'T.loss': '0.0048904', 'Eval.Gen.value_accuracy_best': '23.654'}
[E=18/40, S=32570] {'wandb': 'ReFT_small|gsm8k_python_sdp_galactica_125m_08', 'lr': '1.2383e-05', 'T.loss': '0.012247', 'Eval.Gen.value_accuracy_best': '23.654'}
[E=18/40, S=32580] {'wandb': 'ReFT_small|gsm8k_python_sdp_galactica_125m_08', 'lr': '1.238e-05', 'T.loss': '0.0087624', 'Eval.Gen.value_accuracy_best': '23.654'}
[E=18/40, S=32590] {'wandb': 'ReFT_small|gsm8k_python_sdp_galactica_125m_08', 'lr': '1.2377e-05', 'T.loss': '0.0041943', 'Eval.Gen.value_accuracy_best': '23.654'}
[E=18/40, S=32600] {'wandb': 'ReFT_small|gsm8k_python_sdp_galactica_125m_08', 'lr': '1.2374e-05', 'T.loss': '0.0095167', 'Eval.Gen.value_accuracy_best': '23.654'}
[E=18/40, S=32610] {'wandb': 'ReFT_small|gsm8k_python_sdp_galactica_125m_08', 'lr': '1.2371e-05', 'T.loss': '0.0065689', 'Eval.Gen.value_accuracy_best': '23.654'}
[E=18/40, S=32620] {'wandb': 'ReFT_small|gsm8k_python_sdp_galactica_125m_08', 'lr': '1.2368e-05', 'T.loss': '0.015408', 'Eval.Gen.value_accuracy_best': '23.654'}
[E=18/40, S=32630] {'wandb': 'ReFT_small|gsm8k_python_sdp_galactica_125m_08', 'lr': '1.2365e-05', 'T.loss': '0.0060806', 'Eval.Gen.value_accuracy_best': '23.654'}
[E=18/40, S=32640] {'wandb': 'ReFT_small|gsm8k_python_sdp_galactica_125m_08', 'lr': '1.2362e-05', 'T.loss': '0.0099468', 'Eval.Gen.value_accuracy_best': '23.654'}
[E=18/40, S=32650] {'wandb': 'ReFT_small|gsm8k_python_sdp_galactica_125m_08', 'lr': '1.2359e-05', 'T.loss': '0.0081425', 'Eval.Gen.value_accuracy_best': '23.654'}
[E=18/40, S=32660] {'wandb': 'ReFT_small|gsm8k_python_sdp_galactica_125m_08', 'lr': '1.2356e-05', 'T.loss': '0.0085545', 'Eval.Gen.value_accuracy_best': '23.654'}
[E=18/40, S=32670] {'wandb': 'ReFT_small|gsm8k_python_sdp_galactica_125m_08', 'lr': '1.2353e-05', 'T.loss': '0.013464', 'Eval.Gen.value_accuracy_best': '23.654'}
[2025-06-05 21:11:21,785] [INFO] [loss_scaler.py:183:update_scale] [deepspeed] OVERFLOW! Rank 0 Skipping step. Attempted loss scale: 65536, reducing to 32768
[E=18/40, S=32680] {'wandb': 'ReFT_small|gsm8k_python_sdp_galactica_125m_08', 'lr': '1.235e-05', 'T.loss': '0.010323', 'Eval.Gen.value_accuracy_best': '23.654'}
[E=18/40, S=32690] {'wandb': 'ReFT_small|gsm8k_python_sdp_galactica_125m_08', 'lr': '1.2347e-05', 'T.loss': '0.014091', 'Eval.Gen.value_accuracy_best': '23.654'}
[E=18/40, S=32700] {'wandb': 'ReFT_small|gsm8k_python_sdp_galactica_125m_08', 'lr': '1.2344e-05', 'T.loss': '0.0079346', 'Eval.Gen.value_accuracy_best': '23.654'}
[E=18/40, S=32710] {'wandb': 'ReFT_small|gsm8k_python_sdp_galactica_125m_08', 'lr': '1.2341e-05', 'T.loss': '0.011232', 'Eval.Gen.value_accuracy_best': '23.654'}
[E=18/40, S=32720] {'wandb': 'ReFT_small|gsm8k_python_sdp_galactica_125m_08', 'lr': '1.2338e-05', 'T.loss': '0.020367', 'Eval.Gen.value_accuracy_best': '23.654'}
[E=18/40, S=32730] {'wandb': 'ReFT_small|gsm8k_python_sdp_galactica_125m_08', 'lr': '1.2335e-05', 'T.loss': '0.011274', 'Eval.Gen.value_accuracy_best': '23.654'}
[E=18/40, S=32740] {'wandb': 'ReFT_small|gsm8k_python_sdp_galactica_125m_08', 'lr': '1.2332e-05', 'T.loss': '0.0098419', 'Eval.Gen.value_accuracy_best': '23.654'}
[E=18/40, S=32750] {'wandb': 'ReFT_small|gsm8k_python_sdp_galactica_125m_08', 'lr': '1.2329e-05', 'T.loss': '0.01577', 'Eval.Gen.value_accuracy_best': '23.654'}
[E=18/40, S=32760] {'wandb': 'ReFT_small|gsm8k_python_sdp_galactica_125m_08', 'lr': '1.2326e-05', 'T.loss': '0.0068998', 'Eval.Gen.value_accuracy_best': '23.654'}
[E=18/40, S=32770] {'wandb': 'ReFT_small|gsm8k_python_sdp_galactica_125m_08', 'lr': '1.2323e-05', 'T.loss': '0.0066795', 'Eval.Gen.value_accuracy_best': '23.654'}
[E=18/40, S=32780] {'wandb': 'ReFT_small|gsm8k_python_sdp_galactica_125m_08', 'lr': '1.2319e-05', 'T.loss': '0.0091171', 'Eval.Gen.value_accuracy_best': '23.654'}
[E=18/40, S=32790] {'wandb': 'ReFT_small|gsm8k_python_sdp_galactica_125m_08', 'lr': '1.2316e-05', 'T.loss': '0.012054', 'Eval.Gen.value_accuracy_best': '23.654'}
[E=18/40, S=32800] {'wandb': 'ReFT_small|gsm8k_python_sdp_galactica_125m_08', 'lr': '1.2313e-05', 'T.loss': '0.015614', 'Eval.Gen.value_accuracy_best': '23.654'}
[E=18/40, S=32810] {'wandb': 'ReFT_small|gsm8k_python_sdp_galactica_125m_08', 'lr': '1.231e-05', 'T.loss': '0.010586', 'Eval.Gen.value_accuracy_best': '23.654'}
[E=18/40, S=32820] {'wandb': 'ReFT_small|gsm8k_python_sdp_galactica_125m_08', 'lr': '1.2307e-05', 'T.loss': '0.010254', 'Eval.Gen.value_accuracy_best': '23.654'}
[E=18/40, S=32830] {'wandb': 'ReFT_small|gsm8k_python_sdp_galactica_125m_08', 'lr': '1.2304e-05', 'T.loss': '0.017082', 'Eval.Gen.value_accuracy_best': '23.654'}
[E=18/40, S=32840] {'wandb': 'ReFT_small|gsm8k_python_sdp_galactica_125m_08', 'lr': '1.2301e-05', 'T.loss': '0.013903', 'Eval.Gen.value_accuracy_best': '23.654'}
[E=18/40, S=32850] {'wandb': 'ReFT_small|gsm8k_python_sdp_galactica_125m_08', 'lr': '1.2298e-05', 'T.loss': '0.017849', 'Eval.Gen.value_accuracy_best': '23.654'}
[E=18/40, S=32860] {'wandb': 'ReFT_small|gsm8k_python_sdp_galactica_125m_08', 'lr': '1.2295e-05', 'T.loss': '0.011219', 'Eval.Gen.value_accuracy_best': '23.654'}
[E=18/40, S=32870] {'wandb': 'ReFT_small|gsm8k_python_sdp_galactica_125m_08', 'lr': '1.2292e-05', 'T.loss': '0.0059052', 'Eval.Gen.value_accuracy_best': '23.654'}
[E=18/40, S=32880] {'wandb': 'ReFT_small|gsm8k_python_sdp_galactica_125m_08', 'lr': '1.2289e-05', 'T.loss': '0.0041037', 'Eval.Gen.value_accuracy_best': '23.654'}
[E=18/40, S=32890] {'wandb': 'ReFT_small|gsm8k_python_sdp_galactica_125m_08', 'lr': '1.2286e-05', 'T.loss': '0.0095158', 'Eval.Gen.value_accuracy_best': '23.654'}
[E=18/40, S=32900] {'wandb': 'ReFT_small|gsm8k_python_sdp_galactica_125m_08', 'lr': '1.2283e-05', 'T.loss': '0.01511', 'Eval.Gen.value_accuracy_best': '23.654'}
[E=18/40, S=32910] {'wandb': 'ReFT_small|gsm8k_python_sdp_galactica_125m_08', 'lr': '1.228e-05', 'T.loss': '0.010263', 'Eval.Gen.value_accuracy_best': '23.654'}
[E=18/40, S=32920] {'wandb': 'ReFT_small|gsm8k_python_sdp_galactica_125m_08', 'lr': '1.2277e-05', 'T.loss': '0.010365', 'Eval.Gen.value_accuracy_best': '23.654'}
[E=18/40, S=32930] {'wandb': 'ReFT_small|gsm8k_python_sdp_galactica_125m_08', 'lr': '1.2274e-05', 'T.loss': '0.030514', 'Eval.Gen.value_accuracy_best': '23.654'}
[E=18/40, S=32940] {'wandb': 'ReFT_small|gsm8k_python_sdp_galactica_125m_08', 'lr': '1.2271e-05', 'T.loss': '0.014618', 'Eval.Gen.value_accuracy_best': '23.654'}
[E=18/40, S=32950] {'wandb': 'ReFT_small|gsm8k_python_sdp_galactica_125m_08', 'lr': '1.2268e-05', 'T.loss': '0.011955', 'Eval.Gen.value_accuracy_best': '23.654'}
[E=18/40, S=32960] {'wandb': 'ReFT_small|gsm8k_python_sdp_galactica_125m_08', 'lr': '1.2265e-05', 'T.loss': '0.0087967', 'Eval.Gen.value_accuracy_best': '23.654'}
[E=18/40, S=32970] {'wandb': 'ReFT_small|gsm8k_python_sdp_galactica_125m_08', 'lr': '1.2262e-05', 'T.loss': '0.013496', 'Eval.Gen.value_accuracy_best': '23.654'}
[E=18/40, S=32980] {'wandb': 'ReFT_small|gsm8k_python_sdp_galactica_125m_08', 'lr': '1.2259e-05', 'T.loss': '0.01482', 'Eval.Gen.value_accuracy_best': '23.654'}
[E=18/40, S=32990] {'wandb': 'ReFT_small|gsm8k_python_sdp_galactica_125m_08', 'lr': '1.2256e-05', 'T.loss': '0.0085716', 'Eval.Gen.value_accuracy_best': '23.654'}
[E=18/40, S=33000] {'wandb': 'ReFT_small|gsm8k_python_sdp_galactica_125m_08', 'lr': '1.2253e-05', 'T.loss': '0.024887', 'Eval.Gen.value_accuracy_best': '23.654'}
[E=18/40, S=33010] {'wandb': 'ReFT_small|gsm8k_python_sdp_galactica_125m_08', 'lr': '1.225e-05', 'T.loss': '0.012695', 'Eval.Gen.value_accuracy_best': '23.654'}
[E=18/40, S=33020] {'wandb': 'ReFT_small|gsm8k_python_sdp_galactica_125m_08', 'lr': '1.2247e-05', 'T.loss': '0.010336', 'Eval.Gen.value_accuracy_best': '23.654'}
[E=18/40, S=33030] {'wandb': 'ReFT_small|gsm8k_python_sdp_galactica_125m_08', 'lr': '1.2244e-05', 'T.loss': '0.013195', 'Eval.Gen.value_accuracy_best': '23.654'}
[E=18/40, S=33040] {'wandb': 'ReFT_small|gsm8k_python_sdp_galactica_125m_08', 'lr': '1.2241e-05', 'T.loss': '0.0091515', 'Eval.Gen.value_accuracy_best': '23.654'}
[E=18/40, S=33050] {'wandb': 'ReFT_small|gsm8k_python_sdp_galactica_125m_08', 'lr': '1.2238e-05', 'T.loss': '0.01161', 'Eval.Gen.value_accuracy_best': '23.654'}
[E=18/40, S=33060] {'wandb': 'ReFT_small|gsm8k_python_sdp_galactica_125m_08', 'lr': '1.2235e-05', 'T.loss': '0.0094242', 'Eval.Gen.value_accuracy_best': '23.654'}
[E=18/40, S=33070] {'wandb': 'ReFT_small|gsm8k_python_sdp_galactica_125m_08', 'lr': '1.2232e-05', 'T.loss': '0.013414', 'Eval.Gen.value_accuracy_best': '23.654'}
[E=18/40, S=33080] {'wandb': 'ReFT_small|gsm8k_python_sdp_galactica_125m_08', 'lr': '1.2229e-05', 'T.loss': '0.017879', 'Eval.Gen.value_accuracy_best': '23.654'}
[E=18/40, S=33090] {'wandb': 'ReFT_small|gsm8k_python_sdp_galactica_125m_08', 'lr': '1.2226e-05', 'T.loss': '0.0088348', 'Eval.Gen.value_accuracy_best': '23.654'}
[E=18/40, S=33100] {'wandb': 'ReFT_small|gsm8k_python_sdp_galactica_125m_08', 'lr': '1.2223e-05', 'T.loss': '0.012306', 'Eval.Gen.value_accuracy_best': '23.654'}
name 'speed_3' is not defined
invalid syntax (<string>, line 8)
local variable 'total_hours' referenced before assignment
name 'num_candles_sold' is not defined
local variable 'red_tips' referenced before assignment
name 'occupied_units' is not defined
name 'kittens_adopted_first_cat' is not defined
name 'cups_first_120' is not defined
invalid decimal literal (<string>, line 7)
invalid syntax (<string>, line 8)
name 'blocks_per_year' is not defined
name 'asset_initial' is not defined
local variable 'cars_driven_second_15_minutes' referenced before assignment
invalid syntax (<string>, line 7)
invalid syntax (<string>, line 9)
name 'action_figure_cost' is not defined
local variable 'lemons_made' referenced before assignment
name 'Asia' is not defined
local variable 'white_carnations' referenced before assignment
unterminated triple-quoted string literal (detected at line 4) (<string>, line 4)
name 'white_flamingos' is not defined
local variable 'brianna_points' referenced before assignment
invalid syntax (<string>, line 7)
invalid decimal literal (<string>, line 9)
local variable 'num_ages' referenced before assignment
name 'topaz_beads' is not defined
name 'fast_lane_time' is not defined
name 'books_sold_total' is not defined
local variable 'ice_cream_discounted' referenced before assignment
local variable 'coffee_strength_total' referenced before assignment
name 'job_a_total_hours' is not defined
name 'share_initial' is not defined
invalid syntax (<string>, line 10)
name 'first_day_shoes' is not defined
name 'premium_total' is not defined
local variable 'zebras_half' referenced before assignment
local variable 'steps_to_school_and_to_school' referenced before assignment
name 'minutes_read_per_minute' is not defined
name 'may_hours' is not defined
name 'money_total' is not defined
name 'beef_pounds' is not defined
name 'room_feet' is not defined
name 'beads_per_sister' is not defined
name 'run_time_percent' is not defined
name 'rubies_per_day' is not defined
name 'oats' is not defined
local variable 'cards_given' referenced before assignment
name 'pillow_cases' is not defined
local variable 'pencils_left_fraction_spent' referenced before assignment
invalid syntax (<string>, line 6)
name 'normal_cost' is not defined
name 'ben_yellow_tubes' is not defined
local variable 'yards_used_total' referenced before assignment
name 'cost_total' is not defined
invalid syntax (<string>, line 8)
local variable 'granola_cookies_total' referenced before assignment
name 'people_per_hour' is not defined
name 'money_initial' is not defined
name 'bottles_initial' is not defined
invalid decimal literal (<string>, line 7)
name 'discount_total_cost' is not defined
name 'jill_total_time' is not defined
local variable 'donuts_weight_after' referenced before assignment
name 'mushrooms_per_mushroom' is not defined
name 'cost_per_implant' is not defined
name 'cups_2_hours' is not defined
invalid syntax (<string>, line 5)
name 'sales_tax' is not defined
name 'meat_to_sell' is not defined
invalid syntax (<string>, line 5)
name 'basketball_basketballs' is not defined
name 'salary_bonus' is not defined
local variable 'dress_pants_cost' referenced before assignment
local variable 'beans_time' referenced before assignment
name 'hours_per_1_5_hours' is not defined
name 'fraction_used' is not defined
local variable 'high_chairs' referenced before assignment
name 'cost_per_snack' is not defined
name 'gissela_truck_gravel' is not defined
invalid syntax (<string>, line 5)
name 'computers_cost' is not defined
name 'num_chairs' is not defined
name 'num_friends_3' is not defined
name 'half_jar_cost' is not defined
name 'groups_needed_required' is not defined
name 'movies_with_Series' is not defined
name 'first_winners' is not defined
invalid syntax (<string>, line 5)
name 'total_eggplant_tomatoes' is not defined
local variable 'cost_difference_total' referenced before assignment
name 'first_day_hours' is not defined
local variable 'julie_second_game' referenced before assignment
name 'peter_total_socks' is not defined
name 'slices_price' is not defined
local variable 'test_score' referenced before assignment
local variable 'daisies_petals_more' referenced before assignment
local variable 'joe_money' referenced before assignment
invalid syntax (<string>, line 7)
name 'hours' is not defined
name 'slices_per_day' is not defined
local variable 'berries_per_trip' referenced before assignment
local variable 'candy_total' referenced before assignment
name 'tables_per_table' is not defined
name 'money_per_day' is not defined
local variable 'cost_12' referenced before assignment
name 'total_customers' is not defined
local variable 'emails_boysfriend' referenced before assignment
invalid syntax (<string>, line 5)
name 'robert_jerry' is not defined
name 'shrimp_peel_per_minute' is not defined
local variable 'bill_comet_age' referenced before assignment
local variable 'minutes_per_hour' referenced before assignment
name 'charge_loss_5_hours' is not defined
local variable 'peaches_cost' referenced before assignment
local variable 'total_and_sides' referenced before assignment
name 'money_sold' is not defined
local variable 'total_cost' referenced before assignment
invalid syntax (<string>, line 6)
name 'degrees_tripled_loans' is not defined
invalid syntax (<string>, line 7)
name 'becky_slices' is not defined
local variable 'guests_extra' referenced before assignment
name 'toothpicks_per_week' is not defined
name 'class_length_hours_minutes' is not defined
name 'salary' is not defined
local variable 'total_fishes_more' referenced before assignment
invalid syntax (<string>, line 6)
name 'crayons_count' is not defined
name 'planks_price' is not defined
name 'num_bagels' is not defined
name 'total_jelly_beans' is not defined
local variable 'ratio_men_next_stop' referenced before assignment
invalid syntax (<string>, line 7)
name 'amount_after_home' is not defined
local variable 'team_a_goals_second' referenced before assignment
local variable 'dishwasher_cost_total' referenced before assignment
invalid syntax (<string>, line 5)
invalid syntax (<string>, line 5)
name 'colors_initial' is not defined
name 'interest_2' is not defined
name 'diapers_change' is not defined
local variable 'cupcakes_fraction' referenced before assignment
name 'maggazines_sent_first_year' is not defined
'(' was never closed (<string>, line 15)
name 'eggs_cost' is not defined
name 'flashlights_per_room' is not defined
name 'num_adults' is not defined
name 'fence_side_feet' is not defined
name 'total_revenue_bought' is not defined
local variable 'age_difference' referenced before assignment
invalid syntax (<string>, line 5)
name 'total_tickets' is not defined
invalid syntax (<string>, line 7)
name 'cookies_total' is not defined
unindent does not match any outer indentation level (<string>, line 5)
invalid syntax (<string>, line 6)
invalid syntax (<string>, line 7)
[Eval Info] value_accuracy: 22.29%
[E=18/40, S=33102] {'wandb': 'ReFT_small|gsm8k_python_sdp_galactica_125m_08', 'lr': '1.2222e-05', 'T.loss': '0.009613', 'Eval.Gen.value_accuracy': '22.29', 'Eval.Gen.value_accuracy_best': '23.654'}
[E=19/40, S=33110] {'wandb': 'ReFT_small|gsm8k_python_sdp_galactica_125m_08', 'lr': '1.222e-05', 'T.loss': '0.0058498', 'Eval.Gen.value_accuracy_best': '23.654'}
[E=19/40, S=33120] {'wandb': 'ReFT_small|gsm8k_python_sdp_galactica_125m_08', 'lr': '1.2217e-05', 'T.loss': '0.0097885', 'Eval.Gen.value_accuracy_best': '23.654'}
[E=19/40, S=33130] {'wandb': 'ReFT_small|gsm8k_python_sdp_galactica_125m_08', 'lr': '1.2214e-05', 'T.loss': '0.0048065', 'Eval.Gen.value_accuracy_best': '23.654'}
[E=19/40, S=33140] {'wandb': 'ReFT_small|gsm8k_python_sdp_galactica_125m_08', 'lr': '1.2211e-05', 'T.loss': '0.0034676', 'Eval.Gen.value_accuracy_best': '23.654'}
[E=19/40, S=33150] {'wandb': 'ReFT_small|gsm8k_python_sdp_galactica_125m_08', 'lr': '1.2208e-05', 'T.loss': '0.007061', 'Eval.Gen.value_accuracy_best': '23.654'}
[E=19/40, S=33160] {'wandb': 'ReFT_small|gsm8k_python_sdp_galactica_125m_08', 'lr': '1.2205e-05', 'T.loss': '0.014104', 'Eval.Gen.value_accuracy_best': '23.654'}
[E=19/40, S=33170] {'wandb': 'ReFT_small|gsm8k_python_sdp_galactica_125m_08', 'lr': '1.2202e-05', 'T.loss': '0.0066509', 'Eval.Gen.value_accuracy_best': '23.654'}
[E=19/40, S=33180] {'wandb': 'ReFT_small|gsm8k_python_sdp_galactica_125m_08', 'lr': '1.2199e-05', 'T.loss': '0.016171', 'Eval.Gen.value_accuracy_best': '23.654'}
[E=19/40, S=33190] {'wandb': 'ReFT_small|gsm8k_python_sdp_galactica_125m_08', 'lr': '1.2196e-05', 'T.loss': '0.0057907', 'Eval.Gen.value_accuracy_best': '23.654'}
[E=19/40, S=33200] {'wandb': 'ReFT_small|gsm8k_python_sdp_galactica_125m_08', 'lr': '1.2193e-05', 'T.loss': '0.0066795', 'Eval.Gen.value_accuracy_best': '23.654'}
[E=19/40, S=33210] {'wandb': 'ReFT_small|gsm8k_python_sdp_galactica_125m_08', 'lr': '1.219e-05', 'T.loss': '0.0088844', 'Eval.Gen.value_accuracy_best': '23.654'}
[E=19/40, S=33220] {'wandb': 'ReFT_small|gsm8k_python_sdp_galactica_125m_08', 'lr': '1.2187e-05', 'T.loss': '0.011514', 'Eval.Gen.value_accuracy_best': '23.654'}
[E=19/40, S=33230] {'wandb': 'ReFT_small|gsm8k_python_sdp_galactica_125m_08', 'lr': '1.2184e-05', 'T.loss': '0.0066586', 'Eval.Gen.value_accuracy_best': '23.654'}
[E=19/40, S=33240] {'wandb': 'ReFT_small|gsm8k_python_sdp_galactica_125m_08', 'lr': '1.2181e-05', 'T.loss': '0.0064039', 'Eval.Gen.value_accuracy_best': '23.654'}
[E=19/40, S=33250] {'wandb': 'ReFT_small|gsm8k_python_sdp_galactica_125m_08', 'lr': '1.2178e-05', 'T.loss': '0.014458', 'Eval.Gen.value_accuracy_best': '23.654'}
[E=19/40, S=33260] {'wandb': 'ReFT_small|gsm8k_python_sdp_galactica_125m_08', 'lr': '1.2174e-05', 'T.loss': '0.012066', 'Eval.Gen.value_accuracy_best': '23.654'}
[E=19/40, S=33270] {'wandb': 'ReFT_small|gsm8k_python_sdp_galactica_125m_08', 'lr': '1.2171e-05', 'T.loss': '0.0052357', 'Eval.Gen.value_accuracy_best': '23.654'}
[E=19/40, S=33280] {'wandb': 'ReFT_small|gsm8k_python_sdp_galactica_125m_08', 'lr': '1.2168e-05', 'T.loss': '0.0084209', 'Eval.Gen.value_accuracy_best': '23.654'}
[E=19/40, S=33290] {'wandb': 'ReFT_small|gsm8k_python_sdp_galactica_125m_08', 'lr': '1.2165e-05', 'T.loss': '0.010284', 'Eval.Gen.value_accuracy_best': '23.654'}
[E=19/40, S=33300] {'wandb': 'ReFT_small|gsm8k_python_sdp_galactica_125m_08', 'lr': '1.2162e-05', 'T.loss': '0.0092297', 'Eval.Gen.value_accuracy_best': '23.654'}
[E=19/40, S=33310] {'wandb': 'ReFT_small|gsm8k_python_sdp_galactica_125m_08', 'lr': '1.2159e-05', 'T.loss': '0.0079947', 'Eval.Gen.value_accuracy_best': '23.654'}
[E=19/40, S=33320] {'wandb': 'ReFT_small|gsm8k_python_sdp_galactica_125m_08', 'lr': '1.2156e-05', 'T.loss': '0.0079117', 'Eval.Gen.value_accuracy_best': '23.654'}
[E=19/40, S=33330] {'wandb': 'ReFT_small|gsm8k_python_sdp_galactica_125m_08', 'lr': '1.2153e-05', 'T.loss': '0.0098076', 'Eval.Gen.value_accuracy_best': '23.654'}
[E=19/40, S=33340] {'wandb': 'ReFT_small|gsm8k_python_sdp_galactica_125m_08', 'lr': '1.215e-05', 'T.loss': '0.0062447', 'Eval.Gen.value_accuracy_best': '23.654'}
[E=19/40, S=33350] {'wandb': 'ReFT_small|gsm8k_python_sdp_galactica_125m_08', 'lr': '1.2147e-05', 'T.loss': '0.012817', 'Eval.Gen.value_accuracy_best': '23.654'}
[E=19/40, S=33360] {'wandb': 'ReFT_small|gsm8k_python_sdp_galactica_125m_08', 'lr': '1.2144e-05', 'T.loss': '0.010864', 'Eval.Gen.value_accuracy_best': '23.654'}
[E=19/40, S=33370] {'wandb': 'ReFT_small|gsm8k_python_sdp_galactica_125m_08', 'lr': '1.2141e-05', 'T.loss': '0.011513', 'Eval.Gen.value_accuracy_best': '23.654'}
[E=19/40, S=33380] {'wandb': 'ReFT_small|gsm8k_python_sdp_galactica_125m_08', 'lr': '1.2138e-05', 'T.loss': '0.0042944', 'Eval.Gen.value_accuracy_best': '23.654'}
[E=19/40, S=33390] {'wandb': 'ReFT_small|gsm8k_python_sdp_galactica_125m_08', 'lr': '1.2135e-05', 'T.loss': '0.013039', 'Eval.Gen.value_accuracy_best': '23.654'}
[E=19/40, S=33400] {'wandb': 'ReFT_small|gsm8k_python_sdp_galactica_125m_08', 'lr': '1.2132e-05', 'T.loss': '0.01305', 'Eval.Gen.value_accuracy_best': '23.654'}
[E=19/40, S=33410] {'wandb': 'ReFT_small|gsm8k_python_sdp_galactica_125m_08', 'lr': '1.2129e-05', 'T.loss': '0.0087681', 'Eval.Gen.value_accuracy_best': '23.654'}
[E=19/40, S=33420] {'wandb': 'ReFT_small|gsm8k_python_sdp_galactica_125m_08', 'lr': '1.2126e-05', 'T.loss': '0.0071769', 'Eval.Gen.value_accuracy_best': '23.654'}
[E=19/40, S=33430] {'wandb': 'ReFT_small|gsm8k_python_sdp_galactica_125m_08', 'lr': '1.2123e-05', 'T.loss': '0.012663', 'Eval.Gen.value_accuracy_best': '23.654'}
[E=19/40, S=33440] {'wandb': 'ReFT_small|gsm8k_python_sdp_galactica_125m_08', 'lr': '1.212e-05', 'T.loss': '0.014305', 'Eval.Gen.value_accuracy_best': '23.654'}
[E=19/40, S=33450] {'wandb': 'ReFT_small|gsm8k_python_sdp_galactica_125m_08', 'lr': '1.2117e-05', 'T.loss': '0.01466', 'Eval.Gen.value_accuracy_best': '23.654'}
[E=19/40, S=33460] {'wandb': 'ReFT_small|gsm8k_python_sdp_galactica_125m_08', 'lr': '1.2114e-05', 'T.loss': '0.0088148', 'Eval.Gen.value_accuracy_best': '23.654'}
[E=19/40, S=33470] {'wandb': 'ReFT_small|gsm8k_python_sdp_galactica_125m_08', 'lr': '1.2111e-05', 'T.loss': '0.003767', 'Eval.Gen.value_accuracy_best': '23.654'}
[E=19/40, S=33480] {'wandb': 'ReFT_small|gsm8k_python_sdp_galactica_125m_08', 'lr': '1.2108e-05', 'T.loss': '0.0048122', 'Eval.Gen.value_accuracy_best': '23.654'}
[E=19/40, S=33490] {'wandb': 'ReFT_small|gsm8k_python_sdp_galactica_125m_08', 'lr': '1.2105e-05', 'T.loss': '0.010044', 'Eval.Gen.value_accuracy_best': '23.654'}
[E=19/40, S=33500] {'wandb': 'ReFT_small|gsm8k_python_sdp_galactica_125m_08', 'lr': '1.2102e-05', 'T.loss': '0.011642', 'Eval.Gen.value_accuracy_best': '23.654'}
[E=19/40, S=33510] {'wandb': 'ReFT_small|gsm8k_python_sdp_galactica_125m_08', 'lr': '1.2099e-05', 'T.loss': '0.012669', 'Eval.Gen.value_accuracy_best': '23.654'}
[E=19/40, S=33520] {'wandb': 'ReFT_small|gsm8k_python_sdp_galactica_125m_08', 'lr': '1.2096e-05', 'T.loss': '0.01775', 'Eval.Gen.value_accuracy_best': '23.654'}
[E=19/40, S=33530] {'wandb': 'ReFT_small|gsm8k_python_sdp_galactica_125m_08', 'lr': '1.2093e-05', 'T.loss': '0.016975', 'Eval.Gen.value_accuracy_best': '23.654'}
[E=19/40, S=33540] {'wandb': 'ReFT_small|gsm8k_python_sdp_galactica_125m_08', 'lr': '1.209e-05', 'T.loss': '0.015247', 'Eval.Gen.value_accuracy_best': '23.654'}
[E=19/40, S=33550] {'wandb': 'ReFT_small|gsm8k_python_sdp_galactica_125m_08', 'lr': '1.2087e-05', 'T.loss': '0.0091438', 'Eval.Gen.value_accuracy_best': '23.654'}
[E=19/40, S=33560] {'wandb': 'ReFT_small|gsm8k_python_sdp_galactica_125m_08', 'lr': '1.2084e-05', 'T.loss': '0.0073948', 'Eval.Gen.value_accuracy_best': '23.654'}
[E=19/40, S=33570] {'wandb': 'ReFT_small|gsm8k_python_sdp_galactica_125m_08', 'lr': '1.2081e-05', 'T.loss': '0.0036049', 'Eval.Gen.value_accuracy_best': '23.654'}
[E=19/40, S=33580] {'wandb': 'ReFT_small|gsm8k_python_sdp_galactica_125m_08', 'lr': '1.2078e-05', 'T.loss': '0.01046', 'Eval.Gen.value_accuracy_best': '23.654'}
[E=19/40, S=33590] {'wandb': 'ReFT_small|gsm8k_python_sdp_galactica_125m_08', 'lr': '1.2075e-05', 'T.loss': '0.018364', 'Eval.Gen.value_accuracy_best': '23.654'}
[E=19/40, S=33600] {'wandb': 'ReFT_small|gsm8k_python_sdp_galactica_125m_08', 'lr': '1.2072e-05', 'T.loss': '0.0054512', 'Eval.Gen.value_accuracy_best': '23.654'}
[E=19/40, S=33610] {'wandb': 'ReFT_small|gsm8k_python_sdp_galactica_125m_08', 'lr': '1.2069e-05', 'T.loss': '0.010273', 'Eval.Gen.value_accuracy_best': '23.654'}
[E=19/40, S=33620] {'wandb': 'ReFT_small|gsm8k_python_sdp_galactica_125m_08', 'lr': '1.2066e-05', 'T.loss': '0.030563', 'Eval.Gen.value_accuracy_best': '23.654'}
[E=19/40, S=33630] {'wandb': 'ReFT_small|gsm8k_python_sdp_galactica_125m_08', 'lr': '1.2063e-05', 'T.loss': '0.010773', 'Eval.Gen.value_accuracy_best': '23.654'}
[E=19/40, S=33640] {'wandb': 'ReFT_small|gsm8k_python_sdp_galactica_125m_08', 'lr': '1.206e-05', 'T.loss': '0.0061007', 'Eval.Gen.value_accuracy_best': '23.654'}
[E=19/40, S=33650] {'wandb': 'ReFT_small|gsm8k_python_sdp_galactica_125m_08', 'lr': '1.2057e-05', 'T.loss': '0.0088663', 'Eval.Gen.value_accuracy_best': '23.654'}
[E=19/40, S=33660] {'wandb': 'ReFT_small|gsm8k_python_sdp_galactica_125m_08', 'lr': '1.2054e-05', 'T.loss': '0.011162', 'Eval.Gen.value_accuracy_best': '23.654'}
[E=19/40, S=33670] {'wandb': 'ReFT_small|gsm8k_python_sdp_galactica_125m_08', 'lr': '1.2051e-05', 'T.loss': '0.0052757', 'Eval.Gen.value_accuracy_best': '23.654'}
[2025-06-05 21:18:27,684] [INFO] [loss_scaler.py:183:update_scale] [deepspeed] OVERFLOW! Rank 0 Skipping step. Attempted loss scale: 65536, reducing to 32768
[E=19/40, S=33680] {'wandb': 'ReFT_small|gsm8k_python_sdp_galactica_125m_08', 'lr': '1.2048e-05', 'T.loss': '0.014657', 'Eval.Gen.value_accuracy_best': '23.654'}
[E=19/40, S=33690] {'wandb': 'ReFT_small|gsm8k_python_sdp_galactica_125m_08', 'lr': '1.2045e-05', 'T.loss': '0.018738', 'Eval.Gen.value_accuracy_best': '23.654'}
[E=19/40, S=33700] {'wandb': 'ReFT_small|gsm8k_python_sdp_galactica_125m_08', 'lr': '1.2042e-05', 'T.loss': '0.0045586', 'Eval.Gen.value_accuracy_best': '23.654'}
[E=19/40, S=33710] {'wandb': 'ReFT_small|gsm8k_python_sdp_galactica_125m_08', 'lr': '1.2039e-05', 'T.loss': '0.0087357', 'Eval.Gen.value_accuracy_best': '23.654'}
[E=19/40, S=33720] {'wandb': 'ReFT_small|gsm8k_python_sdp_galactica_125m_08', 'lr': '1.2036e-05', 'T.loss': '0.014071', 'Eval.Gen.value_accuracy_best': '23.654'}
[E=19/40, S=33730] {'wandb': 'ReFT_small|gsm8k_python_sdp_galactica_125m_08', 'lr': '1.2033e-05', 'T.loss': '0.0076427', 'Eval.Gen.value_accuracy_best': '23.654'}
[E=19/40, S=33740] {'wandb': 'ReFT_small|gsm8k_python_sdp_galactica_125m_08', 'lr': '1.2029e-05', 'T.loss': '0.0096817', 'Eval.Gen.value_accuracy_best': '23.654'}
[E=19/40, S=33750] {'wandb': 'ReFT_small|gsm8k_python_sdp_galactica_125m_08', 'lr': '1.2026e-05', 'T.loss': '0.010284', 'Eval.Gen.value_accuracy_best': '23.654'}
[E=19/40, S=33760] {'wandb': 'ReFT_small|gsm8k_python_sdp_galactica_125m_08', 'lr': '1.2023e-05', 'T.loss': '0.0093536', 'Eval.Gen.value_accuracy_best': '23.654'}
[E=19/40, S=33770] {'wandb': 'ReFT_small|gsm8k_python_sdp_galactica_125m_08', 'lr': '1.202e-05', 'T.loss': '0.0091553', 'Eval.Gen.value_accuracy_best': '23.654'}
[E=19/40, S=33780] {'wandb': 'ReFT_small|gsm8k_python_sdp_galactica_125m_08', 'lr': '1.2017e-05', 'T.loss': '0.016277', 'Eval.Gen.value_accuracy_best': '23.654'}
[E=19/40, S=33790] {'wandb': 'ReFT_small|gsm8k_python_sdp_galactica_125m_08', 'lr': '1.2014e-05', 'T.loss': '0.012985', 'Eval.Gen.value_accuracy_best': '23.654'}
[E=19/40, S=33800] {'wandb': 'ReFT_small|gsm8k_python_sdp_galactica_125m_08', 'lr': '1.2011e-05', 'T.loss': '0.0057697', 'Eval.Gen.value_accuracy_best': '23.654'}
[E=19/40, S=33810] {'wandb': 'ReFT_small|gsm8k_python_sdp_galactica_125m_08', 'lr': '1.2008e-05', 'T.loss': '0.0071373', 'Eval.Gen.value_accuracy_best': '23.654'}
[E=19/40, S=33820] {'wandb': 'ReFT_small|gsm8k_python_sdp_galactica_125m_08', 'lr': '1.2005e-05', 'T.loss': '0.0099449', 'Eval.Gen.value_accuracy_best': '23.654'}
[E=19/40, S=33830] {'wandb': 'ReFT_small|gsm8k_python_sdp_galactica_125m_08', 'lr': '1.2002e-05', 'T.loss': '0.010301', 'Eval.Gen.value_accuracy_best': '23.654'}
[E=19/40, S=33840] {'wandb': 'ReFT_small|gsm8k_python_sdp_galactica_125m_08', 'lr': '1.1999e-05', 'T.loss': '0.0065489', 'Eval.Gen.value_accuracy_best': '23.654'}
[E=19/40, S=33850] {'wandb': 'ReFT_small|gsm8k_python_sdp_galactica_125m_08', 'lr': '1.1996e-05', 'T.loss': '0.016949', 'Eval.Gen.value_accuracy_best': '23.654'}
[E=19/40, S=33860] {'wandb': 'ReFT_small|gsm8k_python_sdp_galactica_125m_08', 'lr': '1.1993e-05', 'T.loss': '0.013741', 'Eval.Gen.value_accuracy_best': '23.654'}
[E=19/40, S=33870] {'wandb': 'ReFT_small|gsm8k_python_sdp_galactica_125m_08', 'lr': '1.199e-05', 'T.loss': '0.010109', 'Eval.Gen.value_accuracy_best': '23.654'}
[E=19/40, S=33880] {'wandb': 'ReFT_small|gsm8k_python_sdp_galactica_125m_08', 'lr': '1.1987e-05', 'T.loss': '0.0041947', 'Eval.Gen.value_accuracy_best': '23.654'}
[E=19/40, S=33890] {'wandb': 'ReFT_small|gsm8k_python_sdp_galactica_125m_08', 'lr': '1.1984e-05', 'T.loss': '0.0069122', 'Eval.Gen.value_accuracy_best': '23.654'}
[E=19/40, S=33900] {'wandb': 'ReFT_small|gsm8k_python_sdp_galactica_125m_08', 'lr': '1.1981e-05', 'T.loss': '0.026436', 'Eval.Gen.value_accuracy_best': '23.654'}
[E=19/40, S=33910] {'wandb': 'ReFT_small|gsm8k_python_sdp_galactica_125m_08', 'lr': '1.1978e-05', 'T.loss': '0.0044317', 'Eval.Gen.value_accuracy_best': '23.654'}
[E=19/40, S=33920] {'wandb': 'ReFT_small|gsm8k_python_sdp_galactica_125m_08', 'lr': '1.1975e-05', 'T.loss': '0.0088539', 'Eval.Gen.value_accuracy_best': '23.654'}
[E=19/40, S=33930] {'wandb': 'ReFT_small|gsm8k_python_sdp_galactica_125m_08', 'lr': '1.1972e-05', 'T.loss': '0.011261', 'Eval.Gen.value_accuracy_best': '23.654'}
[E=19/40, S=33940] {'wandb': 'ReFT_small|gsm8k_python_sdp_galactica_125m_08', 'lr': '1.1969e-05', 'T.loss': '0.007658', 'Eval.Gen.value_accuracy_best': '23.654'}
[E=19/40, S=33950] {'wandb': 'ReFT_small|gsm8k_python_sdp_galactica_125m_08', 'lr': '1.1966e-05', 'T.loss': '0.0098', 'Eval.Gen.value_accuracy_best': '23.654'}
[E=19/40, S=33960] {'wandb': 'ReFT_small|gsm8k_python_sdp_galactica_125m_08', 'lr': '1.1963e-05', 'T.loss': '0.014408', 'Eval.Gen.value_accuracy_best': '23.654'}
[E=19/40, S=33970] {'wandb': 'ReFT_small|gsm8k_python_sdp_galactica_125m_08', 'lr': '1.196e-05', 'T.loss': '0.014565', 'Eval.Gen.value_accuracy_best': '23.654'}
[E=19/40, S=33980] {'wandb': 'ReFT_small|gsm8k_python_sdp_galactica_125m_08', 'lr': '1.1957e-05', 'T.loss': '0.0060482', 'Eval.Gen.value_accuracy_best': '23.654'}
[E=19/40, S=33990] {'wandb': 'ReFT_small|gsm8k_python_sdp_galactica_125m_08', 'lr': '1.1954e-05', 'T.loss': '0.0038757', 'Eval.Gen.value_accuracy_best': '23.654'}
[E=19/40, S=34000] {'wandb': 'ReFT_small|gsm8k_python_sdp_galactica_125m_08', 'lr': '1.1951e-05', 'T.loss': '0.0083771', 'Eval.Gen.value_accuracy_best': '23.654'}
[E=19/40, S=34010] {'wandb': 'ReFT_small|gsm8k_python_sdp_galactica_125m_08', 'lr': '1.1948e-05', 'T.loss': '0.0055728', 'Eval.Gen.value_accuracy_best': '23.654'}
[E=19/40, S=34020] {'wandb': 'ReFT_small|gsm8k_python_sdp_galactica_125m_08', 'lr': '1.1945e-05', 'T.loss': '0.0063858', 'Eval.Gen.value_accuracy_best': '23.654'}
[E=19/40, S=34030] {'wandb': 'ReFT_small|gsm8k_python_sdp_galactica_125m_08', 'lr': '1.1942e-05', 'T.loss': '0.0060167', 'Eval.Gen.value_accuracy_best': '23.654'}
[E=19/40, S=34040] {'wandb': 'ReFT_small|gsm8k_python_sdp_galactica_125m_08', 'lr': '1.1939e-05', 'T.loss': '0.011702', 'Eval.Gen.value_accuracy_best': '23.654'}
[E=19/40, S=34050] {'wandb': 'ReFT_small|gsm8k_python_sdp_galactica_125m_08', 'lr': '1.1936e-05', 'T.loss': '0.010118', 'Eval.Gen.value_accuracy_best': '23.654'}
[E=19/40, S=34060] {'wandb': 'ReFT_small|gsm8k_python_sdp_galactica_125m_08', 'lr': '1.1933e-05', 'T.loss': '0.0095224', 'Eval.Gen.value_accuracy_best': '23.654'}
[E=19/40, S=34070] {'wandb': 'ReFT_small|gsm8k_python_sdp_galactica_125m_08', 'lr': '1.193e-05', 'T.loss': '0.013367', 'Eval.Gen.value_accuracy_best': '23.654'}
[E=19/40, S=34080] {'wandb': 'ReFT_small|gsm8k_python_sdp_galactica_125m_08', 'lr': '1.1927e-05', 'T.loss': '0.010077', 'Eval.Gen.value_accuracy_best': '23.654'}
[E=19/40, S=34090] {'wandb': 'ReFT_small|gsm8k_python_sdp_galactica_125m_08', 'lr': '1.1924e-05', 'T.loss': '0.0087166', 'Eval.Gen.value_accuracy_best': '23.654'}
[E=19/40, S=34100] {'wandb': 'ReFT_small|gsm8k_python_sdp_galactica_125m_08', 'lr': '1.1921e-05', 'T.loss': '0.0060463', 'Eval.Gen.value_accuracy_best': '23.654'}
[E=19/40, S=34110] {'wandb': 'ReFT_small|gsm8k_python_sdp_galactica_125m_08', 'lr': '1.1918e-05', 'T.loss': '0.012013', 'Eval.Gen.value_accuracy_best': '23.654'}
[E=19/40, S=34120] {'wandb': 'ReFT_small|gsm8k_python_sdp_galactica_125m_08', 'lr': '1.1915e-05', 'T.loss': '0.0065842', 'Eval.Gen.value_accuracy_best': '23.654'}
[E=19/40, S=34130] {'wandb': 'ReFT_small|gsm8k_python_sdp_galactica_125m_08', 'lr': '1.1912e-05', 'T.loss': '0.0077658', 'Eval.Gen.value_accuracy_best': '23.654'}
[E=19/40, S=34140] {'wandb': 'ReFT_small|gsm8k_python_sdp_galactica_125m_08', 'lr': '1.1909e-05', 'T.loss': '0.0055885', 'Eval.Gen.value_accuracy_best': '23.654'}
[E=19/40, S=34150] {'wandb': 'ReFT_small|gsm8k_python_sdp_galactica_125m_08', 'lr': '1.1906e-05', 'T.loss': '0.0046444', 'Eval.Gen.value_accuracy_best': '23.654'}
[E=19/40, S=34160] {'wandb': 'ReFT_small|gsm8k_python_sdp_galactica_125m_08', 'lr': '1.1903e-05', 'T.loss': '0.0034699', 'Eval.Gen.value_accuracy_best': '23.654'}
[E=19/40, S=34170] {'wandb': 'ReFT_small|gsm8k_python_sdp_galactica_125m_08', 'lr': '1.19e-05', 'T.loss': '0.0078421', 'Eval.Gen.value_accuracy_best': '23.654'}
[E=19/40, S=34180] {'wandb': 'ReFT_small|gsm8k_python_sdp_galactica_125m_08', 'lr': '1.1897e-05', 'T.loss': '0.010868', 'Eval.Gen.value_accuracy_best': '23.654'}
[E=19/40, S=34190] {'wandb': 'ReFT_small|gsm8k_python_sdp_galactica_125m_08', 'lr': '1.1894e-05', 'T.loss': '0.01166', 'Eval.Gen.value_accuracy_best': '23.654'}
[E=19/40, S=34200] {'wandb': 'ReFT_small|gsm8k_python_sdp_galactica_125m_08', 'lr': '1.1891e-05', 'T.loss': '0.018276', 'Eval.Gen.value_accuracy_best': '23.654'}
[E=19/40, S=34210] {'wandb': 'ReFT_small|gsm8k_python_sdp_galactica_125m_08', 'lr': '1.1887e-05', 'T.loss': '0.0063667', 'Eval.Gen.value_accuracy_best': '23.654'}
[E=19/40, S=34220] {'wandb': 'ReFT_small|gsm8k_python_sdp_galactica_125m_08', 'lr': '1.1884e-05', 'T.loss': '0.0095558', 'Eval.Gen.value_accuracy_best': '23.654'}
[E=19/40, S=34230] {'wandb': 'ReFT_small|gsm8k_python_sdp_galactica_125m_08', 'lr': '1.1881e-05', 'T.loss': '0.0080643', 'Eval.Gen.value_accuracy_best': '23.654'}
[E=19/40, S=34240] {'wandb': 'ReFT_small|gsm8k_python_sdp_galactica_125m_08', 'lr': '1.1878e-05', 'T.loss': '0.016949', 'Eval.Gen.value_accuracy_best': '23.654'}
[E=19/40, S=34250] {'wandb': 'ReFT_small|gsm8k_python_sdp_galactica_125m_08', 'lr': '1.1875e-05', 'T.loss': '0.0077877', 'Eval.Gen.value_accuracy_best': '23.654'}
[E=19/40, S=34260] {'wandb': 'ReFT_small|gsm8k_python_sdp_galactica_125m_08', 'lr': '1.1872e-05', 'T.loss': '0.01181', 'Eval.Gen.value_accuracy_best': '23.654'}
[E=19/40, S=34270] {'wandb': 'ReFT_small|gsm8k_python_sdp_galactica_125m_08', 'lr': '1.1869e-05', 'T.loss': '0.014122', 'Eval.Gen.value_accuracy_best': '23.654'}
[E=19/40, S=34280] {'wandb': 'ReFT_small|gsm8k_python_sdp_galactica_125m_08', 'lr': '1.1866e-05', 'T.loss': '0.0061789', 'Eval.Gen.value_accuracy_best': '23.654'}
[E=19/40, S=34290] {'wandb': 'ReFT_small|gsm8k_python_sdp_galactica_125m_08', 'lr': '1.1863e-05', 'T.loss': '0.008873', 'Eval.Gen.value_accuracy_best': '23.654'}
[E=19/40, S=34300] {'wandb': 'ReFT_small|gsm8k_python_sdp_galactica_125m_08', 'lr': '1.186e-05', 'T.loss': '0.010029', 'Eval.Gen.value_accuracy_best': '23.654'}
[E=19/40, S=34310] {'wandb': 'ReFT_small|gsm8k_python_sdp_galactica_125m_08', 'lr': '1.1857e-05', 'T.loss': '0.0038738', 'Eval.Gen.value_accuracy_best': '23.654'}
[E=19/40, S=34320] {'wandb': 'ReFT_small|gsm8k_python_sdp_galactica_125m_08', 'lr': '1.1854e-05', 'T.loss': '0.0068645', 'Eval.Gen.value_accuracy_best': '23.654'}
[E=19/40, S=34330] {'wandb': 'ReFT_small|gsm8k_python_sdp_galactica_125m_08', 'lr': '1.1851e-05', 'T.loss': '0.013628', 'Eval.Gen.value_accuracy_best': '23.654'}
[E=19/40, S=34340] {'wandb': 'ReFT_small|gsm8k_python_sdp_galactica_125m_08', 'lr': '1.1848e-05', 'T.loss': '0.012665', 'Eval.Gen.value_accuracy_best': '23.654'}
[E=19/40, S=34350] {'wandb': 'ReFT_small|gsm8k_python_sdp_galactica_125m_08', 'lr': '1.1845e-05', 'T.loss': '0.0066242', 'Eval.Gen.value_accuracy_best': '23.654'}
[E=19/40, S=34360] {'wandb': 'ReFT_small|gsm8k_python_sdp_galactica_125m_08', 'lr': '1.1842e-05', 'T.loss': '0.0098667', 'Eval.Gen.value_accuracy_best': '23.654'}
[E=19/40, S=34370] {'wandb': 'ReFT_small|gsm8k_python_sdp_galactica_125m_08', 'lr': '1.1839e-05', 'T.loss': '0.0090618', 'Eval.Gen.value_accuracy_best': '23.654'}
[E=19/40, S=34380] {'wandb': 'ReFT_small|gsm8k_python_sdp_galactica_125m_08', 'lr': '1.1836e-05', 'T.loss': '0.0082836', 'Eval.Gen.value_accuracy_best': '23.654'}
[E=19/40, S=34390] {'wandb': 'ReFT_small|gsm8k_python_sdp_galactica_125m_08', 'lr': '1.1833e-05', 'T.loss': '0.012062', 'Eval.Gen.value_accuracy_best': '23.654'}
[E=19/40, S=34400] {'wandb': 'ReFT_small|gsm8k_python_sdp_galactica_125m_08', 'lr': '1.183e-05', 'T.loss': '0.016743', 'Eval.Gen.value_accuracy_best': '23.654'}
[E=19/40, S=34410] {'wandb': 'ReFT_small|gsm8k_python_sdp_galactica_125m_08', 'lr': '1.1827e-05', 'T.loss': '0.014072', 'Eval.Gen.value_accuracy_best': '23.654'}
[E=19/40, S=34420] {'wandb': 'ReFT_small|gsm8k_python_sdp_galactica_125m_08', 'lr': '1.1824e-05', 'T.loss': '0.0075893', 'Eval.Gen.value_accuracy_best': '23.654'}
[E=19/40, S=34430] {'wandb': 'ReFT_small|gsm8k_python_sdp_galactica_125m_08', 'lr': '1.1821e-05', 'T.loss': '0.0091362', 'Eval.Gen.value_accuracy_best': '23.654'}
[E=19/40, S=34440] {'wandb': 'ReFT_small|gsm8k_python_sdp_galactica_125m_08', 'lr': '1.1818e-05', 'T.loss': '0.0088596', 'Eval.Gen.value_accuracy_best': '23.654'}
[E=19/40, S=34450] {'wandb': 'ReFT_small|gsm8k_python_sdp_galactica_125m_08', 'lr': '1.1815e-05', 'T.loss': '0.0093527', 'Eval.Gen.value_accuracy_best': '23.654'}
[E=19/40, S=34460] {'wandb': 'ReFT_small|gsm8k_python_sdp_galactica_125m_08', 'lr': '1.1812e-05', 'T.loss': '0.0080605', 'Eval.Gen.value_accuracy_best': '23.654'}
[E=19/40, S=34470] {'wandb': 'ReFT_small|gsm8k_python_sdp_galactica_125m_08', 'lr': '1.1809e-05', 'T.loss': '0.0063419', 'Eval.Gen.value_accuracy_best': '23.654'}
[E=19/40, S=34480] {'wandb': 'ReFT_small|gsm8k_python_sdp_galactica_125m_08', 'lr': '1.1806e-05', 'T.loss': '0.007782', 'Eval.Gen.value_accuracy_best': '23.654'}
[E=19/40, S=34490] {'wandb': 'ReFT_small|gsm8k_python_sdp_galactica_125m_08', 'lr': '1.1803e-05', 'T.loss': '0.016533', 'Eval.Gen.value_accuracy_best': '23.654'}
[E=19/40, S=34500] {'wandb': 'ReFT_small|gsm8k_python_sdp_galactica_125m_08', 'lr': '1.18e-05', 'T.loss': '0.016928', 'Eval.Gen.value_accuracy_best': '23.654'}
[E=19/40, S=34510] {'wandb': 'ReFT_small|gsm8k_python_sdp_galactica_125m_08', 'lr': '1.1797e-05', 'T.loss': '0.0098457', 'Eval.Gen.value_accuracy_best': '23.654'}
[E=19/40, S=34520] {'wandb': 'ReFT_small|gsm8k_python_sdp_galactica_125m_08', 'lr': '1.1794e-05', 'T.loss': '0.012966', 'Eval.Gen.value_accuracy_best': '23.654'}
[E=19/40, S=34530] {'wandb': 'ReFT_small|gsm8k_python_sdp_galactica_125m_08', 'lr': '1.1791e-05', 'T.loss': '0.021065', 'Eval.Gen.value_accuracy_best': '23.654'}
[E=19/40, S=34540] {'wandb': 'ReFT_small|gsm8k_python_sdp_galactica_125m_08', 'lr': '1.1788e-05', 'T.loss': '0.011539', 'Eval.Gen.value_accuracy_best': '23.654'}
[E=19/40, S=34550] {'wandb': 'ReFT_small|gsm8k_python_sdp_galactica_125m_08', 'lr': '1.1785e-05', 'T.loss': '0.010849', 'Eval.Gen.value_accuracy_best': '23.654'}
[E=19/40, S=34560] {'wandb': 'ReFT_small|gsm8k_python_sdp_galactica_125m_08', 'lr': '1.1782e-05', 'T.loss': '0.015205', 'Eval.Gen.value_accuracy_best': '23.654'}
[E=19/40, S=34570] {'wandb': 'ReFT_small|gsm8k_python_sdp_galactica_125m_08', 'lr': '1.1779e-05', 'T.loss': '0.014812', 'Eval.Gen.value_accuracy_best': '23.654'}
[E=19/40, S=34580] {'wandb': 'ReFT_small|gsm8k_python_sdp_galactica_125m_08', 'lr': '1.1776e-05', 'T.loss': '0.012962', 'Eval.Gen.value_accuracy_best': '23.654'}
[E=19/40, S=34590] {'wandb': 'ReFT_small|gsm8k_python_sdp_galactica_125m_08', 'lr': '1.1773e-05', 'T.loss': '0.012203', 'Eval.Gen.value_accuracy_best': '23.654'}
[E=19/40, S=34600] {'wandb': 'ReFT_small|gsm8k_python_sdp_galactica_125m_08', 'lr': '1.177e-05', 'T.loss': '0.01272', 'Eval.Gen.value_accuracy_best': '23.654'}
[E=19/40, S=34610] {'wandb': 'ReFT_small|gsm8k_python_sdp_galactica_125m_08', 'lr': '1.1767e-05', 'T.loss': '0.015087', 'Eval.Gen.value_accuracy_best': '23.654'}
[E=19/40, S=34620] {'wandb': 'ReFT_small|gsm8k_python_sdp_galactica_125m_08', 'lr': '1.1764e-05', 'T.loss': '0.011456', 'Eval.Gen.value_accuracy_best': '23.654'}
[E=19/40, S=34630] {'wandb': 'ReFT_small|gsm8k_python_sdp_galactica_125m_08', 'lr': '1.1761e-05', 'T.loss': '0.0080795', 'Eval.Gen.value_accuracy_best': '23.654'}
[E=19/40, S=34640] {'wandb': 'ReFT_small|gsm8k_python_sdp_galactica_125m_08', 'lr': '1.1758e-05', 'T.loss': '0.0062447', 'Eval.Gen.value_accuracy_best': '23.654'}
[E=19/40, S=34650] {'wandb': 'ReFT_small|gsm8k_python_sdp_galactica_125m_08', 'lr': '1.1755e-05', 'T.loss': '0.01722', 'Eval.Gen.value_accuracy_best': '23.654'}
[E=19/40, S=34660] {'wandb': 'ReFT_small|gsm8k_python_sdp_galactica_125m_08', 'lr': '1.1752e-05', 'T.loss': '0.0032253', 'Eval.Gen.value_accuracy_best': '23.654'}
[E=19/40, S=34670] {'wandb': 'ReFT_small|gsm8k_python_sdp_galactica_125m_08', 'lr': '1.1749e-05', 'T.loss': '0.010787', 'Eval.Gen.value_accuracy_best': '23.654'}
[2025-06-05 21:19:52,854] [INFO] [loss_scaler.py:183:update_scale] [deepspeed] OVERFLOW! Rank 0 Skipping step. Attempted loss scale: 65536, reducing to 32768
[E=19/40, S=34680] {'wandb': 'ReFT_small|gsm8k_python_sdp_galactica_125m_08', 'lr': '1.1746e-05', 'T.loss': '0.0056744', 'Eval.Gen.value_accuracy_best': '23.654'}
[E=19/40, S=34690] {'wandb': 'ReFT_small|gsm8k_python_sdp_galactica_125m_08', 'lr': '1.1742e-05', 'T.loss': '0.012032', 'Eval.Gen.value_accuracy_best': '23.654'}
[E=19/40, S=34700] {'wandb': 'ReFT_small|gsm8k_python_sdp_galactica_125m_08', 'lr': '1.1739e-05', 'T.loss': '0.0060968', 'Eval.Gen.value_accuracy_best': '23.654'}
[E=19/40, S=34710] {'wandb': 'ReFT_small|gsm8k_python_sdp_galactica_125m_08', 'lr': '1.1736e-05', 'T.loss': '0.014038', 'Eval.Gen.value_accuracy_best': '23.654'}
[E=19/40, S=34720] {'wandb': 'ReFT_small|gsm8k_python_sdp_galactica_125m_08', 'lr': '1.1733e-05', 'T.loss': '0.0087471', 'Eval.Gen.value_accuracy_best': '23.654'}
[E=19/40, S=34730] {'wandb': 'ReFT_small|gsm8k_python_sdp_galactica_125m_08', 'lr': '1.173e-05', 'T.loss': '0.0032701', 'Eval.Gen.value_accuracy_best': '23.654'}
[E=19/40, S=34740] {'wandb': 'ReFT_small|gsm8k_python_sdp_galactica_125m_08', 'lr': '1.1727e-05', 'T.loss': '0.014488', 'Eval.Gen.value_accuracy_best': '23.654'}
[E=19/40, S=34750] {'wandb': 'ReFT_small|gsm8k_python_sdp_galactica_125m_08', 'lr': '1.1724e-05', 'T.loss': '0.011036', 'Eval.Gen.value_accuracy_best': '23.654'}
[E=19/40, S=34760] {'wandb': 'ReFT_small|gsm8k_python_sdp_galactica_125m_08', 'lr': '1.1721e-05', 'T.loss': '0.0069485', 'Eval.Gen.value_accuracy_best': '23.654'}
[E=19/40, S=34770] {'wandb': 'ReFT_small|gsm8k_python_sdp_galactica_125m_08', 'lr': '1.1718e-05', 'T.loss': '0.012585', 'Eval.Gen.value_accuracy_best': '23.654'}
[E=19/40, S=34780] {'wandb': 'ReFT_small|gsm8k_python_sdp_galactica_125m_08', 'lr': '1.1715e-05', 'T.loss': '0.014416', 'Eval.Gen.value_accuracy_best': '23.654'}
[E=19/40, S=34790] {'wandb': 'ReFT_small|gsm8k_python_sdp_galactica_125m_08', 'lr': '1.1712e-05', 'T.loss': '0.0046997', 'Eval.Gen.value_accuracy_best': '23.654'}
[E=19/40, S=34800] {'wandb': 'ReFT_small|gsm8k_python_sdp_galactica_125m_08', 'lr': '1.1709e-05', 'T.loss': '0.014511', 'Eval.Gen.value_accuracy_best': '23.654'}
[E=19/40, S=34810] {'wandb': 'ReFT_small|gsm8k_python_sdp_galactica_125m_08', 'lr': '1.1706e-05', 'T.loss': '0.012787', 'Eval.Gen.value_accuracy_best': '23.654'}
[E=19/40, S=34820] {'wandb': 'ReFT_small|gsm8k_python_sdp_galactica_125m_08', 'lr': '1.1703e-05', 'T.loss': '0.011681', 'Eval.Gen.value_accuracy_best': '23.654'}
[E=19/40, S=34830] {'wandb': 'ReFT_small|gsm8k_python_sdp_galactica_125m_08', 'lr': '1.17e-05', 'T.loss': '0.0077686', 'Eval.Gen.value_accuracy_best': '23.654'}
[E=19/40, S=34840] {'wandb': 'ReFT_small|gsm8k_python_sdp_galactica_125m_08', 'lr': '1.1697e-05', 'T.loss': '0.0079231', 'Eval.Gen.value_accuracy_best': '23.654'}
[E=19/40, S=34850] {'wandb': 'ReFT_small|gsm8k_python_sdp_galactica_125m_08', 'lr': '1.1694e-05', 'T.loss': '0.0060616', 'Eval.Gen.value_accuracy_best': '23.654'}
[E=19/40, S=34860] {'wandb': 'ReFT_small|gsm8k_python_sdp_galactica_125m_08', 'lr': '1.1691e-05', 'T.loss': '0.0069427', 'Eval.Gen.value_accuracy_best': '23.654'}
[E=19/40, S=34870] {'wandb': 'ReFT_small|gsm8k_python_sdp_galactica_125m_08', 'lr': '1.1688e-05', 'T.loss': '0.0087376', 'Eval.Gen.value_accuracy_best': '23.654'}
[E=19/40, S=34880] {'wandb': 'ReFT_small|gsm8k_python_sdp_galactica_125m_08', 'lr': '1.1685e-05', 'T.loss': '0.013739', 'Eval.Gen.value_accuracy_best': '23.654'}
[E=19/40, S=34890] {'wandb': 'ReFT_small|gsm8k_python_sdp_galactica_125m_08', 'lr': '1.1682e-05', 'T.loss': '0.011463', 'Eval.Gen.value_accuracy_best': '23.654'}
[E=19/40, S=34900] {'wandb': 'ReFT_small|gsm8k_python_sdp_galactica_125m_08', 'lr': '1.1679e-05', 'T.loss': '0.0076237', 'Eval.Gen.value_accuracy_best': '23.654'}
[E=19/40, S=34910] {'wandb': 'ReFT_small|gsm8k_python_sdp_galactica_125m_08', 'lr': '1.1676e-05', 'T.loss': '0.016838', 'Eval.Gen.value_accuracy_best': '23.654'}
[E=19/40, S=34920] {'wandb': 'ReFT_small|gsm8k_python_sdp_galactica_125m_08', 'lr': '1.1673e-05', 'T.loss': '0.0096216', 'Eval.Gen.value_accuracy_best': '23.654'}
[E=19/40, S=34930] {'wandb': 'ReFT_small|gsm8k_python_sdp_galactica_125m_08', 'lr': '1.167e-05', 'T.loss': '0.019844', 'Eval.Gen.value_accuracy_best': '23.654'}
[E=19/40, S=34940] {'wandb': 'ReFT_small|gsm8k_python_sdp_galactica_125m_08', 'lr': '1.1667e-05', 'T.loss': '0.0096607', 'Eval.Gen.value_accuracy_best': '23.654'}
name 'toulouse_sheep' is not defined
invalid syntax (<string>, line 8)
name 'orange_drink_water_left' is not defined
name 'num_packs' is not defined
name 'run_rate' is not defined
local variable 'total_beeswax' referenced before assignment
local variable 'time_final' referenced before assignment
name 'adopted_second_cat' is not defined
name 'petunia_sold' is not defined
invalid syntax (<string>, line 9)
name 'lee_distance_after' is not defined
name 'boys_in_scout' is not defined
local variable 'friend_4' referenced before assignment
invalid syntax (<string>, line 8)
invalid syntax (<string>, line 7)
name 'jamal_photos_more' is not defined
name 'cup_ratio' is not defined
name 'hours_old' is not defined
local variable 'total_expenses' referenced before assignment
name 'bees_left_before_6_hours' is not defined
name 'sally_three_age' is not defined
name 'rabbit_straw_per_rabbit' is not defined
name 'total_cost' is not defined
name 'saturday_morning' is not defined
name 'students_out_of_exit_a' is not defined
local variable 'children_get_more_than_adults' referenced before assignment
local variable 'total_saved' referenced before assignment
name 'busy_suit_cost' is not defined
invalid syntax (<string>, line 9)
invalid syntax (<string>, line 5)
invalid syntax (<string>, line 5)
name 'land_land' is not defined
local variable 'ribbon_per_gift' referenced before assignment
invalid syntax (<string>, line 8)
local variable 'cards_given_to_family_total' referenced before assignment
invalid syntax (<string>, line 5)
name 'meat_and_cheese_cost' is not defined
name 'words_per_minute' is not defined
local variable 'drive_time_difference' referenced before assignment
name 'total_beads_per_sister' is not defined
name 'time_1_hours' is not defined
local variable 'total_shoes_on_sunday' referenced before assignment
invalid syntax (<string>, line 6)
name 'ben_yellow_tubes' is not defined
local variable 'tasha_earnings_left' referenced before assignment
name 'boys_per_pomeran' is not defined
name 'num_people' is not defined
invalid syntax (<string>, line 10)
local variable 'strawberry_gum_cost' referenced before assignment
name 'bus_trips' is not defined
name 'weeks' is not defined
invalid syntax (<string>, line 8)
local variable 'problems_left' referenced before assignment
name 'vlogs_made_total' is not defined
name 'apple_cost' is not defined
local variable 'commission_total' referenced before assignment
name 'bottles_initial' is not defined
name 'roses_total' is not defined
name 'john_total_earnings' is not defined
name 'affenscher_weight' is not defined
name 'amount' is not defined
local variable 'new_weight' referenced before assignment
name 'washes_per_pump' is not defined
name 'total_dozen_per_week' is not defined
name 'total_research_total' is not defined
invalid syntax (<string>, line 5)
name 'gissela_truck_gravel' is not defined
invalid syntax (<string>, line 5)
local variable 'ron_money' referenced before assignment
name 'smores_per_adult' is not defined
name 'large_stickers_final' is not defined
local variable 'votes_total' referenced before assignment
name 'monday_rate' is not defined
name 'times_per_week' is not defined
name 'people_total' is not defined
unindent does not match any outer indentation level (<string>, line 5)
local variable 'total_play_time_used' referenced before assignment
name 'sugar' is not defined
name 'tasks_per_day' is not defined
name 'shelf_cost' is not defined
name 'savings_saved' is not defined
name 'loaves_per_loaf' is not defined
local variable 'fawn_books' referenced before assignment
name 'True_total' is not defined
local variable 'joe_money' referenced before assignment
name 'months' is not defined
name 'cake_sold' is not defined
local variable 'lollipop_profit' referenced before assignment
name 'shells_until_birthday' is not defined
name 'popcorn_on_friday' is not defined
invalid syntax (<string>, line 10)
invalid syntax (<string>, line 5)
invalid syntax (<string>, line 5)
name 'total_gingerbread_sunday' is not defined
local variable 'total_cost_total' referenced before assignment
invalid syntax (<string>, line 5)
local variable 'akbar_total_age' referenced before assignment
invalid syntax (<string>, line 10)
invalid syntax (<string>, line 10)
name 'total_students' is not defined
invalid syntax (<string>, line 5)
name 'jobs_degree' is not defined
name 'paintters_per_day' is not defined
name 'toothpicks_per_week' is not defined
name 'years_added' is not defined
name 'trekking_bike_price' is not defined
invalid syntax (<string>, line 7)
name 'total_miles' is not defined
local variable 'jellyfish_total_blue' referenced before assignment
name 'toys_total' is not defined
name 'small_bags' is not defined
invalid decimal literal (<string>, line 6)
name 'total_cost' is not defined
local variable 'team_b_goals_total' referenced before assignment
invalid syntax (<string>, line 5)
invalid syntax (<string>, line 5)
name 'price_initial' is not defined
invalid syntax (<string>, line 6)
name 'classrooms_remaining' is not defined
invalid syntax (<string>, line 10)
name 'total_cost' is not defined
invalid syntax (<string>, line 5)
unindent does not match any outer indentation level (<string>, line 5)
name 'time_peeling_time' is not defined
[Eval Info] value_accuracy: 22.82%
[E=19/40, S=34941] {'wandb': 'ReFT_small|gsm8k_python_sdp_galactica_125m_08', 'lr': '1.1667e-05', 'T.loss': '0.0103', 'Eval.Gen.value_accuracy': '22.82', 'Eval.Gen.value_accuracy_best': '23.654'}
[E=20/40, S=34950] {'wandb': 'ReFT_small|gsm8k_python_sdp_galactica_125m_08', 'lr': '1.1664e-05', 'T.loss': '0.0033798', 'Eval.Gen.value_accuracy_best': '23.654'}
[E=20/40, S=34960] {'wandb': 'ReFT_small|gsm8k_python_sdp_galactica_125m_08', 'lr': '1.1661e-05', 'T.loss': '0.0025702', 'Eval.Gen.value_accuracy_best': '23.654'}
[E=20/40, S=34970] {'wandb': 'ReFT_small|gsm8k_python_sdp_galactica_125m_08', 'lr': '1.1658e-05', 'T.loss': '0.0062561', 'Eval.Gen.value_accuracy_best': '23.654'}
[E=20/40, S=34980] {'wandb': 'ReFT_small|gsm8k_python_sdp_galactica_125m_08', 'lr': '1.1655e-05', 'T.loss': '0.0034866', 'Eval.Gen.value_accuracy_best': '23.654'}
[E=20/40, S=34990] {'wandb': 'ReFT_small|gsm8k_python_sdp_galactica_125m_08', 'lr': '1.1652e-05', 'T.loss': '0.0055971', 'Eval.Gen.value_accuracy_best': '23.654'}
[E=20/40, S=35000] {'wandb': 'ReFT_small|gsm8k_python_sdp_galactica_125m_08', 'lr': '1.1649e-05', 'T.loss': '0.0015821', 'Eval.Gen.value_accuracy_best': '23.654'}
[E=20/40, S=35010] {'wandb': 'ReFT_small|gsm8k_python_sdp_galactica_125m_08', 'lr': '1.1646e-05', 'T.loss': '0.0095005', 'Eval.Gen.value_accuracy_best': '23.654'}
[E=20/40, S=35020] {'wandb': 'ReFT_small|gsm8k_python_sdp_galactica_125m_08', 'lr': '1.1643e-05', 'T.loss': '0.010861', 'Eval.Gen.value_accuracy_best': '23.654'}
[E=20/40, S=35030] {'wandb': 'ReFT_small|gsm8k_python_sdp_galactica_125m_08', 'lr': '1.164e-05', 'T.loss': '0.0075321', 'Eval.Gen.value_accuracy_best': '23.654'}
[E=20/40, S=35040] {'wandb': 'ReFT_small|gsm8k_python_sdp_galactica_125m_08', 'lr': '1.1637e-05', 'T.loss': '0.009552', 'Eval.Gen.value_accuracy_best': '23.654'}
[E=20/40, S=35050] {'wandb': 'ReFT_small|gsm8k_python_sdp_galactica_125m_08', 'lr': '1.1634e-05', 'T.loss': '0.019157', 'Eval.Gen.value_accuracy_best': '23.654'}
[E=20/40, S=35060] {'wandb': 'ReFT_small|gsm8k_python_sdp_galactica_125m_08', 'lr': '1.1631e-05', 'T.loss': '0.0032434', 'Eval.Gen.value_accuracy_best': '23.654'}
[E=20/40, S=35070] {'wandb': 'ReFT_small|gsm8k_python_sdp_galactica_125m_08', 'lr': '1.1628e-05', 'T.loss': '0.014194', 'Eval.Gen.value_accuracy_best': '23.654'}
[E=20/40, S=35080] {'wandb': 'ReFT_small|gsm8k_python_sdp_galactica_125m_08', 'lr': '1.1625e-05', 'T.loss': '0.0093126', 'Eval.Gen.value_accuracy_best': '23.654'}
[E=20/40, S=35090] {'wandb': 'ReFT_small|gsm8k_python_sdp_galactica_125m_08', 'lr': '1.1622e-05', 'T.loss': '0.0081253', 'Eval.Gen.value_accuracy_best': '23.654'}
[E=20/40, S=35100] {'wandb': 'ReFT_small|gsm8k_python_sdp_galactica_125m_08', 'lr': '1.1619e-05', 'T.loss': '0.013992', 'Eval.Gen.value_accuracy_best': '23.654'}
[E=20/40, S=35110] {'wandb': 'ReFT_small|gsm8k_python_sdp_galactica_125m_08', 'lr': '1.1616e-05', 'T.loss': '0.011435', 'Eval.Gen.value_accuracy_best': '23.654'}
[E=20/40, S=35120] {'wandb': 'ReFT_small|gsm8k_python_sdp_galactica_125m_08', 'lr': '1.1613e-05', 'T.loss': '0.0027628', 'Eval.Gen.value_accuracy_best': '23.654'}
[E=20/40, S=35130] {'wandb': 'ReFT_small|gsm8k_python_sdp_galactica_125m_08', 'lr': '1.161e-05', 'T.loss': '0.0080624', 'Eval.Gen.value_accuracy_best': '23.654'}
[E=20/40, S=35140] {'wandb': 'ReFT_small|gsm8k_python_sdp_galactica_125m_08', 'lr': '1.1607e-05', 'T.loss': '0.0056782', 'Eval.Gen.value_accuracy_best': '23.654'}
[E=20/40, S=35150] {'wandb': 'ReFT_small|gsm8k_python_sdp_galactica_125m_08', 'lr': '1.1604e-05', 'T.loss': '0.0099239', 'Eval.Gen.value_accuracy_best': '23.654'}
[E=20/40, S=35160] {'wandb': 'ReFT_small|gsm8k_python_sdp_galactica_125m_08', 'lr': '1.1601e-05', 'T.loss': '0.009388', 'Eval.Gen.value_accuracy_best': '23.654'}
[E=20/40, S=35170] {'wandb': 'ReFT_small|gsm8k_python_sdp_galactica_125m_08', 'lr': '1.1597e-05', 'T.loss': '0.0034599', 'Eval.Gen.value_accuracy_best': '23.654'}
[E=20/40, S=35180] {'wandb': 'ReFT_small|gsm8k_python_sdp_galactica_125m_08', 'lr': '1.1594e-05', 'T.loss': '0.0088444', 'Eval.Gen.value_accuracy_best': '23.654'}
[E=20/40, S=35190] {'wandb': 'ReFT_small|gsm8k_python_sdp_galactica_125m_08', 'lr': '1.1591e-05', 'T.loss': '0.0083237', 'Eval.Gen.value_accuracy_best': '23.654'}
[E=20/40, S=35200] {'wandb': 'ReFT_small|gsm8k_python_sdp_galactica_125m_08', 'lr': '1.1588e-05', 'T.loss': '0.0064564', 'Eval.Gen.value_accuracy_best': '23.654'}
[E=20/40, S=35210] {'wandb': 'ReFT_small|gsm8k_python_sdp_galactica_125m_08', 'lr': '1.1585e-05', 'T.loss': '0.0049696', 'Eval.Gen.value_accuracy_best': '23.654'}
[E=20/40, S=35220] {'wandb': 'ReFT_small|gsm8k_python_sdp_galactica_125m_08', 'lr': '1.1582e-05', 'T.loss': '0.010681', 'Eval.Gen.value_accuracy_best': '23.654'}
[E=20/40, S=35230] {'wandb': 'ReFT_small|gsm8k_python_sdp_galactica_125m_08', 'lr': '1.1579e-05', 'T.loss': '0.0073233', 'Eval.Gen.value_accuracy_best': '23.654'}
[E=20/40, S=35240] {'wandb': 'ReFT_small|gsm8k_python_sdp_galactica_125m_08', 'lr': '1.1576e-05', 'T.loss': '0.0055046', 'Eval.Gen.value_accuracy_best': '23.654'}
[E=20/40, S=35250] {'wandb': 'ReFT_small|gsm8k_python_sdp_galactica_125m_08', 'lr': '1.1573e-05', 'T.loss': '0.012703', 'Eval.Gen.value_accuracy_best': '23.654'}
[E=20/40, S=35260] {'wandb': 'ReFT_small|gsm8k_python_sdp_galactica_125m_08', 'lr': '1.157e-05', 'T.loss': '0.010117', 'Eval.Gen.value_accuracy_best': '23.654'}
[E=20/40, S=35270] {'wandb': 'ReFT_small|gsm8k_python_sdp_galactica_125m_08', 'lr': '1.1567e-05', 'T.loss': '0.0089798', 'Eval.Gen.value_accuracy_best': '23.654'}
[E=20/40, S=35280] {'wandb': 'ReFT_small|gsm8k_python_sdp_galactica_125m_08', 'lr': '1.1564e-05', 'T.loss': '0.0054741', 'Eval.Gen.value_accuracy_best': '23.654'}
[E=20/40, S=35290] {'wandb': 'ReFT_small|gsm8k_python_sdp_galactica_125m_08', 'lr': '1.1561e-05', 'T.loss': '0.0088463', 'Eval.Gen.value_accuracy_best': '23.654'}
[E=20/40, S=35300] {'wandb': 'ReFT_small|gsm8k_python_sdp_galactica_125m_08', 'lr': '1.1558e-05', 'T.loss': '0.0096092', 'Eval.Gen.value_accuracy_best': '23.654'}
[E=20/40, S=35310] {'wandb': 'ReFT_small|gsm8k_python_sdp_galactica_125m_08', 'lr': '1.1555e-05', 'T.loss': '0.0027952', 'Eval.Gen.value_accuracy_best': '23.654'}
[E=20/40, S=35320] {'wandb': 'ReFT_small|gsm8k_python_sdp_galactica_125m_08', 'lr': '1.1552e-05', 'T.loss': '0.0064678', 'Eval.Gen.value_accuracy_best': '23.654'}
[E=20/40, S=35330] {'wandb': 'ReFT_small|gsm8k_python_sdp_galactica_125m_08', 'lr': '1.1549e-05', 'T.loss': '0.019154', 'Eval.Gen.value_accuracy_best': '23.654'}
[E=20/40, S=35340] {'wandb': 'ReFT_small|gsm8k_python_sdp_galactica_125m_08', 'lr': '1.1546e-05', 'T.loss': '0.0159', 'Eval.Gen.value_accuracy_best': '23.654'}
[E=20/40, S=35350] {'wandb': 'ReFT_small|gsm8k_python_sdp_galactica_125m_08', 'lr': '1.1543e-05', 'T.loss': '0.025043', 'Eval.Gen.value_accuracy_best': '23.654'}
[E=20/40, S=35360] {'wandb': 'ReFT_small|gsm8k_python_sdp_galactica_125m_08', 'lr': '1.154e-05', 'T.loss': '0.019341', 'Eval.Gen.value_accuracy_best': '23.654'}
[E=20/40, S=35370] {'wandb': 'ReFT_small|gsm8k_python_sdp_galactica_125m_08', 'lr': '1.1537e-05', 'T.loss': '0.011654', 'Eval.Gen.value_accuracy_best': '23.654'}
[E=20/40, S=35380] {'wandb': 'ReFT_small|gsm8k_python_sdp_galactica_125m_08', 'lr': '1.1534e-05', 'T.loss': '0.0090427', 'Eval.Gen.value_accuracy_best': '23.654'}
[E=20/40, S=35390] {'wandb': 'ReFT_small|gsm8k_python_sdp_galactica_125m_08', 'lr': '1.1531e-05', 'T.loss': '0.0054226', 'Eval.Gen.value_accuracy_best': '23.654'}
[E=20/40, S=35400] {'wandb': 'ReFT_small|gsm8k_python_sdp_galactica_125m_08', 'lr': '1.1528e-05', 'T.loss': '0.0080585', 'Eval.Gen.value_accuracy_best': '23.654'}
[E=20/40, S=35410] {'wandb': 'ReFT_small|gsm8k_python_sdp_galactica_125m_08', 'lr': '1.1525e-05', 'T.loss': '0.0094185', 'Eval.Gen.value_accuracy_best': '23.654'}
[E=20/40, S=35420] {'wandb': 'ReFT_small|gsm8k_python_sdp_galactica_125m_08', 'lr': '1.1522e-05', 'T.loss': '0.0062542', 'Eval.Gen.value_accuracy_best': '23.654'}
[E=20/40, S=35430] {'wandb': 'ReFT_small|gsm8k_python_sdp_galactica_125m_08', 'lr': '1.1519e-05', 'T.loss': '0.0075283', 'Eval.Gen.value_accuracy_best': '23.654'}
[E=20/40, S=35440] {'wandb': 'ReFT_small|gsm8k_python_sdp_galactica_125m_08', 'lr': '1.1516e-05', 'T.loss': '0.0051918', 'Eval.Gen.value_accuracy_best': '23.654'}
[E=20/40, S=35450] {'wandb': 'ReFT_small|gsm8k_python_sdp_galactica_125m_08', 'lr': '1.1513e-05', 'T.loss': '0.0028605', 'Eval.Gen.value_accuracy_best': '23.654'}
[E=20/40, S=35460] {'wandb': 'ReFT_small|gsm8k_python_sdp_galactica_125m_08', 'lr': '1.151e-05', 'T.loss': '0.0030522', 'Eval.Gen.value_accuracy_best': '23.654'}
[E=20/40, S=35470] {'wandb': 'ReFT_small|gsm8k_python_sdp_galactica_125m_08', 'lr': '1.1507e-05', 'T.loss': '0.015871', 'Eval.Gen.value_accuracy_best': '23.654'}
[E=20/40, S=35480] {'wandb': 'ReFT_small|gsm8k_python_sdp_galactica_125m_08', 'lr': '1.1504e-05', 'T.loss': '0.0094414', 'Eval.Gen.value_accuracy_best': '23.654'}
[E=20/40, S=35490] {'wandb': 'ReFT_small|gsm8k_python_sdp_galactica_125m_08', 'lr': '1.1501e-05', 'T.loss': '0.011857', 'Eval.Gen.value_accuracy_best': '23.654'}
[E=20/40, S=35500] {'wandb': 'ReFT_small|gsm8k_python_sdp_galactica_125m_08', 'lr': '1.1498e-05', 'T.loss': '0.01675', 'Eval.Gen.value_accuracy_best': '23.654'}
[E=20/40, S=35510] {'wandb': 'ReFT_small|gsm8k_python_sdp_galactica_125m_08', 'lr': '1.1495e-05', 'T.loss': '0.0025673', 'Eval.Gen.value_accuracy_best': '23.654'}
[E=20/40, S=35520] {'wandb': 'ReFT_small|gsm8k_python_sdp_galactica_125m_08', 'lr': '1.1492e-05', 'T.loss': '0.0056877', 'Eval.Gen.value_accuracy_best': '23.654'}
[E=20/40, S=35530] {'wandb': 'ReFT_small|gsm8k_python_sdp_galactica_125m_08', 'lr': '1.1489e-05', 'T.loss': '0.0058613', 'Eval.Gen.value_accuracy_best': '23.654'}
[E=20/40, S=35540] {'wandb': 'ReFT_small|gsm8k_python_sdp_galactica_125m_08', 'lr': '1.1486e-05', 'T.loss': '0.0016408', 'Eval.Gen.value_accuracy_best': '23.654'}
[E=20/40, S=35550] {'wandb': 'ReFT_small|gsm8k_python_sdp_galactica_125m_08', 'lr': '1.1483e-05', 'T.loss': '0.0070114', 'Eval.Gen.value_accuracy_best': '23.654'}
[E=20/40, S=35560] {'wandb': 'ReFT_small|gsm8k_python_sdp_galactica_125m_08', 'lr': '1.148e-05', 'T.loss': '0.011319', 'Eval.Gen.value_accuracy_best': '23.654'}
[E=20/40, S=35570] {'wandb': 'ReFT_small|gsm8k_python_sdp_galactica_125m_08', 'lr': '1.1477e-05', 'T.loss': '0.011391', 'Eval.Gen.value_accuracy_best': '23.654'}
[E=20/40, S=35580] {'wandb': 'ReFT_small|gsm8k_python_sdp_galactica_125m_08', 'lr': '1.1474e-05', 'T.loss': '0.027565', 'Eval.Gen.value_accuracy_best': '23.654'}
[E=20/40, S=35590] {'wandb': 'ReFT_small|gsm8k_python_sdp_galactica_125m_08', 'lr': '1.1471e-05', 'T.loss': '0.0035925', 'Eval.Gen.value_accuracy_best': '23.654'}
[E=20/40, S=35600] {'wandb': 'ReFT_small|gsm8k_python_sdp_galactica_125m_08', 'lr': '1.1468e-05', 'T.loss': '0.0027704', 'Eval.Gen.value_accuracy_best': '23.654'}
[E=20/40, S=35610] {'wandb': 'ReFT_small|gsm8k_python_sdp_galactica_125m_08', 'lr': '1.1465e-05', 'T.loss': '0.0063791', 'Eval.Gen.value_accuracy_best': '23.654'}
[E=20/40, S=35620] {'wandb': 'ReFT_small|gsm8k_python_sdp_galactica_125m_08', 'lr': '1.1462e-05', 'T.loss': '0.0034852', 'Eval.Gen.value_accuracy_best': '23.654'}
[E=20/40, S=35630] {'wandb': 'ReFT_small|gsm8k_python_sdp_galactica_125m_08', 'lr': '1.1459e-05', 'T.loss': '0.017223', 'Eval.Gen.value_accuracy_best': '23.654'}
[E=20/40, S=35640] {'wandb': 'ReFT_small|gsm8k_python_sdp_galactica_125m_08', 'lr': '1.1456e-05', 'T.loss': '0.006319', 'Eval.Gen.value_accuracy_best': '23.654'}
[E=20/40, S=35650] {'wandb': 'ReFT_small|gsm8k_python_sdp_galactica_125m_08', 'lr': '1.1452e-05', 'T.loss': '0.011375', 'Eval.Gen.value_accuracy_best': '23.654'}
[E=20/40, S=35660] {'wandb': 'ReFT_small|gsm8k_python_sdp_galactica_125m_08', 'lr': '1.1449e-05', 'T.loss': '0.0049515', 'Eval.Gen.value_accuracy_best': '23.654'}
[E=20/40, S=35670] {'wandb': 'ReFT_small|gsm8k_python_sdp_galactica_125m_08', 'lr': '1.1446e-05', 'T.loss': '0.0075035', 'Eval.Gen.value_accuracy_best': '23.654'}
[2025-06-05 21:27:06,495] [INFO] [loss_scaler.py:183:update_scale] [deepspeed] OVERFLOW! Rank 0 Skipping step. Attempted loss scale: 65536, reducing to 32768
[E=20/40, S=35680] {'wandb': 'ReFT_small|gsm8k_python_sdp_galactica_125m_08', 'lr': '1.1443e-05', 'T.loss': '0.016594', 'Eval.Gen.value_accuracy_best': '23.654'}
[E=20/40, S=35690] {'wandb': 'ReFT_small|gsm8k_python_sdp_galactica_125m_08', 'lr': '1.144e-05', 'T.loss': '0.0051928', 'Eval.Gen.value_accuracy_best': '23.654'}
[E=20/40, S=35700] {'wandb': 'ReFT_small|gsm8k_python_sdp_galactica_125m_08', 'lr': '1.1437e-05', 'T.loss': '0.015774', 'Eval.Gen.value_accuracy_best': '23.654'}
[E=20/40, S=35710] {'wandb': 'ReFT_small|gsm8k_python_sdp_galactica_125m_08', 'lr': '1.1434e-05', 'T.loss': '0.014278', 'Eval.Gen.value_accuracy_best': '23.654'}
[E=20/40, S=35720] {'wandb': 'ReFT_small|gsm8k_python_sdp_galactica_125m_08', 'lr': '1.1431e-05', 'T.loss': '0.014313', 'Eval.Gen.value_accuracy_best': '23.654'}
[E=20/40, S=35730] {'wandb': 'ReFT_small|gsm8k_python_sdp_galactica_125m_08', 'lr': '1.1428e-05', 'T.loss': '0.0092316', 'Eval.Gen.value_accuracy_best': '23.654'}
[E=20/40, S=35740] {'wandb': 'ReFT_small|gsm8k_python_sdp_galactica_125m_08', 'lr': '1.1425e-05', 'T.loss': '0.0070019', 'Eval.Gen.value_accuracy_best': '23.654'}
[E=20/40, S=35750] {'wandb': 'ReFT_small|gsm8k_python_sdp_galactica_125m_08', 'lr': '1.1422e-05', 'T.loss': '0.012138', 'Eval.Gen.value_accuracy_best': '23.654'}
[E=20/40, S=35760] {'wandb': 'ReFT_small|gsm8k_python_sdp_galactica_125m_08', 'lr': '1.1419e-05', 'T.loss': '0.011616', 'Eval.Gen.value_accuracy_best': '23.654'}
[E=20/40, S=35770] {'wandb': 'ReFT_small|gsm8k_python_sdp_galactica_125m_08', 'lr': '1.1416e-05', 'T.loss': '0.015079', 'Eval.Gen.value_accuracy_best': '23.654'}
[E=20/40, S=35780] {'wandb': 'ReFT_small|gsm8k_python_sdp_galactica_125m_08', 'lr': '1.1413e-05', 'T.loss': '0.011372', 'Eval.Gen.value_accuracy_best': '23.654'}
[E=20/40, S=35790] {'wandb': 'ReFT_small|gsm8k_python_sdp_galactica_125m_08', 'lr': '1.141e-05', 'T.loss': '0.006897', 'Eval.Gen.value_accuracy_best': '23.654'}
[E=20/40, S=35800] {'wandb': 'ReFT_small|gsm8k_python_sdp_galactica_125m_08', 'lr': '1.1407e-05', 'T.loss': '0.0088062', 'Eval.Gen.value_accuracy_best': '23.654'}
[E=20/40, S=35810] {'wandb': 'ReFT_small|gsm8k_python_sdp_galactica_125m_08', 'lr': '1.1404e-05', 'T.loss': '0.0079365', 'Eval.Gen.value_accuracy_best': '23.654'}
[E=20/40, S=35820] {'wandb': 'ReFT_small|gsm8k_python_sdp_galactica_125m_08', 'lr': '1.1401e-05', 'T.loss': '0.0071011', 'Eval.Gen.value_accuracy_best': '23.654'}
[E=20/40, S=35830] {'wandb': 'ReFT_small|gsm8k_python_sdp_galactica_125m_08', 'lr': '1.1398e-05', 'T.loss': '0.013081', 'Eval.Gen.value_accuracy_best': '23.654'}
[E=20/40, S=35840] {'wandb': 'ReFT_small|gsm8k_python_sdp_galactica_125m_08', 'lr': '1.1395e-05', 'T.loss': '0.0061474', 'Eval.Gen.value_accuracy_best': '23.654'}
[E=20/40, S=35850] {'wandb': 'ReFT_small|gsm8k_python_sdp_galactica_125m_08', 'lr': '1.1392e-05', 'T.loss': '0.0057392', 'Eval.Gen.value_accuracy_best': '23.654'}
[E=20/40, S=35860] {'wandb': 'ReFT_small|gsm8k_python_sdp_galactica_125m_08', 'lr': '1.1389e-05', 'T.loss': '0.0072346', 'Eval.Gen.value_accuracy_best': '23.654'}
[E=20/40, S=35870] {'wandb': 'ReFT_small|gsm8k_python_sdp_galactica_125m_08', 'lr': '1.1386e-05', 'T.loss': '0.014629', 'Eval.Gen.value_accuracy_best': '23.654'}
[E=20/40, S=35880] {'wandb': 'ReFT_small|gsm8k_python_sdp_galactica_125m_08', 'lr': '1.1383e-05', 'T.loss': '0.0054226', 'Eval.Gen.value_accuracy_best': '23.654'}
[E=20/40, S=35890] {'wandb': 'ReFT_small|gsm8k_python_sdp_galactica_125m_08', 'lr': '1.138e-05', 'T.loss': '0.011681', 'Eval.Gen.value_accuracy_best': '23.654'}
[E=20/40, S=35900] {'wandb': 'ReFT_small|gsm8k_python_sdp_galactica_125m_08', 'lr': '1.1377e-05', 'T.loss': '0.0083227', 'Eval.Gen.value_accuracy_best': '23.654'}
[E=20/40, S=35910] {'wandb': 'ReFT_small|gsm8k_python_sdp_galactica_125m_08', 'lr': '1.1374e-05', 'T.loss': '0.011192', 'Eval.Gen.value_accuracy_best': '23.654'}
[E=20/40, S=35920] {'wandb': 'ReFT_small|gsm8k_python_sdp_galactica_125m_08', 'lr': '1.1371e-05', 'T.loss': '0.011478', 'Eval.Gen.value_accuracy_best': '23.654'}
[E=20/40, S=35930] {'wandb': 'ReFT_small|gsm8k_python_sdp_galactica_125m_08', 'lr': '1.1368e-05', 'T.loss': '0.0049', 'Eval.Gen.value_accuracy_best': '23.654'}
[E=20/40, S=35940] {'wandb': 'ReFT_small|gsm8k_python_sdp_galactica_125m_08', 'lr': '1.1365e-05', 'T.loss': '0.013496', 'Eval.Gen.value_accuracy_best': '23.654'}
[E=20/40, S=35950] {'wandb': 'ReFT_small|gsm8k_python_sdp_galactica_125m_08', 'lr': '1.1362e-05', 'T.loss': '0.0053768', 'Eval.Gen.value_accuracy_best': '23.654'}
[E=20/40, S=35960] {'wandb': 'ReFT_small|gsm8k_python_sdp_galactica_125m_08', 'lr': '1.1359e-05', 'T.loss': '0.0063534', 'Eval.Gen.value_accuracy_best': '23.654'}
[E=20/40, S=35970] {'wandb': 'ReFT_small|gsm8k_python_sdp_galactica_125m_08', 'lr': '1.1356e-05', 'T.loss': '0.0030251', 'Eval.Gen.value_accuracy_best': '23.654'}
[E=20/40, S=35980] {'wandb': 'ReFT_small|gsm8k_python_sdp_galactica_125m_08', 'lr': '1.1353e-05', 'T.loss': '0.0081081', 'Eval.Gen.value_accuracy_best': '23.654'}
[E=20/40, S=35990] {'wandb': 'ReFT_small|gsm8k_python_sdp_galactica_125m_08', 'lr': '1.135e-05', 'T.loss': '0.0099106', 'Eval.Gen.value_accuracy_best': '23.654'}
[E=20/40, S=36000] {'wandb': 'ReFT_small|gsm8k_python_sdp_galactica_125m_08', 'lr': '1.1347e-05', 'T.loss': '0.012539', 'Eval.Gen.value_accuracy_best': '23.654'}
[E=20/40, S=36010] {'wandb': 'ReFT_small|gsm8k_python_sdp_galactica_125m_08', 'lr': '1.1344e-05', 'T.loss': '0.011406', 'Eval.Gen.value_accuracy_best': '23.654'}
[E=20/40, S=36020] {'wandb': 'ReFT_small|gsm8k_python_sdp_galactica_125m_08', 'lr': '1.1341e-05', 'T.loss': '0.0081291', 'Eval.Gen.value_accuracy_best': '23.654'}
[E=20/40, S=36030] {'wandb': 'ReFT_small|gsm8k_python_sdp_galactica_125m_08', 'lr': '1.1338e-05', 'T.loss': '0.0071259', 'Eval.Gen.value_accuracy_best': '23.654'}
[E=20/40, S=36040] {'wandb': 'ReFT_small|gsm8k_python_sdp_galactica_125m_08', 'lr': '1.1335e-05', 'T.loss': '0.0066814', 'Eval.Gen.value_accuracy_best': '23.654'}
[E=20/40, S=36050] {'wandb': 'ReFT_small|gsm8k_python_sdp_galactica_125m_08', 'lr': '1.1332e-05', 'T.loss': '0.017159', 'Eval.Gen.value_accuracy_best': '23.654'}
[E=20/40, S=36060] {'wandb': 'ReFT_small|gsm8k_python_sdp_galactica_125m_08', 'lr': '1.1329e-05', 'T.loss': '0.0046659', 'Eval.Gen.value_accuracy_best': '23.654'}
[E=20/40, S=36070] {'wandb': 'ReFT_small|gsm8k_python_sdp_galactica_125m_08', 'lr': '1.1326e-05', 'T.loss': '0.010045', 'Eval.Gen.value_accuracy_best': '23.654'}
[E=20/40, S=36080] {'wandb': 'ReFT_small|gsm8k_python_sdp_galactica_125m_08', 'lr': '1.1323e-05', 'T.loss': '0.015118', 'Eval.Gen.value_accuracy_best': '23.654'}
[E=20/40, S=36090] {'wandb': 'ReFT_small|gsm8k_python_sdp_galactica_125m_08', 'lr': '1.132e-05', 'T.loss': '0.0071373', 'Eval.Gen.value_accuracy_best': '23.654'}
[E=20/40, S=36100] {'wandb': 'ReFT_small|gsm8k_python_sdp_galactica_125m_08', 'lr': '1.1317e-05', 'T.loss': '0.00494', 'Eval.Gen.value_accuracy_best': '23.654'}
[E=20/40, S=36110] {'wandb': 'ReFT_small|gsm8k_python_sdp_galactica_125m_08', 'lr': '1.1314e-05', 'T.loss': '0.017021', 'Eval.Gen.value_accuracy_best': '23.654'}
[E=20/40, S=36120] {'wandb': 'ReFT_small|gsm8k_python_sdp_galactica_125m_08', 'lr': '1.131e-05', 'T.loss': '0.0090294', 'Eval.Gen.value_accuracy_best': '23.654'}
[E=20/40, S=36130] {'wandb': 'ReFT_small|gsm8k_python_sdp_galactica_125m_08', 'lr': '1.1307e-05', 'T.loss': '0.006506', 'Eval.Gen.value_accuracy_best': '23.654'}
[E=20/40, S=36140] {'wandb': 'ReFT_small|gsm8k_python_sdp_galactica_125m_08', 'lr': '1.1304e-05', 'T.loss': '0.0077829', 'Eval.Gen.value_accuracy_best': '23.654'}
[E=20/40, S=36150] {'wandb': 'ReFT_small|gsm8k_python_sdp_galactica_125m_08', 'lr': '1.1301e-05', 'T.loss': '0.011108', 'Eval.Gen.value_accuracy_best': '23.654'}
[E=20/40, S=36160] {'wandb': 'ReFT_small|gsm8k_python_sdp_galactica_125m_08', 'lr': '1.1298e-05', 'T.loss': '0.010735', 'Eval.Gen.value_accuracy_best': '23.654'}
[E=20/40, S=36170] {'wandb': 'ReFT_small|gsm8k_python_sdp_galactica_125m_08', 'lr': '1.1295e-05', 'T.loss': '0.013041', 'Eval.Gen.value_accuracy_best': '23.654'}
[E=20/40, S=36180] {'wandb': 'ReFT_small|gsm8k_python_sdp_galactica_125m_08', 'lr': '1.1292e-05', 'T.loss': '0.0049505', 'Eval.Gen.value_accuracy_best': '23.654'}
[E=20/40, S=36190] {'wandb': 'ReFT_small|gsm8k_python_sdp_galactica_125m_08', 'lr': '1.1289e-05', 'T.loss': '0.0039105', 'Eval.Gen.value_accuracy_best': '23.654'}
[E=20/40, S=36200] {'wandb': 'ReFT_small|gsm8k_python_sdp_galactica_125m_08', 'lr': '1.1286e-05', 'T.loss': '0.0064545', 'Eval.Gen.value_accuracy_best': '23.654'}
[E=20/40, S=36210] {'wandb': 'ReFT_small|gsm8k_python_sdp_galactica_125m_08', 'lr': '1.1283e-05', 'T.loss': '0.013145', 'Eval.Gen.value_accuracy_best': '23.654'}
[E=20/40, S=36220] {'wandb': 'ReFT_small|gsm8k_python_sdp_galactica_125m_08', 'lr': '1.128e-05', 'T.loss': '0.012825', 'Eval.Gen.value_accuracy_best': '23.654'}
[E=20/40, S=36230] {'wandb': 'ReFT_small|gsm8k_python_sdp_galactica_125m_08', 'lr': '1.1277e-05', 'T.loss': '0.010048', 'Eval.Gen.value_accuracy_best': '23.654'}
[E=20/40, S=36240] {'wandb': 'ReFT_small|gsm8k_python_sdp_galactica_125m_08', 'lr': '1.1274e-05', 'T.loss': '0.010914', 'Eval.Gen.value_accuracy_best': '23.654'}
[E=20/40, S=36250] {'wandb': 'ReFT_small|gsm8k_python_sdp_galactica_125m_08', 'lr': '1.1271e-05', 'T.loss': '0.0087357', 'Eval.Gen.value_accuracy_best': '23.654'}
[E=20/40, S=36260] {'wandb': 'ReFT_small|gsm8k_python_sdp_galactica_125m_08', 'lr': '1.1268e-05', 'T.loss': '0.0041656', 'Eval.Gen.value_accuracy_best': '23.654'}
[E=20/40, S=36270] {'wandb': 'ReFT_small|gsm8k_python_sdp_galactica_125m_08', 'lr': '1.1265e-05', 'T.loss': '0.012346', 'Eval.Gen.value_accuracy_best': '23.654'}
[E=20/40, S=36280] {'wandb': 'ReFT_small|gsm8k_python_sdp_galactica_125m_08', 'lr': '1.1262e-05', 'T.loss': '0.0056639', 'Eval.Gen.value_accuracy_best': '23.654'}
[E=20/40, S=36290] {'wandb': 'ReFT_small|gsm8k_python_sdp_galactica_125m_08', 'lr': '1.1259e-05', 'T.loss': '0.0046253', 'Eval.Gen.value_accuracy_best': '23.654'}
[E=20/40, S=36300] {'wandb': 'ReFT_small|gsm8k_python_sdp_galactica_125m_08', 'lr': '1.1256e-05', 'T.loss': '0.010452', 'Eval.Gen.value_accuracy_best': '23.654'}
[E=20/40, S=36310] {'wandb': 'ReFT_small|gsm8k_python_sdp_galactica_125m_08', 'lr': '1.1253e-05', 'T.loss': '0.0030174', 'Eval.Gen.value_accuracy_best': '23.654'}
[E=20/40, S=36320] {'wandb': 'ReFT_small|gsm8k_python_sdp_galactica_125m_08', 'lr': '1.125e-05', 'T.loss': '0.0087681', 'Eval.Gen.value_accuracy_best': '23.654'}
[E=20/40, S=36330] {'wandb': 'ReFT_small|gsm8k_python_sdp_galactica_125m_08', 'lr': '1.1247e-05', 'T.loss': '0.0079651', 'Eval.Gen.value_accuracy_best': '23.654'}
[E=20/40, S=36340] {'wandb': 'ReFT_small|gsm8k_python_sdp_galactica_125m_08', 'lr': '1.1244e-05', 'T.loss': '0.016407', 'Eval.Gen.value_accuracy_best': '23.654'}
[E=20/40, S=36350] {'wandb': 'ReFT_small|gsm8k_python_sdp_galactica_125m_08', 'lr': '1.1241e-05', 'T.loss': '0.007576', 'Eval.Gen.value_accuracy_best': '23.654'}
[E=20/40, S=36360] {'wandb': 'ReFT_small|gsm8k_python_sdp_galactica_125m_08', 'lr': '1.1238e-05', 'T.loss': '0.0063944', 'Eval.Gen.value_accuracy_best': '23.654'}
[E=20/40, S=36370] {'wandb': 'ReFT_small|gsm8k_python_sdp_galactica_125m_08', 'lr': '1.1235e-05', 'T.loss': '0.011761', 'Eval.Gen.value_accuracy_best': '23.654'}
[E=20/40, S=36380] {'wandb': 'ReFT_small|gsm8k_python_sdp_galactica_125m_08', 'lr': '1.1232e-05', 'T.loss': '0.0036583', 'Eval.Gen.value_accuracy_best': '23.654'}
[E=20/40, S=36390] {'wandb': 'ReFT_small|gsm8k_python_sdp_galactica_125m_08', 'lr': '1.1229e-05', 'T.loss': '0.0069904', 'Eval.Gen.value_accuracy_best': '23.654'}
[E=20/40, S=36400] {'wandb': 'ReFT_small|gsm8k_python_sdp_galactica_125m_08', 'lr': '1.1226e-05', 'T.loss': '0.011259', 'Eval.Gen.value_accuracy_best': '23.654'}
[E=20/40, S=36410] {'wandb': 'ReFT_small|gsm8k_python_sdp_galactica_125m_08', 'lr': '1.1223e-05', 'T.loss': '0.0082054', 'Eval.Gen.value_accuracy_best': '23.654'}
[E=20/40, S=36420] {'wandb': 'ReFT_small|gsm8k_python_sdp_galactica_125m_08', 'lr': '1.122e-05', 'T.loss': '0.010666', 'Eval.Gen.value_accuracy_best': '23.654'}
[E=20/40, S=36430] {'wandb': 'ReFT_small|gsm8k_python_sdp_galactica_125m_08', 'lr': '1.1217e-05', 'T.loss': '0.0083857', 'Eval.Gen.value_accuracy_best': '23.654'}
[E=20/40, S=36440] {'wandb': 'ReFT_small|gsm8k_python_sdp_galactica_125m_08', 'lr': '1.1214e-05', 'T.loss': '0.013504', 'Eval.Gen.value_accuracy_best': '23.654'}
[E=20/40, S=36450] {'wandb': 'ReFT_small|gsm8k_python_sdp_galactica_125m_08', 'lr': '1.1211e-05', 'T.loss': '0.010193', 'Eval.Gen.value_accuracy_best': '23.654'}
[E=20/40, S=36460] {'wandb': 'ReFT_small|gsm8k_python_sdp_galactica_125m_08', 'lr': '1.1208e-05', 'T.loss': '0.0059242', 'Eval.Gen.value_accuracy_best': '23.654'}
[E=20/40, S=36470] {'wandb': 'ReFT_small|gsm8k_python_sdp_galactica_125m_08', 'lr': '1.1205e-05', 'T.loss': '0.0066576', 'Eval.Gen.value_accuracy_best': '23.654'}
[E=20/40, S=36480] {'wandb': 'ReFT_small|gsm8k_python_sdp_galactica_125m_08', 'lr': '1.1202e-05', 'T.loss': '0.011116', 'Eval.Gen.value_accuracy_best': '23.654'}
[E=20/40, S=36490] {'wandb': 'ReFT_small|gsm8k_python_sdp_galactica_125m_08', 'lr': '1.1199e-05', 'T.loss': '0.018688', 'Eval.Gen.value_accuracy_best': '23.654'}
[E=20/40, S=36500] {'wandb': 'ReFT_small|gsm8k_python_sdp_galactica_125m_08', 'lr': '1.1196e-05', 'T.loss': '0.012028', 'Eval.Gen.value_accuracy_best': '23.654'}
[E=20/40, S=36510] {'wandb': 'ReFT_small|gsm8k_python_sdp_galactica_125m_08', 'lr': '1.1193e-05', 'T.loss': '0.0095634', 'Eval.Gen.value_accuracy_best': '23.654'}
[E=20/40, S=36520] {'wandb': 'ReFT_small|gsm8k_python_sdp_galactica_125m_08', 'lr': '1.119e-05', 'T.loss': '0.0053644', 'Eval.Gen.value_accuracy_best': '23.654'}
[E=20/40, S=36530] {'wandb': 'ReFT_small|gsm8k_python_sdp_galactica_125m_08', 'lr': '1.1187e-05', 'T.loss': '0.0035448', 'Eval.Gen.value_accuracy_best': '23.654'}
[E=20/40, S=36540] {'wandb': 'ReFT_small|gsm8k_python_sdp_galactica_125m_08', 'lr': '1.1184e-05', 'T.loss': '0.011463', 'Eval.Gen.value_accuracy_best': '23.654'}
[E=20/40, S=36550] {'wandb': 'ReFT_small|gsm8k_python_sdp_galactica_125m_08', 'lr': '1.1181e-05', 'T.loss': '0.0043383', 'Eval.Gen.value_accuracy_best': '23.654'}
[E=20/40, S=36560] {'wandb': 'ReFT_small|gsm8k_python_sdp_galactica_125m_08', 'lr': '1.1178e-05', 'T.loss': '0.0062981', 'Eval.Gen.value_accuracy_best': '23.654'}
[E=20/40, S=36570] {'wandb': 'ReFT_small|gsm8k_python_sdp_galactica_125m_08', 'lr': '1.1175e-05', 'T.loss': '0.0053425', 'Eval.Gen.value_accuracy_best': '23.654'}
[E=20/40, S=36580] {'wandb': 'ReFT_small|gsm8k_python_sdp_galactica_125m_08', 'lr': '1.1172e-05', 'T.loss': '0.0077019', 'Eval.Gen.value_accuracy_best': '23.654'}
[E=20/40, S=36590] {'wandb': 'ReFT_small|gsm8k_python_sdp_galactica_125m_08', 'lr': '1.1169e-05', 'T.loss': '0.016483', 'Eval.Gen.value_accuracy_best': '23.654'}
[E=20/40, S=36600] {'wandb': 'ReFT_small|gsm8k_python_sdp_galactica_125m_08', 'lr': '1.1165e-05', 'T.loss': '0.014137', 'Eval.Gen.value_accuracy_best': '23.654'}
[E=20/40, S=36610] {'wandb': 'ReFT_small|gsm8k_python_sdp_galactica_125m_08', 'lr': '1.1162e-05', 'T.loss': '0.0036116', 'Eval.Gen.value_accuracy_best': '23.654'}
[E=20/40, S=36620] {'wandb': 'ReFT_small|gsm8k_python_sdp_galactica_125m_08', 'lr': '1.1159e-05', 'T.loss': '0.0097733', 'Eval.Gen.value_accuracy_best': '23.654'}
[E=20/40, S=36630] {'wandb': 'ReFT_small|gsm8k_python_sdp_galactica_125m_08', 'lr': '1.1156e-05', 'T.loss': '0.017742', 'Eval.Gen.value_accuracy_best': '23.654'}
[E=20/40, S=36640] {'wandb': 'ReFT_small|gsm8k_python_sdp_galactica_125m_08', 'lr': '1.1153e-05', 'T.loss': '0.0028', 'Eval.Gen.value_accuracy_best': '23.654'}
[E=20/40, S=36650] {'wandb': 'ReFT_small|gsm8k_python_sdp_galactica_125m_08', 'lr': '1.115e-05', 'T.loss': '0.020786', 'Eval.Gen.value_accuracy_best': '23.654'}
[E=20/40, S=36660] {'wandb': 'ReFT_small|gsm8k_python_sdp_galactica_125m_08', 'lr': '1.1147e-05', 'T.loss': '0.010378', 'Eval.Gen.value_accuracy_best': '23.654'}
[E=20/40, S=36670] {'wandb': 'ReFT_small|gsm8k_python_sdp_galactica_125m_08', 'lr': '1.1144e-05', 'T.loss': '0.007102', 'Eval.Gen.value_accuracy_best': '23.654'}
[2025-06-05 21:28:31,563] [INFO] [loss_scaler.py:183:update_scale] [deepspeed] OVERFLOW! Rank 0 Skipping step. Attempted loss scale: 65536, reducing to 32768
[E=20/40, S=36680] {'wandb': 'ReFT_small|gsm8k_python_sdp_galactica_125m_08', 'lr': '1.1141e-05', 'T.loss': '0.00776', 'Eval.Gen.value_accuracy_best': '23.654'}
[E=20/40, S=36690] {'wandb': 'ReFT_small|gsm8k_python_sdp_galactica_125m_08', 'lr': '1.1138e-05', 'T.loss': '0.0053368', 'Eval.Gen.value_accuracy_best': '23.654'}
[E=20/40, S=36700] {'wandb': 'ReFT_small|gsm8k_python_sdp_galactica_125m_08', 'lr': '1.1135e-05', 'T.loss': '0.010824', 'Eval.Gen.value_accuracy_best': '23.654'}
[E=20/40, S=36710] {'wandb': 'ReFT_small|gsm8k_python_sdp_galactica_125m_08', 'lr': '1.1132e-05', 'T.loss': '0.014812', 'Eval.Gen.value_accuracy_best': '23.654'}
[E=20/40, S=36720] {'wandb': 'ReFT_small|gsm8k_python_sdp_galactica_125m_08', 'lr': '1.1129e-05', 'T.loss': '0.0097237', 'Eval.Gen.value_accuracy_best': '23.654'}
[E=20/40, S=36730] {'wandb': 'ReFT_small|gsm8k_python_sdp_galactica_125m_08', 'lr': '1.1126e-05', 'T.loss': '0.0090017', 'Eval.Gen.value_accuracy_best': '23.654'}
[E=20/40, S=36740] {'wandb': 'ReFT_small|gsm8k_python_sdp_galactica_125m_08', 'lr': '1.1123e-05', 'T.loss': '0.013363', 'Eval.Gen.value_accuracy_best': '23.654'}
[E=20/40, S=36750] {'wandb': 'ReFT_small|gsm8k_python_sdp_galactica_125m_08', 'lr': '1.112e-05', 'T.loss': '0.0034924', 'Eval.Gen.value_accuracy_best': '23.654'}
[E=20/40, S=36760] {'wandb': 'ReFT_small|gsm8k_python_sdp_galactica_125m_08', 'lr': '1.1117e-05', 'T.loss': '0.014053', 'Eval.Gen.value_accuracy_best': '23.654'}
[E=20/40, S=36770] {'wandb': 'ReFT_small|gsm8k_python_sdp_galactica_125m_08', 'lr': '1.1114e-05', 'T.loss': '0.012966', 'Eval.Gen.value_accuracy_best': '23.654'}
[E=20/40, S=36780] {'wandb': 'ReFT_small|gsm8k_python_sdp_galactica_125m_08', 'lr': '1.1111e-05', 'T.loss': '0.015137', 'Eval.Gen.value_accuracy_best': '23.654'}
local variable 'num_years' referenced before assignment
name 'miles_per_week_total' is not defined
name 'interest_total' is not defined
local variable 'pots_marigolds_total' referenced before assignment
invalid syntax (<string>, line 6)
local variable 'friend_4' referenced before assignment
name 'marcell_total' is not defined
invalid syntax (<string>, line 7)
invalid syntax (<string>, line 11)
name 'letters_needed_after' is not defined
local variable 'brian_games_total' referenced before assignment
name 'hours_today' is not defined
invalid syntax (<string>, line 7)
name 'lego_boxy_piece_ratio' is not defined
local variable 'money_given_total' referenced before assignment
name 'monday_hours' is not defined
name 'doll_cost' is not defined
local variable 'total_earnings' referenced before assignment
name 'beet' is not defined
name 'votes_total' is not defined
name 'friday_morning' is not defined
name 'companya_cost' is not defined
name 'slices_per_day' is not defined
local variable 'pens_to_save' referenced before assignment
name 'sister_calories' is not defined
name 'brokerage_fee' is not defined
local variable 'time_per_oil_to_400' referenced before assignment
list index out of range
local variable 'mamba_spots' referenced before assignment
invalid syntax (<string>, line 10)
name 'busy_suits' is not defined
name 'cream_added_strength' is not defined
can only concatenate list (not "int") to list
name 'job_a_early_pay' is not defined
name 'sucker_sugar_per_batch' is not defined
name 'share_initial' is not defined
invalid syntax (<string>, line 5)
name 'silos_per_day_initial' is not defined
name 'pin_frames' is not defined
name 'puppies_initial' is not defined
name 'revenue_per_cup' is not defined
invalid syntax (<string>, line 7)
local variable 'total_dogs' referenced before assignment
local variable 'bank_2_after' referenced before assignment
name 'total_cost_initial' is not defined
name 'soup_boxes' is not defined
name 'elizabeth_beads' is not defined
name 'bike_time_percent' is not defined
name 'sneakers_total' is not defined
invalid syntax (<string>, line 8)
name 'boxes' is not defined
name 'pillow_cases_per_room' is not defined
invalid syntax (<string>, line 6)
name 'normal_price' is not defined
invalid syntax (<string>, line 7)
name 'calories_burned_goal' is not defined
invalid syntax (<string>, line 8)
name 'punches_per_hour' is not defined
name 'num_scarf' is not defined
name 'granola_cookies_fraction' is not defined
local variable 'weekly_consumption_new' referenced before assignment
invalid syntax (<string>, line 6)
name 'jill_jill' is not defined
local variable 'green_jelly_beans' referenced before assignment
0
name 'lemonade_sold_2_hours' is not defined
name 'pump_cost' is not defined
name 'sales_tax' is not defined
name 'butter_per_croissant' is not defined
name 'corals_bags' is not defined
name 'bob_1000' is not defined
local variable 'result' referenced before assignment
name 'cars_price' is not defined
local variable 'time_final' referenced before assignment
local variable 'dress_pants_cost' referenced before assignment
local variable 'discount_price' referenced before assignment
name 'coffee_pound' is not defined
name 'aurelia_money' is not defined
name 'fraction_initial' is not defined
name 'points_points' is not defined
local variable 'num_grandchildren_per_grandchild' referenced before assignment
invalid syntax (<string>, line 11)
name 'people_received_job_fives' is not defined
invalid syntax (<string>, line 8)
name 'mother_age' is not defined
name 'water_used' is not defined
name 'students_needed' is not defined
local variable 'votes_favor' referenced before assignment
local variable 'discounted_price' referenced before assignment
name 'earnings_available' is not defined
invalid syntax (<string>, line 6)
name 'num_pizzas' is not defined
local variable 'total_fuel_used' referenced before assignment
invalid syntax (<string>, line 6)
local variable 'people_on_2' referenced before assignment
unindent does not match any outer indentation level (<string>, line 5)
invalid syntax (<string>, line 11)
name 'kid' is not defined
name 'months_per_week' is not defined
name 'mirror' is not defined
name 'turtle' is not defined
name 'years_per_month' is not defined
local variable 'fawn_books' referenced before assignment
name 'True_question_score' is not defined
name 'sarah_books_initial' is not defined
name 'slices_per_day' is not defined
name 'widgets_master_widgeters_per_month' is not defined
local variable 'pay_for_hours' referenced before assignment
local variable 'commission_ny_per_copy_total' referenced before assignment
invalid syntax (<string>, line 5)
name 'oranges_sold' is not defined
invalid syntax (<string>, line 5)
name 'emil_age_after' is not defined
name 'flowering_bed_area' is not defined
invalid syntax (<string>, line 6)
unindent does not match any outer indentation level (<string>, line 6)
name 'slice_per_adult' is not defined
local variable 'female_porcupines' referenced before assignment
invalid syntax (<string>, line 10)
name 'days_with_iron_pickaxe' is not defined
name 'blue_balloons_released' is not defined
name 'tickets_total' is not defined
name 'pasta_salad_cost' is not defined
invalid syntax (<string>, line 6)
name 'becky_slices' is not defined
name 'test_3' is not defined
invalid syntax (<string>, line 9)
name 'sam_sam_feet' is not defined
name 'classes' is not defined
local variable 'sodas_left_after_eating' referenced before assignment
name 'towels_returned_after_tax' is not defined
name 'money_spent_per_book' is not defined
name 'male_fishes' is not defined
unindent does not match any outer indentation level (<string>, line 6)
name 'bottle1_drink_temp' is not defined
name 'total_bagels' is not defined
local variable 'total_sunflowers_after_3_days' referenced before assignment
name 'total_cost' is not defined
name 'juices_needed' is not defined
local variable 'tax_reported_friday' referenced before assignment
local variable 'distance_3' referenced before assignment
local variable 'bandages_ordered_day2' referenced before assignment
invalid syntax (<string>, line 5)
invalid syntax (<string>, line 5)
invalid syntax (<string>, line 8)
invalid syntax (<string>, line 6)
name 'new_percentage' is not defined
invalid syntax (<string>, line 7)
invalid syntax. Perhaps you forgot a comma? (<string>, line 8)
cannot assign to expression here. Maybe you meant '==' instead of '='? (<string>, line 7)
name 'hours' is not defined
name 'price_per_dozen' is not defined
name 'sticks_per_bag_discounted' is not defined
local variable 'num_weekly_spending' referenced before assignment
local variable 'speed_after_total' referenced before assignment
local variable 'popcorn_final_30_seconds' referenced before assignment
name 'cups_per_gallon' is not defined
local variable 'total_value' referenced before assignment
name 'brother_age_total' is not defined
invalid syntax (<string>, line 5)
local variable 'shoes_price_discounted_total' referenced before assignment
invalid syntax (<string>, line 7)
float division by zero
unindent does not match any outer indentation level (<string>, line 5)
invalid syntax (<string>, line 6)
name 'mechanic_installment_discount' is not defined
[Eval Info] value_accuracy: 21.456%
[E=20/40, S=36780] {'wandb': 'ReFT_small|gsm8k_python_sdp_galactica_125m_08', 'lr': '1.1111e-05', 'T.loss': '0.018951', 'Eval.Gen.value_accuracy': '21.456', 'Eval.Gen.value_accuracy_best': '23.654'}
[1;34mwandb[0m: 
[1;34mwandb[0m: 🚀 View run [33mgsm8k_python_sdp_galactica_125m_08xaji0y6d[0m at: [34mhttps://wandb.ai/pruning-rl/ReFT_small/runs/tl8hhtb2[0m
[1;34mwandb[0m: Find logs at: [1;35m../../../../../../../hpc/share/jainab/AI539/prject/mwp_ReFT/wandb/run-20250605_181920-tl8hhtb2/logs[0m
